I985915,1181,8.23755624E7,2025-09-16
I985916,266,1.158463064E7,2025-10-31
I985917,755,1.61568597E7,2025-10-28
I985918,987,6.547810452E7,2025-09-11
I985919,872,4.966701957E7,2025-10-16
I985920,473,1.377493387E7,2025-10-24
I985921,1832,2.654066415E8,2025-09-09
I985922,889,7.819430601E7,2025-09-28
I985923,1687,1.464402385E8,2025-10-11
I985924,446,1353726.65,2025-09-11
I985925,1102,8.956827694E7,2025-09-08
I985926,1296,1.3981652151E8,2025-09-12
I985927,790,7.997770433E7,2025-10-20
I985928,404,5.64971486E7,2025-10-20
I985929,178,1.414542716E7,2025-09-16
I985930,1106,1.4233829847E8,2025-10-08
I985931,1513,2.2240020046E8,2025-09-18
I985932,1266,985920.87,2025-10-20
I985933,1514,1.8865231601E8,2025-09-05
I985934,61,716007.78,2025-09-12
I985935,1557,1.135300882E8,2025-10-27
I985936,1947,2.0111555607E8,2025-10-15
I985937,1297,1.0255859079E8,2025-09-09
I985938,199,2.149354845E7,2025-10-18
I985939,1354,1.2131163571E8,2025-10-22
I985940,1889,1.5323922332E8,2025-09-25
I985941,660,1.398018195E7,2025-10-20
I985942,1833,8.108833829E7,2025-10-19
I985943,763,8097249.29,2025-10-30
I985944,1800,1.5462237834E8,2025-09-01
I985945,650,3.697526109E7,2025-09-14
I985946,1808,2.2426718709E8,2025-09-30
I985947,721,1.027397822E8,2025-10-03
I985948,736,3.968911497E7,2025-10-04
I985949,1152,9.874113446E7,2025-09-24
I985950,942,1.824991688E7,2025-10-31
I985951,1676,3.779351944E7,2025-10-18
I985952,524,2886110.9,2025-09-05
I985953,805,3.216255179E7,2025-09-23
I985954,934,7.962712911E7,2025-10-05
I985955,1285,1.5588064954E8,2025-10-24
I985956,323,3.601052227E7,2025-09-19
I985957,546,7.981759542E7,2025-09-16
I985958,509,4.080841806E7,2025-09-22
I985959,842,6.831459203E7,2025-09-03
I985960,415,1.679537206E7,2025-09-16
I985961,377,3.848748873E7,2025-10-05
I985962,1231,5.045013035E7,2025-10-15
I985963,1523,1.6048453711E8,2025-10-16
I985964,1586,1.0851783384E8,2025-10-12
I985965,1284,1.8104654006E8,2025-09-24
I985966,1232,3.261777857E7,2025-10-08
I985967,514,2.107573632E7,2025-10-05
I985968,1751,1.9604306258E8,2025-09-09
I985969,1210,1.1188266661E8,2025-09-28
I985970,635,3593368.6,2025-10-12
I985971,1084,1.5662460776E8,2025-10-30
I985972,831,7.53934709E7,2025-09-27
I985973,1686,2.3457217636E8,2025-10-28
I985974,233,9680535.92,2025-10-13
I985975,844,1.456316368E7,2025-10-18
I985976,58,361036.57,2025-09-25
I985977,345,5712862.38,2025-09-09
I985978,1601,2.0487875776E8,2025-10-07
I985979,1503,1.7902406916E8,2025-09-24
I985980,1239,1.481376816E8,2025-10-03
I985981,179,1.072803116E7,2025-09-17
I985982,672,1.31413905E7,2025-10-24
I985983,1031,9.63978418E7,2025-10-17
I985984,1758,2.249717215E7,2025-10-26
I985985,285,880371.16,2025-10-16
I985986,1088,1.312255341E7,2025-10-23
I985987,1104,1.479572355E7,2025-10-07
I985988,348,2.182303279E7,2025-10-27
I985989,740,4.140449101E7,2025-10-04
I985990,692,2.920341421E7,2025-09-05
I985991,1394,2.247122344E7,2025-10-20
I985992,1510,9.290619528E7,2025-10-16
I985993,197,1879500.01,2025-09-04
I985994,610,5.681883325E7,2025-10-11
I985995,1707,1.6819031704E8,2025-09-25
I985996,265,2.811442811E7,2025-09-30
I985997,94,4166550.12,2025-10-11
I985998,462,6.080914786E7,2025-09-08
I985999,627,6.436648432E7,2025-09-09
I986000,943,3.097020758E7,2025-09-15
I986001,1083,5.397133023E7,2025-10-28
I986002,1333,7.420547677E7,2025-10-17
I986003,990,1.0000572175E8,2025-09-29
I986004,1903,5.22042602E7,2025-09-02
I986005,1112,8.127628434E7,2025-10-19
I986006,1925,2.4639016041E8,2025-09-19
I986007,616,1.913105643E7,2025-10-26
I986008,1358,3.345754032E7,2025-10-05
I986009,391,5.057084877E7,2025-10-09
I986010,152,1.80807849E7,2025-09-26
I986011,218,2.513163424E7,2025-10-26
I986012,1038,3.862160609E7,2025-09-17
I986013,255,1.864298369E7,2025-09-14
I986014,780,4.782454286E7,2025-09-10
I986015,1400,1.9779480762E8,2025-09-19
I986016,1994,1.0327960067E8,2025-10-17
I986017,1639,2.1429091582E8,2025-09-15
I986018,1820,5.227803323E7,2025-10-11
I986019,1810,1.8540952605E8,2025-10-06
I986020,1901,1.608957066E8,2025-09-25
I986021,121,1.393329472E7,2025-09-28
I986022,1497,2.493777057E7,2025-09-08
I986023,1873,6.380348591E7,2025-09-25
I986024,172,2.458958271E7,2025-10-13
I986025,1651,8.379647349E7,2025-10-11
I986026,128,1.873262472E7,2025-10-26
I986027,799,6.158105478E7,2025-09-05
I986028,1453,1.1540176251E8,2025-09-14
I986029,418,1.006974498E7,2025-09-27
I986030,207,1.172236786E7,2025-09-28
I986031,1287,7.143466233E7,2025-10-22
I986032,1886,2.045295956E8,2025-10-23
I986033,1821,2.4718386154E8,2025-09-05
I986034,1803,8.532032875E7,2025-09-09
I986035,1066,1.1821921574E8,2025-09-21
I986036,103,9765792.56,2025-09-05
I986037,767,1.348401882E7,2025-10-23
I986038,67,5367152.48,2025-10-03
I986039,1537,2.1209106091E8,2025-10-10
I986040,918,6014818.1,2025-10-10
I986041,387,3396329.34,2025-09-26
I986042,892,3.389995666E7,2025-10-06
I986043,1117,5.400608071E7,2025-10-11
I986044,492,1662221.15,2025-09-18
I986045,162,7504939.77,2025-09-22
I986046,111,6369275.15,2025-09-12
I986047,1448,1.0284288674E8,2025-10-13
I986048,160,9013772.45,2025-09-19
I986049,419,3.397488351E7,2025-10-29
I986050,643,1.577337839E7,2025-10-07
I986051,952,3.882861558E7,2025-10-05
I986052,1407,8.929491193E7,2025-10-21
I986053,1020,1.2155390632E8,2025-10-09
I986054,359,1.729135312E7,2025-09-04
I986055,1367,1.29846645E8,2025-10-18
I986056,1624,1.8497039671E8,2025-10-06
I986057,452,4.102188476E7,2025-10-22
I986058,1214,1.5739847543E8,2025-10-13
I986059,168,1.646720856E7,2025-09-20
I986060,688,4.201910336E7,2025-09-16
I986061,763,2.537581539E7,2025-09-04
I986062,916,1.835539966E7,2025-09-16
I986063,691,8.657654833E7,2025-10-12
I986064,1564,1.893427783E7,2025-10-25
I986065,1468,3.20963843E7,2025-09-08
I986066,1886,1.837567402E8,2025-10-24
I986067,1495,1.4164032295E8,2025-09-26
I986068,1518,1.9323247753E8,2025-10-29
I986069,805,4.222495772E7,2025-10-26
I986070,1704,2.3009932112E8,2025-09-03
I986071,773,5834924.82,2025-10-01
I986072,169,4662868.31,2025-09-26
I986073,1014,1.1697951183E8,2025-10-04
I986074,965,1.3365387796E8,2025-09-15
I986075,1901,1.3354074396E8,2025-10-01
I986076,1956,1.9487029898E8,2025-09-12
I986077,1464,1.5951489227E8,2025-10-17
I986078,1603,1.0468164381E8,2025-09-29
I986079,103,8746357.85,2025-10-18
I986080,681,7.991872902E7,2025-10-14
I986081,981,1.308745914E7,2025-09-18
I986082,1025,5.892728304E7,2025-09-05
I986083,1506,4.036750735E7,2025-09-25
I986084,1147,5.072191688E7,2025-10-26
I986085,203,2.94626806E7,2025-09-27
I986086,499,7.308277663E7,2025-09-02
I986087,1423,8.085293512E7,2025-10-18
I986088,1486,9.315056282E7,2025-09-08
I986089,357,5.109365081E7,2025-09-27
I986090,949,1.4157169703E8,2025-09-06
I986091,1219,9.483524508E7,2025-09-09
I986092,1938,1.8994576042E8,2025-10-04
I986093,1717,8.398628663E7,2025-09-16
I986094,1448,1.9188824116E8,2025-09-16
I986095,1978,1.9143901732E8,2025-10-29
I986096,710,6.164476624E7,2025-09-21
I986097,1087,1.3065568237E8,2025-10-08
I986098,1614,9.545697566E7,2025-09-29
I986099,1735,1.8363994178E8,2025-09-14
I986100,1946,2.0670194544E8,2025-09-17
I986101,513,6.806154745E7,2025-09-02
I986102,1576,3.234173717E7,2025-10-24
I986103,685,4.63908448E7,2025-10-31
I986104,1987,2.7134833299E8,2025-09-23
I986105,1675,1.771399295E8,2025-10-06
I986106,1744,1.7584346243E8,2025-10-23
I986107,665,6.567408521E7,2025-10-19
I986108,1208,1.4427653902E8,2025-09-02
I986109,1251,1.2423548923E8,2025-10-16
I986110,766,6607881.43,2025-10-09
I986111,852,1.205909462E7,2025-10-17
I986112,1601,1.844533631E8,2025-10-07
I986113,1072,3.054907255E7,2025-10-14
I986114,1403,1173078.75,2025-09-01
I986115,1579,2.0475913783E8,2025-09-12
I986116,1355,1.7554207712E8,2025-09-13
I986117,265,3.439554532E7,2025-10-04
I986118,1152,1.5058816262E8,2025-10-28
I986119,1159,1.3601878899E8,2025-09-09
I986120,1349,1.0715910099E8,2025-10-29
I986121,1796,1.3906549385E8,2025-09-12
I986122,1940,8.604039721E7,2025-09-17
I986123,1934,2.7230835009E8,2025-10-27
I986124,1756,7.269932529E7,2025-10-03
I986125,1748,3.514717979E7,2025-10-11
I986126,1319,9.469508672E7,2025-09-05
I986127,1024,6.139417825E7,2025-10-13
I986128,513,2.999829993E7,2025-09-01
I986129,110,6390726.62,2025-09-11
I986130,1979,1.0665876185E8,2025-10-19
I986131,1438,3.176459603E7,2025-10-22
I986132,452,5.754146395E7,2025-09-01
I986133,835,6.079532163E7,2025-10-05
I986134,652,8.195351068E7,2025-09-20
I986135,843,1294415.98,2025-09-13
I986136,204,3539917.09,2025-10-05
I986137,1485,5.683352121E7,2025-10-18
I986138,776,6.760683125E7,2025-09-04
I986139,1853,1.4414810232E8,2025-09-15
I986140,167,1.700547354E7,2025-09-25
I986141,1637,4.133628025E7,2025-10-18
I986142,678,7859315.44,2025-10-06
I986143,1459,1.3449092788E8,2025-09-19
I986144,1149,6.662546217E7,2025-09-01
I986145,1326,4.337220213E7,2025-09-09
I986146,1608,2.0618367349E8,2025-10-31
I986147,204,2.153860849E7,2025-10-07
I986148,662,3.832356304E7,2025-09-10
I986149,1934,2.8441996215E8,2025-09-17
I986150,112,1.273780663E7,2025-10-27
I986151,362,2.431171277E7,2025-09-16
I986152,357,5.191371489E7,2025-09-20
I986153,1166,1.2286944017E8,2025-09-04
I986154,1910,1.035425988E8,2025-10-10
I986155,1451,2.245442585E7,2025-10-15
I986156,415,5.694690382E7,2025-09-21
I986157,501,5.479445942E7,2025-09-28
I986158,1893,1.825710164E8,2025-10-28
I986159,431,1.777124556E7,2025-10-11
I986160,342,4.744655295E7,2025-09-28
I986161,354,4.051900664E7,2025-10-08
I986162,1264,1.2700016847E8,2025-09-12
I986163,933,1.2791990013E8,2025-09-10
I986164,899,1.279485407E7,2025-10-20
I986165,417,1.016981802E7,2025-10-22
I986166,51,6380927.36,2025-09-17
I986167,497,2.211621094E7,2025-10-27
I986168,1322,1.7020437367E8,2025-10-14
I986169,1229,2.419232073E7,2025-10-18
I986170,615,4.1882349E7,2025-09-20
I986171,1047,1.3213186171E8,2025-10-05
I986172,1387,2.0367195127E8,2025-10-15
I986173,654,8.801726782E7,2025-09-08
I986174,236,2.506291449E7,2025-10-24
I986175,1117,8.921742992E7,2025-10-05
I986176,1996,1.169932868E7,2025-09-21
I986177,1156,8.495357187E7,2025-10-02
I986178,924,1.1702175048E8,2025-09-08
I986179,1274,1.2173237917E8,2025-09-27
I986180,989,9.316989672E7,2025-10-23
I986181,124,1.604900193E7,2025-10-05
I986182,1886,1.5236708594E8,2025-10-17
I986183,797,2.460241578E7,2025-10-11
I986184,812,5.674632247E7,2025-09-03
I986185,1986,2.7583560702E8,2025-10-06
I986186,1811,1.5239511815E8,2025-09-18
I986187,1462,8.671995304E7,2025-09-07
I986188,777,5.233912094E7,2025-10-25
I986189,54,6122771.09,2025-09-14
I986190,1210,6.215770279E7,2025-09-02
I986191,438,3.517534619E7,2025-09-02
I986192,416,3.623489715E7,2025-10-22
I986193,1313,3.206927169E7,2025-09-15
I986194,1733,2.1859768089E8,2025-09-07
I986195,75,4744064.86,2025-09-20
I986196,1068,8.641502295E7,2025-10-12
I986197,1746,2.3214286302E8,2025-09-07
I986198,1530,9.486433057E7,2025-09-28
I986199,1446,1.3028422347E8,2025-10-12
I986200,1675,8.691880811E7,2025-10-16
I986201,1310,1.7721282411E8,2025-10-15
I986202,512,3.128444951E7,2025-10-10
I986203,1942,2.7503071956E8,2025-10-14
I986204,1715,1.3692834814E8,2025-09-17
I986205,62,5308463.96,2025-10-03
I986206,212,1.524567806E7,2025-10-04
I986207,1252,6.400880068E7,2025-09-24
I986208,1186,1.325913943E7,2025-10-24
I986209,1362,7.336841758E7,2025-10-10
I986210,1938,2.0194550047E8,2025-09-22
I986211,707,3.39715623E7,2025-10-22
I986212,1110,1.4918832526E8,2025-10-26
I986213,1629,8.054388031E7,2025-10-11
I986214,1799,1.1780035399E8,2025-09-24
I986215,645,8.885906624E7,2025-10-20
I986216,1886,1.5665501636E8,2025-10-21
I986217,482,3.221580637E7,2025-10-19
I986218,979,7.341343198E7,2025-09-12
I986219,1113,1.3047602218E8,2025-09-30
I986220,680,6.079844187E7,2025-09-10
I986221,664,6.169255725E7,2025-09-16
I986222,1946,1.8450471867E8,2025-10-20
I986223,1342,1.1551715164E8,2025-09-18
I986224,1642,7.714538928E7,2025-09-23
I986225,1162,1.7243545665E8,2025-09-18
I986226,770,2.541800106E7,2025-10-18
I986227,1059,1.588588223E7,2025-10-25
I986228,1172,1.6797654986E8,2025-09-13
I986229,1326,1.9251721382E8,2025-10-25
I986230,1308,1.6057714052E8,2025-09-08
I986231,809,1.0084292739E8,2025-10-11
I986232,1222,1.0683363201E8,2025-10-15
I986233,1950,2.7430918311E8,2025-10-18
I986234,980,9.70997752E7,2025-09-19
I986235,1164,1.2321882312E8,2025-09-02
I986236,1601,2.3623331339E8,2025-10-30
I986237,1534,1.9192088642E8,2025-09-24
I986238,1909,7.540339295E7,2025-10-30
I986239,1948,1.0781650352E8,2025-09-04
I986240,1961,2.9226654111E8,2025-09-16
I986241,1973,1.5009578544E8,2025-10-23
I986242,1064,3.538353189E7,2025-09-24
I986243,651,6.774050143E7,2025-09-09
I986244,69,4616029.35,2025-09-21
I986245,1375,1.51845583E7,2025-10-16
I986246,361,5.161613312E7,2025-09-29
I986247,1679,7.76012068E7,2025-10-15
I986248,823,1.0322865293E8,2025-10-12
I986249,1563,3.929117782E7,2025-09-03
I986250,185,8713221.42,2025-10-12
I986251,1349,1.0181058652E8,2025-09-28
I986252,1426,1.9850873583E8,2025-10-13
I986253,1984,7.673329082E7,2025-09-12
I986254,278,1.424505171E7,2025-10-31
I986255,1402,4.636733797E7,2025-09-19
I986256,1954,1.0970279842E8,2025-09-24
I986257,1741,1.4316410752E8,2025-10-31
I986258,563,8.196033852E7,2025-10-03
I986259,1427,7334689.31,2025-10-13
I986260,1706,1.2421267882E8,2025-10-03
I986261,762,1.0831497596E8,2025-10-21
I986262,1270,9.875910881E7,2025-10-04
I986263,1967,2.277841582E8,2025-09-22
I986264,1939,2.8414806242E8,2025-10-17
I986265,1410,5.290078508E7,2025-10-05
I986266,1897,1.548759929E8,2025-10-23
I986267,210,2.374269791E7,2025-10-24
I986268,1145,1.971520582E7,2025-10-22
I986269,1992,1.2999122887E8,2025-09-24
I986270,1443,2.071160573E8,2025-10-17
I986271,938,1.3212672345E8,2025-10-01
I986272,756,9.265171411E7,2025-09-25
I986273,1598,1.64810536E7,2025-09-14
I986274,1661,9.796287114E7,2025-09-05
I986275,180,1.365851149E7,2025-10-16
I986276,1640,4.700854313E7,2025-09-26
I986277,1929,2.1029689728E8,2025-09-06
I986278,924,1.881065785E7,2025-09-22
I986279,851,8.067940278E7,2025-09-04
I986280,1996,2.1994010625E8,2025-09-14
I986281,1026,3.516707402E7,2025-09-09
I986282,511,4.619516786E7,2025-09-27
I986283,827,7.077465053E7,2025-09-21
I986284,1222,9.184198477E7,2025-10-03
I986285,864,7.932513961E7,2025-10-30
I986286,739,3.392870525E7,2025-10-07
I986287,1674,2.3550596629E8,2025-09-16
I986288,508,2.014331519E7,2025-09-22
I986289,1523,8.135294504E7,2025-09-15
I986290,477,2.394943235E7,2025-09-19
I986291,1162,1.1448341344E8,2025-09-18
I986292,896,1.1171354872E8,2025-10-03
I986293,927,1.056326509E7,2025-10-10
I986294,751,8.08782393E7,2025-10-26
I986295,64,1900749.08,2025-09-22
I986296,574,7.012177265E7,2025-09-19
I986297,1611,2.2117660385E8,2025-09-12
I986298,667,8.49834615E7,2025-10-19
I986299,1116,1.4850434473E8,2025-09-08
I986300,591,1.100896908E7,2025-09-14
I986301,378,1.244551385E7,2025-09-27
I986302,1183,1.0963140555E8,2025-10-20
I986303,925,9.41417845E7,2025-10-14
I986304,1807,4040569.67,2025-10-23
I986305,1507,8.243311034E7,2025-09-29
I986306,1383,1.81150075E7,2025-09-28
I986307,883,6.3663895E7,2025-10-14
I986308,1055,1.1720483807E8,2025-10-24
I986309,709,5.224404087E7,2025-09-25
I986310,1076,4219264.24,2025-09-02
I986311,1097,5.886783633E7,2025-10-10
I986312,67,9243396.52,2025-10-16
I986313,778,9.700868027E7,2025-10-04
I986314,845,3.443509396E7,2025-10-19
I986315,883,3258813.43,2025-09-08
I986316,127,856835.39,2025-10-02
I986317,824,8.961895336E7,2025-10-25
I986318,58,2333678.12,2025-10-09
I986319,1989,2.941570351E8,2025-10-30
I986320,407,6200790.78,2025-10-13
I986321,1253,5.159518262E7,2025-10-29
I986322,805,1.213464014E7,2025-09-15
I986323,1972,2.090123569E7,2025-09-08
I986324,1387,8.962896061E7,2025-10-06
I986325,886,1.2275720199E8,2025-09-21
I986326,526,4744429.59,2025-09-30
I986327,1609,1.97027933E8,2025-09-06
I986328,1207,4.380046112E7,2025-09-27
I986329,1859,5.134625674E7,2025-09-14
I986330,1894,1.8858272656E8,2025-10-20
I986331,872,8.777536378E7,2025-10-21
I986332,300,3.641892067E7,2025-10-17
I986333,1179,4.072687456E7,2025-10-15
I986334,728,5.051705629E7,2025-09-16
I986335,1552,2.2600295657E8,2025-09-17
I986336,424,3.951502526E7,2025-10-31
I986337,538,2.379198595E7,2025-09-05
I986338,1515,2.136456439E8,2025-09-10
I986339,1274,1.4797014423E8,2025-10-13
I986340,1563,5.066870544E7,2025-10-11
I986341,1850,1.6672723261E8,2025-09-10
I986342,434,3.305441761E7,2025-09-22
I986343,1028,4.911094771E7,2025-09-29
I986344,984,1.3707886097E8,2025-09-10
I986345,1490,1.0153940545E8,2025-10-17
I986346,483,1.756461776E7,2025-10-31
I986347,473,5.274978161E7,2025-10-10
I986348,1058,1.0850401884E8,2025-09-19
I986349,206,725555.37,2025-09-17
I986350,90,3115150.8,2025-09-02
I986351,445,5.885429118E7,2025-10-07
I986352,773,4.12371996E7,2025-09-21
I986353,399,3.490702814E7,2025-10-17
I986354,213,2.657754363E7,2025-09-09
I986355,674,1.003731106E8,2025-09-25
I986356,427,6729856.96,2025-10-11
I986357,1819,1.1559774053E8,2025-10-19
I986358,720,1.501176711E7,2025-09-06
I986359,515,4.137291981E7,2025-10-01
I986360,677,8.578506245E7,2025-10-04
I986361,552,6.955822525E7,2025-09-30
I986362,62,5143510.86,2025-09-30
I986363,988,1.218350112E7,2025-09-29
I986364,201,1.333654903E7,2025-09-25
I986365,558,1703184.36,2025-10-18
I986366,549,4.447304896E7,2025-10-09
I986367,1288,1.7057609302E8,2025-09-14
I986368,122,1.508916488E7,2025-10-03
I986369,1025,9.342922968E7,2025-10-30
I986370,188,1.508122019E7,2025-09-22
I986371,1895,1.8705326283E8,2025-10-30
I986372,944,6.12749135E7,2025-10-06
I986373,501,4.250115568E7,2025-10-05
I986374,1921,3.851605002E7,2025-10-29
I986375,844,5.941613515E7,2025-10-09
I986376,1463,1.9635914837E8,2025-09-13
I986377,1250,6.053486833E7,2025-09-22
I986378,1975,2.1493109302E8,2025-09-18
I986379,1121,7.192707267E7,2025-10-12
I986380,1647,1.6003757516E8,2025-10-28
I986381,156,1.134720827E7,2025-09-10
I986382,1868,1.5005332625E8,2025-09-03
I986383,1216,8.612449878E7,2025-10-14
I986384,394,6865053.31,2025-09-11
I986385,1313,1.8729579488E8,2025-10-26
I986386,325,2.285840988E7,2025-09-24
I986387,901,1.231744595E8,2025-09-10
I986388,1609,4932479.89,2025-10-07
I986389,1129,5782247.46,2025-09-06
I986390,483,2.403545556E7,2025-10-26
I986391,264,3.259188824E7,2025-09-09
I986392,1402,2.0839133922E8,2025-09-26
I986393,1370,1.6747591421E8,2025-10-08
I986394,802,8107893.75,2025-09-02
I986395,1539,2.1588633408E8,2025-10-18
I986396,1840,2.0898405812E8,2025-10-21
I986397,460,2.682313648E7,2025-10-13
I986398,1459,1.6706230114E8,2025-09-29
I986399,1882,2.624456347E8,2025-10-20
I986400,1759,1.4599221466E8,2025-10-17
I986401,1090,7.46471417E7,2025-10-23
I986402,1828,9640558.22,2025-09-08
I986403,1147,1.1744010951E8,2025-10-11
I986404,898,5.771314752E7,2025-10-18
I986405,206,2.543539791E7,2025-09-21
I986406,847,1.366458981E7,2025-10-01
I986407,795,8.960127376E7,2025-10-29
I986408,1711,3.544404978E7,2025-09-02
I986409,1674,2.4573216299E8,2025-09-28
I986410,1740,6.03635222E7,2025-09-01
I986411,1256,5.355505878E7,2025-09-28
I986412,1180,1.2599786123E8,2025-10-30
I986413,657,6.032122344E7,2025-10-14
I986414,1214,1.315389673E7,2025-10-01
I986415,252,1371216.72,2025-10-21
I986416,663,5.724579194E7,2025-09-04
I986417,390,5.288173696E7,2025-10-17
I986418,979,1.965631062E7,2025-09-22
I986419,214,1.703914798E7,2025-10-02
I986420,128,1.795656529E7,2025-09-18
I986421,867,1.783071824E7,2025-09-24
I986422,239,1.6709931E7,2025-10-11
I986423,609,3.107364866E7,2025-10-01
I986424,1843,6497934.12,2025-10-04
I986425,1695,2.4968309936E8,2025-10-30
I986426,1684,1.4015859429E8,2025-09-18
I986427,762,3.128828675E7,2025-10-26
I986428,1019,7.324011392E7,2025-09-05
I986429,693,1.781358922E7,2025-09-25
I986430,408,5695489.3,2025-10-13
I986431,247,1.055481495E7,2025-10-27
I986432,1746,1.5480023499E8,2025-10-20
I986433,357,1.809108495E7,2025-10-28
I986434,489,2.960694011E7,2025-09-06
I986435,1955,4.661599062E7,2025-10-26
I986436,1138,6.996567363E7,2025-09-08
I986437,1995,2.7414066265E8,2025-10-18
I986438,1003,1.190314772E8,2025-09-12
I986439,1575,7.274854769E7,2025-09-28
I986440,1175,1.6153528513E8,2025-10-31
I986441,1004,7.232809156E7,2025-10-30
I986442,366,1.41380815E7,2025-09-01
I986443,199,1.386879487E7,2025-09-21
I986444,995,6.851086596E7,2025-09-13
I986445,833,5.429228091E7,2025-09-30
I986446,1631,1.1750012276E8,2025-10-03
I986447,1971,4.389761715E7,2025-10-13
I986448,488,5.042019798E7,2025-10-14
I986449,253,3.168326325E7,2025-09-06
I986450,1716,6.777159817E7,2025-10-30
I986451,167,1.350830822E7,2025-10-11
I986452,1053,3.069895554E7,2025-09-21
I986453,1962,2.0486575422E8,2025-09-20
I986454,354,1528898.49,2025-09-14
I986455,1804,1.5228305721E8,2025-09-25
I986456,1754,2.3768757604E8,2025-10-10
I986457,695,2.752518549E7,2025-09-29
I986458,365,2.098266167E7,2025-09-20
I986459,1713,9.900815217E7,2025-09-30
I986460,428,1804312.33,2025-10-31
I986461,1293,1.7716151762E8,2025-09-13
I986462,1128,3.598552933E7,2025-09-17
I986463,1127,5.791847505E7,2025-09-19
I986464,762,4.660768378E7,2025-09-08
I986465,1212,5.997852775E7,2025-10-21
I986466,786,7.022825704E7,2025-10-30
I986467,369,4.850113283E7,2025-10-31
I986468,1255,1.7249103582E8,2025-10-03
I986469,598,4.69184186E7,2025-09-25
I986470,109,6806385.07,2025-09-09
I986471,231,1.633337115E7,2025-10-26
I986472,1797,9.726182589E7,2025-10-17
I986473,295,9957265.41,2025-10-31
I986474,844,1.0595252613E8,2025-10-27
I986475,673,4.888752773E7,2025-10-25
I986476,423,5.514956218E7,2025-10-02
I986477,1975,2.8670300066E8,2025-09-11
I986478,868,1.1005467039E8,2025-09-03
I986479,1783,6.1295449E7,2025-09-21
I986480,845,5.168003425E7,2025-10-05
I986481,422,4.95573999E7,2025-09-06
I986482,130,3539115.67,2025-09-23
I986483,60,2426360.8,2025-10-25
I986484,207,1.47062591E7,2025-09-12
I986485,1293,1.4384887178E8,2025-10-28
I986486,1000,1.2706315515E8,2025-10-24
I986487,1172,1.5851354686E8,2025-10-19
I986488,1682,1.6261135053E8,2025-10-04
I986489,88,124066.76,2025-09-17
I986490,582,1.97598017E7,2025-09-11
I986491,1287,9.357716135E7,2025-09-09
I986492,1904,2.2185479884E8,2025-10-11
I986493,187,1.736944492E7,2025-10-06
I986494,1958,9973030.73,2025-09-27
I986495,244,3.133042624E7,2025-09-14
I986496,410,1.712093274E7,2025-10-30
I986497,1677,7863885.89,2025-10-15
I986498,498,1.207344695E7,2025-09-22
I986499,1290,6143433.43,2025-09-09
I986500,158,1.925144535E7,2025-10-13
I986501,1021,6.776592151E7,2025-09-22
I986502,1032,2225691.17,2025-10-18
I986503,1019,3.009170099E7,2025-09-15
I986504,334,3.908282652E7,2025-10-05
I986505,1921,1.0426957439E8,2025-10-25
I986506,157,1.784188672E7,2025-10-25
I986507,387,3.680104593E7,2025-09-15
I986508,382,3550742.0,2025-10-04
I986509,1563,1.4553881823E8,2025-10-04
I986510,714,5.577914007E7,2025-10-25
I986511,307,6357411.68,2025-09-24
I986512,1768,2.4544108475E8,2025-10-29
I986513,432,9691898.98,2025-10-11
I986514,382,4.326202337E7,2025-09-09
I986515,769,5.919573942E7,2025-10-10
I986516,1436,1.1012690409E8,2025-10-27
I986517,226,3506608.16,2025-09-27
I986518,241,2.166203691E7,2025-09-13
I986519,1092,1.5679694636E8,2025-09-25
I986520,1189,6.458459103E7,2025-09-06
I986521,1097,1.5436678497E8,2025-10-12
I986522,855,1.0428369091E8,2025-09-24
I986523,1847,2.2432782871E8,2025-10-07
I986524,748,8.364437589E7,2025-09-26
I986525,1544,4.759644458E7,2025-10-28
I986526,72,3121458.19,2025-09-14
I986527,243,2.871808662E7,2025-09-16
I986528,1151,7.117234161E7,2025-09-02
I986529,245,2616708.94,2025-09-29
I986530,100,9752838.06,2025-09-10
I986531,1826,6.521053796E7,2025-09-21
I986532,974,1.4521273536E8,2025-10-03
I986533,1817,9.971507458E7,2025-10-24
I986534,1099,1.3389189844E8,2025-10-03
I986535,784,1.0328729792E8,2025-09-22
I986536,485,3.863803627E7,2025-10-20
I986537,1004,4.868566792E7,2025-09-03
I986538,1114,1.1772213632E8,2025-09-07
I986539,1124,1.1429048501E8,2025-10-03
I986540,113,9796824.61,2025-10-05
I986541,906,7.256783813E7,2025-09-13
I986542,1646,1.6051529371E8,2025-09-25
I986543,1620,1.9124775913E8,2025-09-21
I986544,164,1.193267285E7,2025-10-28
I986545,703,6.59501234E7,2025-10-07
I986546,726,9.556093154E7,2025-10-09
I986547,1994,6.829321055E7,2025-10-04
I986548,1380,1.1837392689E8,2025-10-05
I986549,1641,1.5231612225E8,2025-10-10
I986550,1347,1.763637261E7,2025-10-24
I986551,107,1.134870391E7,2025-10-09
I986552,1652,4.719419574E7,2025-10-10
I986553,1979,1.9611966738E8,2025-09-01
I986554,764,1.1319777511E8,2025-09-30
I986555,613,8.909704942E7,2025-09-30
I986556,792,7261811.33,2025-10-18
I986557,252,910798.68,2025-09-04
I986558,1522,1.537044025E8,2025-10-25
I986559,1119,7.485027436E7,2025-10-24
I986560,959,9.315065965E7,2025-10-08
I986561,159,1.949623227E7,2025-10-10
I986562,1582,1.7906358586E8,2025-10-02
I986563,91,6825683.11,2025-09-28
I986564,1557,9.472933767E7,2025-10-01
I986565,1821,2.5160475268E8,2025-09-17
I986566,737,7.714994251E7,2025-10-17
I986567,489,1.508185608E7,2025-09-11
I986568,886,8.565517616E7,2025-09-28
I986569,929,1.3520652481E8,2025-10-22
I986570,1238,1.5907132822E8,2025-09-07
I986571,333,2.002538421E7,2025-10-23
I986572,1158,1.0642570299E8,2025-09-12
I986573,1004,6.620024956E7,2025-10-23
I986574,1302,3335371.48,2025-09-04
I986575,1388,9.253015531E7,2025-10-28
I986576,1844,4989681.15,2025-09-14
I986577,1138,1.2768805874E8,2025-09-25
I986578,1312,1.6633466413E8,2025-09-28
I986579,937,1.0870690427E8,2025-10-10
I986580,217,8611037.05,2025-10-29
I986581,593,5.923901684E7,2025-09-16
I986582,574,3.835041608E7,2025-10-18
I986583,1416,1.1175109369E8,2025-09-22
I986584,1801,1.1542987313E8,2025-10-27
I986585,1924,1.143265597E7,2025-09-13
I986586,100,1.293578298E7,2025-10-13
I986587,177,1.743864874E7,2025-10-31
I986588,1521,5.501127225E7,2025-10-27
I986589,1161,4.601413237E7,2025-10-26
I986590,1958,2.6991305115E8,2025-09-09
I986591,72,7071783.72,2025-09-21
I986592,826,6.764499454E7,2025-10-27
I986593,1972,1.5493326964E8,2025-09-24
I986594,1809,2.6277200342E8,2025-09-25
I986595,243,1.292102715E7,2025-10-02
I986596,732,2.862946985E7,2025-10-14
I986597,651,8.732050013E7,2025-10-29
I986598,485,8912951.01,2025-09-28
I986599,1418,1.077272512E7,2025-10-08
I986600,1512,4.417301878E7,2025-09-29
I986601,309,4.261806323E7,2025-10-18
I986602,1336,1.0260847398E8,2025-10-06
I986603,1430,1.3107951328E8,2025-09-18
I986604,694,1620210.49,2025-09-08
I986605,289,1.603845383E7,2025-09-08
I986606,1667,1.9012636287E8,2025-10-21
I986607,102,1489718.15,2025-10-20
I986608,1905,1.2559270098E8,2025-10-25
I986609,1074,3.327528622E7,2025-10-18
I986610,948,7.947245532E7,2025-10-21
I986611,1370,9.845683917E7,2025-10-26
I986612,1807,1.2884218749E8,2025-10-20
I986613,1521,2.529969046E7,2025-10-26
I986614,1986,1.695160121E7,2025-09-21
I986615,1006,9.434889269E7,2025-10-21
I986616,692,4.470864835E7,2025-09-25
I986617,1260,1.5519952246E8,2025-09-10
I986618,851,8.494877982E7,2025-10-20
I986619,798,9.827993559E7,2025-09-27
I986620,1549,5.344477653E7,2025-09-17
I986621,424,5.527560908E7,2025-09-11
I986622,134,5092692.54,2025-09-21
I986623,1871,6.255361629E7,2025-10-27
I986624,1083,6.403044227E7,2025-09-18
I986625,1195,1.418116327E7,2025-10-31
I986626,1438,1.2206314236E8,2025-09-30
I986627,622,3.382673569E7,2025-10-13
I986628,1333,1.6524963467E8,2025-09-13
I986629,736,4.532590694E7,2025-09-28
I986630,1155,4.906049836E7,2025-10-04
I986631,1124,1.1553248947E8,2025-09-22
I986632,1540,1.1236090054E8,2025-10-17
I986633,137,1.815861529E7,2025-10-13
I986634,1650,1.763377658E8,2025-10-08
I986635,1101,7.488049051E7,2025-09-22
I986636,824,2.172422444E7,2025-09-23
I986637,495,2.607598744E7,2025-09-27
I986638,1624,1.9390999681E8,2025-10-17
I986639,567,7.398101999E7,2025-09-21
I986640,519,8862458.52,2025-09-23
I986641,1755,2.1939631693E8,2025-09-04
I986642,1293,1.6358865576E8,2025-10-29
I986643,830,2.604190901E7,2025-09-07
I986644,1856,1.0571840915E8,2025-09-28
I986645,1511,1.6145483883E8,2025-09-29
I986646,993,6.85055083E7,2025-10-24
I986647,1922,1.6489595225E8,2025-10-29
I986648,1770,2.135743888E7,2025-09-06
I986649,1682,2.5008852822E8,2025-09-21
I986650,1535,2.0838970145E8,2025-09-16
I986651,993,4.646856841E7,2025-09-14
I986652,824,7.081922567E7,2025-09-15
I986653,1032,9388924.0,2025-10-12
I986654,67,1732953.91,2025-09-20
I986655,200,1.309780983E7,2025-09-15
I986656,1538,2.441293147E7,2025-09-06
I986657,1479,3.696485835E7,2025-09-16
I986658,1176,3.144877882E7,2025-09-22
I986659,944,6.068345922E7,2025-09-24
I986660,1250,1.2202547783E8,2025-09-13
I986661,1884,1.9644508664E8,2025-10-24
I986662,1719,8.152156533E7,2025-09-19
I986663,484,5.112160998E7,2025-10-04
I986664,1320,1.0611995983E8,2025-10-02
I986665,601,8.410094244E7,2025-10-30
I986666,179,6489706.12,2025-09-16
I986667,122,9869439.92,2025-09-14
I986668,1516,2.1761022944E8,2025-10-30
I986669,1336,6.230505903E7,2025-10-07
I986670,641,437021.17,2025-09-19
I986671,1095,6591903.26,2025-10-06
I986672,1001,7.462478305E7,2025-10-16
I986673,997,1.4477402446E8,2025-09-05
I986674,409,2.602647049E7,2025-10-19
I986675,1122,4.369100614E7,2025-09-03
I986676,579,4.335237086E7,2025-09-24
I986677,1774,1.6124456643E8,2025-10-18
I986678,1155,1.498436997E7,2025-10-15
I986679,1445,9.243801306E7,2025-09-07
I986680,1561,4.749682749E7,2025-09-20
I986681,648,6.061848563E7,2025-09-30
I986682,1093,1.6036309488E8,2025-09-16
I986683,1125,5158719.66,2025-10-05
I986684,1401,4.245969198E7,2025-09-09
I986685,121,6584035.75,2025-09-25
I986686,841,6.908148699E7,2025-10-22
I986687,1157,7.218452339E7,2025-09-20
I986688,381,2.54599577E7,2025-09-07
I986689,1053,8.445362195E7,2025-09-03
I986690,597,5.572157151E7,2025-09-26
I986691,121,1.642758351E7,2025-09-23
I986692,1719,2.3389700454E8,2025-09-30
I986693,223,2.542734702E7,2025-09-21
I986694,81,5658574.03,2025-09-05
I986695,1414,1.6991043211E8,2025-09-26
I986696,497,5.774608417E7,2025-09-28
I986697,1270,1.7425688206E8,2025-10-16
I986698,1143,1.6125338774E8,2025-10-01
I986699,1075,9.147164983E7,2025-10-19
I986700,1739,6.338425007E7,2025-09-07
I986701,214,5753508.22,2025-09-12
I986702,720,7.845847616E7,2025-10-01
I986703,726,5.404456165E7,2025-10-01
I986704,397,2.60303205E7,2025-10-09
I986705,1327,1.9424065433E8,2025-10-24
I986706,298,3.534588657E7,2025-09-04
I986707,873,1.2140391795E8,2025-10-06
I986708,438,3214250.94,2025-10-18
I986709,951,1.2327823392E8,2025-10-30
I986710,1478,1.4214611344E8,2025-09-18
I986711,259,1.709029175E7,2025-09-26
I986712,456,3.172888588E7,2025-09-01
I986713,1383,7.16313322E7,2025-10-20
I986714,538,4.080317921E7,2025-09-29
I986715,1155,1.428016089E7,2025-09-18
I986716,1402,2.530641617E7,2025-09-28
I986717,91,8547010.3,2025-09-19
I986718,456,1.10199782E7,2025-09-12
I986719,614,2.212516058E7,2025-09-22
I986720,1193,1.5921963681E8,2025-09-26
I986721,541,3.074675395E7,2025-09-10
I986722,463,1.329814243E7,2025-09-08
I986723,442,2.800058148E7,2025-09-03
I986724,949,1.1115474674E8,2025-10-02
I986725,1918,5.041010688E7,2025-09-26
I986726,813,1.103258448E7,2025-09-17
I986727,1628,1.1081172289E8,2025-10-16
I986728,1622,1.8991334991E8,2025-09-05
I986729,1011,3.182755047E7,2025-09-11
I986730,1441,2.0597169733E8,2025-09-17
I986731,1090,8.299012574E7,2025-09-17
I986732,1480,1.427509069E8,2025-09-04
I986733,1592,2.1778516471E8,2025-10-30
I986734,803,4.593545197E7,2025-10-09
I986735,761,2.522533674E7,2025-09-08
I986736,1278,4.499527181E7,2025-10-25
I986737,1586,1.0694228569E8,2025-10-13
I986738,1693,2.0363116313E8,2025-10-11
I986739,1135,8.909268971E7,2025-10-01
I986740,1033,1.4656501476E8,2025-10-30
I986741,1003,2.024676947E7,2025-10-09
I986742,1282,1.087795148E7,2025-10-01
I986743,407,1.013576035E7,2025-09-09
I986744,475,5.015128041E7,2025-09-21
I986745,1740,2.5881434274E8,2025-09-16
I986746,940,7.928802921E7,2025-09-22
I986747,1638,2.750325631E7,2025-10-09
I986748,1116,3.696661439E7,2025-10-20
I986749,1157,6.617940142E7,2025-09-18
I986750,223,2.353745512E7,2025-09-23
I986751,1473,1.2194289078E8,2025-10-31
I986752,1195,1.0420014236E8,2025-09-18
I986753,650,3377372.23,2025-10-18
I986754,276,2.178864425E7,2025-10-18
I986755,53,1931343.97,2025-09-11
I986756,755,9148501.97,2025-10-18
I986757,310,6222627.75,2025-09-17
I986758,1276,2.861714249E7,2025-09-29
I986759,888,6.409577538E7,2025-09-28
I986760,572,6.860539668E7,2025-10-09
I986761,1081,3.827542477E7,2025-09-17
I986762,231,9624654.52,2025-10-26
I986763,250,154003.95,2025-10-23
I986764,1450,9.32116464E7,2025-10-04
I986765,1549,9.597669299E7,2025-10-05
I986766,673,1.851678144E7,2025-10-08
I986767,902,3.080671802E7,2025-10-26
I986768,1684,2.3980194723E8,2025-09-04
I986769,556,2.100790586E7,2025-10-17
I986770,719,7.678402979E7,2025-09-15
I986771,572,5.506992488E7,2025-10-18
I986772,1591,6.323558298E7,2025-09-22
I986773,1346,1.9552741453E8,2025-09-09
I986774,875,2831072.29,2025-09-13
I986775,225,3.262816205E7,2025-10-29
I986776,743,9.342716392E7,2025-10-22
I986777,1194,1.832098321E7,2025-09-11
I986778,286,1304331.89,2025-10-18
I986779,1967,1.8413333499E8,2025-10-27
I986780,376,2.493897822E7,2025-10-23
I986781,486,3.988413909E7,2025-10-26
I986782,1804,2.5809555956E8,2025-10-28
I986783,1386,1.981800903E8,2025-10-16
I986784,852,3.833448161E7,2025-10-26
I986785,882,7014095.53,2025-09-23
I986786,599,1.437983319E7,2025-10-25
I986787,554,4.059695222E7,2025-10-20
I986788,755,2.735306145E7,2025-10-21
I986789,1396,2.0315635362E8,2025-10-06
I986790,1617,1.6031473213E8,2025-09-29
I986791,493,3.902817892E7,2025-09-21
I986792,763,1.0486950717E8,2025-09-03
I986793,1389,1.2389826715E8,2025-10-20
I986794,1683,4.49374583E7,2025-09-24
I986795,303,1.689406484E7,2025-10-26
I986796,1657,2.177488319E7,2025-10-01
I986797,1603,2.2490960805E8,2025-09-14
I986798,1129,1.0532011748E8,2025-09-11
I986799,1594,8.519349443E7,2025-09-09
I986800,318,1246100.38,2025-09-23
I986801,1319,1.1341616873E8,2025-10-21
I986802,1524,1.8371500052E8,2025-09-24
I986803,825,7.319730186E7,2025-09-24
I986804,1194,8.941158132E7,2025-10-31
I986805,554,4.067205381E7,2025-09-30
I986806,1676,1.7590923566E8,2025-09-21
I986807,1682,4.762117208E7,2025-09-04
I986808,1631,5.172954568E7,2025-09-10
I986809,837,9.817590619E7,2025-10-14
I986810,913,8.824145552E7,2025-10-17
I986811,1943,1.4128595677E8,2025-10-06
I986812,609,6876283.69,2025-09-15
I986813,638,3.188527518E7,2025-10-18
I986814,1823,1.2366143768E8,2025-10-30
I986815,851,3.818429897E7,2025-10-01
I986816,273,1.60485726E7,2025-10-07
I986817,1319,7.593120207E7,2025-10-08
I986818,897,1.028698985E8,2025-09-17
I986819,1786,2.5075390204E8,2025-10-23
I986820,1843,2.6513303694E8,2025-10-20
I986821,1809,7461225.4,2025-09-18
I986822,454,5.889030833E7,2025-09-22
I986823,580,4.740772549E7,2025-10-17
I986824,1628,1.016689446E8,2025-10-17
I986825,137,6822035.67,2025-09-15
I986826,504,5185744.95,2025-10-05
I986827,688,4.047629311E7,2025-09-19
I986828,1897,1.3653319407E8,2025-10-14
I986829,263,1.771910611E7,2025-09-29
I986830,628,4.956099381E7,2025-09-07
I986831,72,2675255.63,2025-09-01
I986832,1038,7.489361787E7,2025-09-06
I986833,805,1.480737263E7,2025-09-18
I986834,746,3.149329956E7,2025-09-14
I986835,1579,1.6108863059E8,2025-09-24
I986836,691,7.512475696E7,2025-09-21
I986837,1312,1.035454577E7,2025-10-15
I986838,940,6.634461099E7,2025-10-18
I986839,658,2.988559782E7,2025-10-02
I986840,166,2097807.43,2025-10-24
I986841,1062,1.436614691E8,2025-09-26
I986842,430,4.653692102E7,2025-09-18
I986843,1701,6.462257476E7,2025-09-15
I986844,1003,7620714.93,2025-09-20
I986845,1390,2.215986788E7,2025-09-04
I986846,1249,7.564604807E7,2025-09-09
I986847,504,5.124769883E7,2025-09-28
I986848,1574,1.769848298E8,2025-10-16
I986849,189,1.859128197E7,2025-10-06
I986850,1727,2.5237361945E8,2025-09-29
I986851,201,2.101949528E7,2025-09-01
I986852,1112,6.234435151E7,2025-10-26
I986853,897,1.1150028847E8,2025-10-24
I986854,257,3.086964102E7,2025-10-10
I986855,1205,1.4346383226E8,2025-10-28
I986856,644,479920.75,2025-09-19
I986857,384,1.018645807E7,2025-09-01
I986858,937,9.619790401E7,2025-09-02
I986859,87,9504425.99,2025-09-06
I986860,379,3.167333345E7,2025-10-02
I986861,1538,1.947713406E7,2025-09-18
I986862,1737,2.4025301094E8,2025-09-16
I986863,1408,1.7928625803E8,2025-10-11
I986864,730,1.225150417E7,2025-10-04
I986865,231,1.824409029E7,2025-09-15
I986866,1062,3.681295234E7,2025-09-25
I986867,1835,7.173012555E7,2025-10-18
I986868,1202,5.404596757E7,2025-10-30
I986869,247,2.960751277E7,2025-10-04
I986870,113,1.237485299E7,2025-09-23
I986871,1677,7.795020705E7,2025-10-24
I986872,1951,1.5074247264E8,2025-10-21
I986873,230,7438878.49,2025-10-27
I986874,275,7146224.94,2025-10-06
I986875,1227,1.6431545881E8,2025-10-31
I986876,1813,1.539056952E8,2025-10-06
I986877,900,9.760960925E7,2025-10-19
I986878,1964,2.9447634427E8,2025-10-16
I986879,1040,1.2482094758E8,2025-10-02
I986880,158,1.562859153E7,2025-09-14
I986881,558,3.377133449E7,2025-09-17
I986882,502,5.711882754E7,2025-09-27
I986883,1777,4.635093092E7,2025-09-09
I986884,259,3.495686763E7,2025-10-13
I986885,1562,2.1096993457E8,2025-10-17
I986886,1043,1.4261360074E8,2025-10-31
I986887,637,1.895596947E7,2025-10-12
I986888,1672,3.375130231E7,2025-09-21
I986889,655,5.193245757E7,2025-09-20
I986890,571,7.058201446E7,2025-09-17
I986891,1801,1.912351094E7,2025-09-29
I986892,1959,2.501148115E7,2025-09-03
I986893,1396,4.947092929E7,2025-09-28
I986894,888,1.0245395E8,2025-10-08
I986895,840,1.800058751E7,2025-09-05
I986896,1824,1.6814556981E8,2025-09-27
I986897,315,4.337135765E7,2025-09-30
I986898,202,4449182.47,2025-10-14
I986899,1692,2.4738666979E8,2025-10-03
I986900,984,7.924246334E7,2025-10-31
I986901,781,2.48143562E7,2025-10-07
I986902,1724,2.025731627E8,2025-09-12
I986903,1785,1.7157120155E8,2025-10-16
I986904,1861,2.758232822E7,2025-09-14
I986905,1411,1.0585305826E8,2025-09-16
I986906,1446,7.670203524E7,2025-10-01
I986907,989,1.884355041E7,2025-10-03
I986908,208,2.012788531E7,2025-10-07
I986909,1840,2.3217052431E8,2025-10-04
I986910,1978,2.3753272163E8,2025-09-28
I986911,380,3.434869362E7,2025-10-04
I986912,877,4902046.55,2025-10-11
I986913,490,2715435.51,2025-09-05
I986914,1819,2.1842336075E8,2025-09-03
I986915,423,1212999.06,2025-09-01
I986916,1570,1.819693672E8,2025-09-15
I986917,571,6.718971004E7,2025-09-01
I986918,1865,1.965939487E8,2025-09-15
I986919,1871,2.3711615991E8,2025-09-15
I986920,628,6.650129401E7,2025-09-12
I986921,1444,1.615840902E7,2025-10-02
I986922,677,8.15392086E7,2025-10-30
I986923,788,6.050052142E7,2025-10-26
I986924,722,4.925818175E7,2025-10-17
I986925,140,1.578693315E7,2025-10-21
I986926,867,1.288497943E8,2025-09-15
I986927,1645,2.3790687656E8,2025-10-19
I986928,101,1.508570621E7,2025-10-03
I986929,642,5.470426497E7,2025-09-08
I986930,675,5.053348513E7,2025-09-14
I986931,1614,5669486.82,2025-10-19
I986932,1685,3.242109942E7,2025-10-17
I986933,718,5.063440611E7,2025-09-21
I986934,1009,7.001125541E7,2025-09-25
I986935,1891,3.396082153E7,2025-10-13
I986936,1043,3.585978955E7,2025-10-16
I986937,1811,2.6722922901E8,2025-09-02
I986938,279,1367064.04,2025-09-06
I986939,826,3.784577697E7,2025-09-13
I986940,241,2.919223481E7,2025-09-21
I986941,1880,5.385280982E7,2025-10-08
I986942,1640,1.7408064098E8,2025-10-16
I986943,1742,1.0424058493E8,2025-09-04
I986944,155,5707479.19,2025-10-05
I986945,331,1.169961585E7,2025-09-11
I986946,484,1.751914165E7,2025-10-10
I986947,613,4.139583059E7,2025-10-07
I986948,1278,1.4470951884E8,2025-09-04
I986949,1931,1.6853616939E8,2025-10-05
I986950,1808,5.421623477E7,2025-09-30
I986951,463,4853841.94,2025-10-21
I986952,1023,1.1195634455E8,2025-09-04
I986953,295,1260254.63,2025-09-08
I986954,196,4287803.46,2025-10-09
I986955,996,1.4122426079E8,2025-10-14
I986956,1116,8.3846808E7,2025-10-24
I986957,1724,2.5818660567E8,2025-09-15
I986958,440,1.835188865E7,2025-09-14
I986959,632,1.380586264E7,2025-10-31
I986960,1282,5.389112469E7,2025-09-02
I986961,995,5.649050457E7,2025-10-07
I986962,1493,1.655130364E8,2025-10-13
I986963,1845,1.8597023482E8,2025-10-03
I986964,781,5.121974894E7,2025-10-14
I986965,582,2.330053138E7,2025-09-25
I986966,1456,1.4368134207E8,2025-10-05
I986967,1261,1.1687711163E8,2025-09-24
I986968,536,1.409949374E7,2025-09-27
I986969,356,2.363729466E7,2025-09-28
I986970,197,1.264162745E7,2025-09-09
I986971,1594,1.8043658608E8,2025-09-09
I986972,437,4.771848663E7,2025-09-10
I986973,144,2.090881508E7,2025-10-11
I986974,167,1.327786249E7,2025-10-04
I986975,280,9003326.76,2025-09-08
I986976,1733,1.3169712613E8,2025-09-18
I986977,1388,1.8456567679E8,2025-10-16
I986978,1378,1.3798879168E8,2025-09-22
I986979,169,9810078.67,2025-10-21
I986980,517,6.568321933E7,2025-10-02
I986981,1001,7.782396895E7,2025-10-03
I986982,678,8.34970344E7,2025-10-03
I986983,1301,4.295570351E7,2025-10-08
I986984,131,292764.54,2025-10-10
I986985,316,4.38994098E7,2025-10-24
I986986,474,1.551327692E7,2025-10-20
I986987,855,4.144199132E7,2025-10-14
I986988,308,3.885874117E7,2025-09-07
I986989,598,7.705190872E7,2025-10-21
I986990,780,9.431113632E7,2025-09-26
I986991,1744,1.2939347799E8,2025-10-25
I986992,1658,6.475915452E7,2025-10-06
I986993,1527,9.654023506E7,2025-10-15
I986994,197,2.528059171E7,2025-09-21
I986995,1541,1.4219205913E8,2025-10-12
I986996,728,6.21723263E7,2025-09-07
I986997,499,3.589869154E7,2025-10-20
I986998,907,6.408674207E7,2025-09-26
I986999,809,4.735093701E7,2025-09-30
I987000,478,5.501248682E7,2025-10-08
I987001,1429,1.1333578447E8,2025-10-03
I987002,654,4.473755228E7,2025-09-04
I987003,1193,1.1615089202E8,2025-09-04
I987004,1186,1.6671118143E8,2025-09-12
I987005,554,4.589602548E7,2025-10-05
I987006,1705,3300040.56,2025-09-14
I987007,212,2.74409474E7,2025-10-01
I987008,69,8061523.26,2025-10-21
I987009,929,1.3777556699E8,2025-10-28
I987010,1983,2.0563437204E8,2025-10-12
I987011,1617,1.1004186141E8,2025-09-08
I987012,125,1915193.47,2025-10-21
I987013,1956,2.7182069176E8,2025-09-11
I987014,1144,5.280488169E7,2025-09-26
I987015,223,1.075075514E7,2025-10-23
I987016,1416,2.0318475502E8,2025-09-16
I987017,1776,3.874700017E7,2025-10-12
I987018,1610,1.9419927357E8,2025-09-27
I987019,1134,1.1758740104E8,2025-09-01
I987020,1168,1.4491915343E8,2025-10-29
I987021,452,4291784.1,2025-09-12
I987022,785,8.675617951E7,2025-10-28
I987023,1963,2.6365058376E8,2025-09-01
I987024,86,4326374.42,2025-09-05
I987025,1224,1.6917583816E8,2025-09-28
I987026,292,3.312134319E7,2025-09-04
I987027,1100,8933717.25,2025-09-07
I987028,1859,1.3888967712E8,2025-10-04
I987029,488,6.321407207E7,2025-10-22
I987030,1544,5348251.51,2025-09-18
I987031,1789,1.5367969639E8,2025-09-04
I987032,532,7.22707133E7,2025-10-29
I987033,667,5121672.89,2025-10-02
I987034,494,3.766546564E7,2025-10-28
I987035,1071,1.2236295061E8,2025-09-18
I987036,1402,1.2701297589E8,2025-09-03
I987037,1143,1.1729875417E8,2025-09-20
I987038,1012,7.65525965E7,2025-09-03
I987039,1041,1.130040051E8,2025-10-18
I987040,715,1.393171958E7,2025-09-01
I987041,1317,1.2132313108E8,2025-09-27
I987042,853,2.345525669E7,2025-09-12
I987043,327,2.237673205E7,2025-09-18
I987044,224,1.098059168E7,2025-09-01
I987045,718,9.755143876E7,2025-09-26
I987046,134,1.282757382E7,2025-09-07
I987047,155,1.85280903E7,2025-10-02
I987048,1450,1.6254309723E8,2025-10-20
I987049,512,6.069956759E7,2025-09-28
I987050,231,1.896315881E7,2025-09-10
I987051,395,1847571.11,2025-10-21
I987052,644,5.262555385E7,2025-10-25
I987053,750,8.445395796E7,2025-10-02
I987054,217,1.405396671E7,2025-10-19
I987055,197,1.122826321E7,2025-10-13
I987056,1960,2.307934767E7,2025-10-05
I987057,504,3.910051131E7,2025-10-31
I987058,323,1.649993088E7,2025-10-24
I987059,591,7.524030883E7,2025-09-27
I987060,1939,2.2713506245E8,2025-10-16
I987061,246,3765636.98,2025-10-24
I987062,1720,1.5136366061E8,2025-10-27
I987063,1867,1.8938146122E8,2025-10-30
I987064,642,8.565442004E7,2025-10-21
I987065,1153,4.07950532E7,2025-09-14
I987066,1473,1.8711218793E8,2025-10-28
I987067,1079,1.0244505954E8,2025-10-02
I987068,1465,2.150102805E7,2025-10-20
I987069,202,2.400768673E7,2025-09-26
I987070,906,2.182256349E7,2025-10-19
I987071,478,2299510.93,2025-10-22
I987072,748,6.26438636E7,2025-09-26
I987073,740,1292010.35,2025-09-26
I987074,339,3.632602312E7,2025-10-31
I987075,1041,6958090.49,2025-10-06
I987076,1731,3.953700226E7,2025-09-03
I987077,1199,1.0368206575E8,2025-09-04
I987078,348,1.705919579E7,2025-10-15
I987079,1126,3.360755119E7,2025-09-13
I987080,223,272355.27,2025-10-07
I987081,895,2.016449007E7,2025-09-09
I987082,364,3.24902154E7,2025-09-19
I987083,940,2.65990304E7,2025-09-12
I987084,1956,2.721803392E8,2025-09-13
I987085,1843,1.1142225321E8,2025-09-13
I987086,135,1397613.44,2025-10-21
I987087,816,5.142924609E7,2025-09-03
I987088,1890,9.424555268E7,2025-09-17
I987089,1340,1.2198152402E8,2025-09-24
I987090,1216,6.826374064E7,2025-10-17
I987091,1904,2.0108994708E8,2025-10-28
I987092,598,5.800960915E7,2025-10-04
I987093,1856,2.4702587494E8,2025-10-03
I987094,1441,2.042663351E8,2025-10-21
I987095,673,1661306.86,2025-10-31
I987096,1442,1.6624734915E8,2025-09-17
I987097,642,2881162.48,2025-09-07
I987098,337,3.241150493E7,2025-10-25
I987099,1906,2.1747020943E8,2025-10-11
I987100,783,2.062326534E7,2025-10-25
I987101,261,2.91084629E7,2025-09-16
I987102,210,2.648689069E7,2025-10-13
I987103,1646,3.922611696E7,2025-09-13
I987104,427,4.559225001E7,2025-10-28
I987105,637,8.74324955E7,2025-10-10
I987106,1809,1.1637931375E8,2025-09-25
I987107,572,8.505170742E7,2025-09-26
I987108,1125,4.08504539E7,2025-10-01
I987109,1630,1.3044133322E8,2025-09-30
I987110,1766,2.805388349E7,2025-10-27
I987111,1267,7.542283499E7,2025-10-18
I987112,1333,9.933648563E7,2025-09-16
I987113,552,2.152663621E7,2025-09-20
I987114,1791,2.507877565E8,2025-09-17
I987115,467,1.887223495E7,2025-09-26
I987116,399,3.343324684E7,2025-09-16
I987117,1884,4.358935965E7,2025-09-12
I987118,446,3.474806898E7,2025-10-10
I987119,752,1.773371063E7,2025-10-16
I987120,838,2.347254369E7,2025-10-30
I987121,221,2.168988583E7,2025-09-25
I987122,1879,1.4174213373E8,2025-09-10
I987123,138,1.471066283E7,2025-10-24
I987124,761,9.999632076E7,2025-09-27
I987125,919,2.337275016E7,2025-09-03
I987126,1436,1.0685268625E8,2025-09-04
I987127,1245,1.7064289151E8,2025-10-13
I987128,1991,2.94883342E8,2025-10-03
I987129,66,4142734.63,2025-10-22
I987130,1031,2.262545429E7,2025-09-12
I987131,1008,9.98016623E7,2025-09-16
I987132,340,4.920357842E7,2025-09-17
I987133,532,2.695390051E7,2025-09-02
I987134,118,1.38530383E7,2025-10-29
I987135,453,6.368759524E7,2025-09-15
I987136,640,5.901634683E7,2025-10-06
I987137,1039,1.5173470087E8,2025-10-19
I987138,628,7.313355562E7,2025-09-16
I987139,678,7.873731392E7,2025-09-25
I987140,1969,6.637544244E7,2025-09-15
I987141,1073,9.572804813E7,2025-09-25
I987142,1317,7.724345726E7,2025-10-04
I987143,1388,6.732000945E7,2025-09-02
I987144,1405,1.502704399E8,2025-09-08
I987145,1781,1.3416512097E8,2025-09-13
I987146,383,3.378684502E7,2025-10-02
I987147,1724,1.0685151742E8,2025-10-25
I987148,1436,1.5075404004E8,2025-09-22
I987149,582,4.900196376E7,2025-09-29
I987150,534,1.845664777E7,2025-09-22
I987151,1946,4.311639105E7,2025-09-30
I987152,1407,1.4366312877E8,2025-10-11
I987153,835,6.392183165E7,2025-09-24
I987154,1294,8.764875771E7,2025-09-08
I987155,644,4294335.09,2025-10-13
I987156,1075,1.1115510538E8,2025-10-22
I987157,464,1.031198617E7,2025-09-27
I987158,306,2.077922425E7,2025-10-31
I987159,1874,6.996134204E7,2025-09-21
I987160,807,4.12591547E7,2025-10-05
I987161,1536,2.0008659184E8,2025-09-04
I987162,355,5.005790626E7,2025-09-03
I987163,187,1559573.87,2025-10-04
I987164,245,3.016987313E7,2025-09-22
I987165,1628,1.8270870462E8,2025-10-03
I987166,283,3.061190042E7,2025-10-23
I987167,64,5946085.96,2025-09-18
I987168,332,4.164431254E7,2025-10-17
I987169,1425,3.664820842E7,2025-09-22
I987170,452,2.144610693E7,2025-10-16
I987171,1712,9.117354993E7,2025-09-15
I987172,1219,1.1954074167E8,2025-09-09
I987173,769,2.810067082E7,2025-10-28
I987174,1220,1.7084233173E8,2025-10-25
I987175,1617,8101747.58,2025-10-26
I987176,973,1.432454863E8,2025-09-25
I987177,1306,1.1227357233E8,2025-09-13
I987178,1504,9.255873752E7,2025-09-28
I987179,505,2.822840422E7,2025-09-24
I987180,1136,2.090375498E7,2025-10-22
I987181,1919,1.834073325E7,2025-09-08
I987182,793,5.966014339E7,2025-10-25
I987183,1265,1.0352485531E8,2025-09-20
I987184,235,1.758864799E7,2025-09-28
I987185,1265,8.337987713E7,2025-10-13
I987186,538,4.185562595E7,2025-10-06
I987187,1888,1.8423228542E8,2025-10-05
I987188,701,9559652.84,2025-10-11
I987189,565,1.868177592E7,2025-09-10
I987190,482,2.971439503E7,2025-10-29
I987191,1879,4.430898239E7,2025-10-14
I987192,1197,3.005150237E7,2025-09-25
I987193,809,3.570233203E7,2025-09-24
I987194,1399,7.577636759E7,2025-09-18
I987195,1303,1.64461585E7,2025-09-13
I987196,1985,6.410719338E7,2025-09-06
I987197,1647,2.4594131942E8,2025-10-18
I987198,423,2.801417998E7,2025-09-13
I987199,344,3.585679172E7,2025-10-31
I987200,1380,1.4185112575E8,2025-10-11
I987201,541,7.791587264E7,2025-10-23
I987202,162,3886205.07,2025-09-30
I987203,655,3405784.01,2025-10-01
I987204,561,2.54958033E7,2025-10-03
I987205,1967,2.5174877813E8,2025-09-19
I987206,262,8040816.07,2025-10-15
I987207,626,1.073028244E7,2025-09-29
I987208,701,6554867.28,2025-10-13
I987209,1560,4.447717523E7,2025-10-26
I987210,1204,1.5323803492E8,2025-10-04
I987211,1038,4.128727278E7,2025-10-20
I987212,1745,1.5860279992E8,2025-09-03
I987213,1274,1.401175422E7,2025-09-09
I987214,987,9.542830671E7,2025-10-25
I987215,467,2.111763161E7,2025-09-24
I987216,1235,1.4626497583E8,2025-09-09
I987217,1699,1.8851666663E8,2025-10-04
I987218,1081,1.1832337243E8,2025-09-11
I987219,339,4.39669817E7,2025-09-25
I987220,408,2.915703572E7,2025-10-05
I987221,147,9146585.22,2025-09-30
I987222,159,3920599.13,2025-09-27
I987223,1651,7.475522762E7,2025-10-26
I987224,1763,3.479804637E7,2025-10-31
I987225,79,9376081.0,2025-10-19
I987226,1355,1.4206078374E8,2025-09-08
I987227,245,656742.0,2025-09-03
I987228,1348,3491727.81,2025-09-12
I987229,367,5.019679922E7,2025-10-30
I987230,1898,1.5681865655E8,2025-10-15
I987231,1560,4.287756197E7,2025-10-28
I987232,1434,2.109096242E7,2025-09-19
I987233,1337,9581704.99,2025-09-14
I987234,1959,1.829442533E8,2025-09-27
I987235,264,8855421.7,2025-10-16
I987236,960,1.0931994458E8,2025-09-07
I987237,455,3.210111345E7,2025-09-28
I987238,1620,8.349953192E7,2025-09-05
I987239,1930,3.276216479E7,2025-10-31
I987240,1481,1.8184328305E8,2025-09-29
I987241,412,1.025746831E7,2025-09-25
I987242,355,2.276010219E7,2025-09-16
I987243,638,2378938.91,2025-10-31
I987244,1068,1.0667100039E8,2025-09-08
I987245,565,7.990227774E7,2025-10-16
I987246,1643,1.928582148E7,2025-09-02
I987247,363,3.363993213E7,2025-10-07
I987248,1871,2.510348514E7,2025-09-07
I987249,181,9514098.94,2025-09-03
I987250,609,2.165762915E7,2025-09-29
I987251,1070,9.924109559E7,2025-10-16
I987252,370,5887684.37,2025-10-27
I987253,739,1.0578203584E8,2025-09-21
I987254,1830,2.6413247393E8,2025-10-09
I987255,113,7369173.85,2025-09-10
I987256,758,4.956514399E7,2025-10-16
I987257,1762,2.0165141917E8,2025-09-16
I987258,973,5.87196805E7,2025-10-25
I987259,1642,1.9720037228E8,2025-09-27
I987260,1912,3.833121741E7,2025-09-04
I987261,1862,1.1246357894E8,2025-10-17
I987262,1169,9.781645331E7,2025-10-02
I987263,953,1.0808119169E8,2025-09-19
I987264,684,5.159679843E7,2025-10-28
I987265,618,6.867142143E7,2025-09-03
I987266,1145,5.474541409E7,2025-10-27
I987267,1337,3.067479895E7,2025-10-18
I987268,364,2886970.69,2025-09-12
I987269,1925,1.120543922E8,2025-10-06
I987270,240,3359992.82,2025-09-01
I987271,582,5.985541727E7,2025-09-24
I987272,1854,3.497546179E7,2025-10-28
I987273,573,5.610692639E7,2025-10-29
I987274,390,2.161988137E7,2025-10-02
I987275,1716,2.1717135463E8,2025-10-22
I987276,381,3.017927316E7,2025-10-15
I987277,1510,2.0265470009E8,2025-10-25
I987278,945,2240938.86,2025-09-02
I987279,954,7.438192051E7,2025-09-21
I987280,1147,1.3108008083E8,2025-10-24
I987281,1962,9.61978182E7,2025-09-09
I987282,694,8.381771717E7,2025-09-23
I987283,1776,1.2897901299E8,2025-09-26
I987284,1640,1.05976682E8,2025-10-03
I987285,1531,4.707732066E7,2025-10-05
I987286,323,2.967138395E7,2025-10-04
I987287,1550,1.3627038732E8,2025-09-23
I987288,906,7.17274401E7,2025-10-10
I987289,1431,2.577303311E7,2025-09-09
I987290,413,4.856199722E7,2025-10-04
I987291,411,3.912072685E7,2025-10-24
I987292,556,4.757769919E7,2025-09-24
I987293,1062,1.4886280394E8,2025-09-11
I987294,1719,8.701365055E7,2025-09-02
I987295,114,1.475016785E7,2025-09-10
I987296,1354,2.68389331E7,2025-10-27
I987297,984,1.2236997279E8,2025-10-26
I987298,1199,1.4416528198E8,2025-09-09
I987299,1375,1.7418186109E8,2025-10-24
I987300,1192,7.259700906E7,2025-10-16
I987301,775,4.812400946E7,2025-09-19
I987302,420,4.80552549E7,2025-10-30
I987303,1360,1.7635573106E8,2025-09-13
I987304,1408,5.081113473E7,2025-10-07
I987305,566,7.298829996E7,2025-10-06
I987306,223,2.644035332E7,2025-09-12
I987307,452,2.196528748E7,2025-10-29
I987308,617,6.27824743E7,2025-10-17
I987309,1689,1.6317630929E8,2025-10-30
I987310,1879,2.030550685E8,2025-10-01
I987311,373,2.186092099E7,2025-10-10
I987312,1498,8.842534136E7,2025-09-05
I987313,1787,2.5879855449E8,2025-09-19
I987314,1378,1.0497024899E8,2025-09-13
I987315,415,9775805.66,2025-10-04
I987316,507,6.950261478E7,2025-10-11
I987317,855,1.0625791287E8,2025-10-10
I987318,770,1.141806932E8,2025-09-30
I987319,655,1.319499119E7,2025-09-03
I987320,215,1016910.49,2025-09-03
I987321,429,5.190340961E7,2025-10-04
I987322,1026,8.83053813E7,2025-09-13
I987323,253,381193.84,2025-10-07
I987324,1868,2.667762385E8,2025-09-30
I987325,236,3.201292253E7,2025-10-13
I987326,1317,8.689370678E7,2025-09-02
I987327,1850,2.688764703E7,2025-09-14
I987328,1831,2.1948294544E8,2025-10-23
I987329,1067,3.496430493E7,2025-10-27
I987330,109,1.37126788E7,2025-09-11
I987331,1460,1.8084177639E8,2025-09-23
I987332,1783,3.317956402E7,2025-10-21
I987333,1504,1.0338794809E8,2025-09-13
I987334,820,2.240004728E7,2025-09-15
I987335,586,7505743.21,2025-10-10
I987336,1903,6.020329636E7,2025-09-29
I987337,1711,1.1517164321E8,2025-10-02
I987338,653,7.482582674E7,2025-09-12
I987339,211,9849943.93,2025-09-27
I987340,1529,1.109035734E8,2025-10-06
I987341,1542,1.7737004902E8,2025-10-05
I987342,225,1.342159213E7,2025-10-20
I987343,1270,9.226635214E7,2025-10-18
I987344,580,8.289325605E7,2025-10-24
I987345,1911,7.621731433E7,2025-09-23
I987346,1462,1.9699777181E8,2025-10-28
I987347,519,6.431598438E7,2025-10-09
I987348,135,1.15357426E7,2025-10-04
I987349,458,5.49936658E7,2025-09-14
I987350,1898,3.653721861E7,2025-09-19
I987351,611,8.657406096E7,2025-10-14
I987352,1295,1.6151834851E8,2025-09-10
I987353,1915,2.0084016021E8,2025-10-01
I987354,1778,7.825230922E7,2025-09-29
I987355,1781,9.141252235E7,2025-10-22
I987356,1078,6.152569696E7,2025-10-14
I987357,348,3948228.14,2025-10-10
I987358,610,6.770004703E7,2025-09-22
I987359,1414,1.3297045531E8,2025-09-28
I987360,1698,1.546747105E7,2025-10-05
I987361,1231,6.589538233E7,2025-09-03
I987362,692,4.777385112E7,2025-09-13
I987363,114,994687.28,2025-10-15
I987364,828,9.049863758E7,2025-09-21
I987365,1652,1.2213045244E8,2025-09-27
I987366,596,4.516901402E7,2025-10-30
I987367,1426,1.8466426362E8,2025-10-13
I987368,1752,9.015015662E7,2025-10-01
I987369,1225,5.373649145E7,2025-10-28
I987370,1052,7.98655969E7,2025-10-02
I987371,850,9.659661819E7,2025-09-25
I987372,1123,7.999695833E7,2025-09-28
I987373,1567,2.0144398783E8,2025-10-06
I987374,1718,1.5208960777E8,2025-09-05
I987375,169,3001844.42,2025-09-28
I987376,400,1.416832002E7,2025-09-09
I987377,224,9980563.4,2025-10-28
I987378,1714,6.671195032E7,2025-10-22
I987379,138,8511353.71,2025-10-09
I987380,476,1.270930276E7,2025-10-18
I987381,261,2.469539748E7,2025-10-02
I987382,643,1.751071593E7,2025-10-13
I987383,598,6074528.56,2025-09-12
I987384,836,8.89355033E7,2025-10-09
I987385,438,1.965720297E7,2025-09-02
I987386,242,3.497970194E7,2025-10-02
I987387,83,3876574.43,2025-09-08
I987388,858,6.115147276E7,2025-10-06
I987389,675,7.862228236E7,2025-10-03
I987390,476,2.757687343E7,2025-09-24
I987391,1141,1.5744510848E8,2025-09-14
I987392,993,5.590651481E7,2025-10-08
I987393,204,1.262907266E7,2025-09-28
I987394,618,3.733718644E7,2025-09-20
I987395,133,8913569.68,2025-09-26
I987396,1919,9.045887032E7,2025-10-30
I987397,308,3.200120725E7,2025-09-17
I987398,1493,3.742212515E7,2025-10-15
I987399,357,2.922174098E7,2025-10-19
I987400,1940,1.7037591875E8,2025-10-02
I987401,72,1684402.33,2025-10-16
I987402,1259,1.019629421E7,2025-09-19
I987403,1383,1.7565539523E8,2025-10-09
I987404,915,3.514124111E7,2025-09-26
I987405,893,1.252940212E8,2025-10-27
I987406,998,1.3962266467E8,2025-09-15
I987407,1135,1.6778409844E8,2025-10-25
I987408,438,5.468465819E7,2025-10-22
I987409,515,4.446588686E7,2025-09-11
I987410,1895,2.715763351E7,2025-10-18
I987411,373,4.501313961E7,2025-10-30
I987412,529,2290221.23,2025-09-18
I987413,283,4.128235194E7,2025-09-02
I987414,1030,1.234777852E8,2025-10-15
I987415,129,5003431.64,2025-09-09
I987416,366,1.274405496E7,2025-10-23
I987417,1278,1.4571437716E8,2025-10-11
I987418,1666,2.430677835E8,2025-09-09
I987419,1625,4.244374882E7,2025-09-19
I987420,1540,1.2748651666E8,2025-09-21
I987421,1912,4.724013283E7,2025-10-13
I987422,1727,1.3466602236E8,2025-10-31
I987423,1213,6.207460473E7,2025-10-21
I987424,1681,8.925365169E7,2025-09-08
I987425,1896,2.2353971158E8,2025-10-08
I987426,1939,9.337235827E7,2025-10-08
I987427,271,4.0629589E7,2025-09-07
I987428,557,4.171766443E7,2025-10-13
I987429,1170,8838472.68,2025-10-10
I987430,1187,1.6237791873E8,2025-10-11
I987431,394,1671190.46,2025-10-22
I987432,1812,5.594986489E7,2025-09-04
I987433,869,2.015383503E7,2025-09-29
I987434,189,8869512.65,2025-10-19
I987435,984,1.120876135E7,2025-09-04
I987436,1395,1.6585949228E8,2025-09-12
I987437,744,7.634100401E7,2025-10-18
I987438,1901,1.7773047882E8,2025-09-17
I987439,1478,4.425138775E7,2025-09-11
I987440,223,1.506257791E7,2025-09-05
I987441,91,1.132082531E7,2025-09-03
I987442,145,7211988.7,2025-09-20
I987443,1180,8.256836823E7,2025-09-02
I987444,1754,6812356.88,2025-10-01
I987445,1990,5.625519046E7,2025-10-29
I987446,866,2.373169518E7,2025-09-02
I987447,1621,2.1174550451E8,2025-09-27
I987448,752,6.040837428E7,2025-09-10
I987449,255,6640832.87,2025-09-11
I987450,1771,3.226033611E7,2025-09-30
I987451,1178,4.368971236E7,2025-09-01
I987452,1294,5.539443307E7,2025-09-22
I987453,1405,3.774895131E7,2025-10-26
I987454,1745,7.583444253E7,2025-10-18
I987455,1687,2.4065902966E8,2025-09-29
I987456,778,3.620153779E7,2025-09-12
I987457,718,1.0438112742E8,2025-10-19
I987458,372,4.536200487E7,2025-10-29
I987459,405,5981342.88,2025-09-30
I987460,300,3.599373278E7,2025-10-08
I987461,1041,2.669488947E7,2025-10-21
I987462,1066,3131951.06,2025-10-15
I987463,108,6927538.0,2025-09-10
I987464,687,7.914725728E7,2025-09-22
I987465,643,8.211257441E7,2025-09-25
I987466,377,1.848553154E7,2025-10-08
I987467,1315,1.977143826E7,2025-09-01
I987468,946,4.663258985E7,2025-09-05
I987469,414,4.862397526E7,2025-09-16
I987470,672,6.319440999E7,2025-10-24
I987471,1807,8.67735506E7,2025-10-15
I987472,1358,1.5743254157E8,2025-10-21
I987473,1066,9.462884209E7,2025-10-06
I987474,529,1.317984578E7,2025-10-14
I987475,229,7997938.83,2025-09-15
I987476,222,6232139.66,2025-09-28
I987477,463,1.8286227E7,2025-09-19
I987478,1955,5.048811708E7,2025-10-08
I987479,1622,1.3956067796E8,2025-10-06
I987480,1184,3.86563945E7,2025-10-14
I987481,193,9592183.43,2025-10-29
I987482,1874,2.3339848835E8,2025-10-04
I987483,1119,2.024943307E7,2025-09-09
I987484,77,4511018.72,2025-10-10
I987485,1383,1.623107124E7,2025-09-04
I987486,1448,1.4356797788E8,2025-09-16
I987487,1514,1.9380177923E8,2025-10-30
I987488,1066,7.955298835E7,2025-10-29
I987489,741,5860543.93,2025-09-08
I987490,1840,2.738928314E7,2025-09-15
I987491,971,3.37553782E7,2025-10-18
I987492,770,6.419788981E7,2025-09-27
I987493,1585,1.5311187999E8,2025-09-02
I987494,481,1576306.65,2025-10-27
I987495,1458,1.5889853099E8,2025-10-31
I987496,1405,6.591889263E7,2025-09-22
I987497,1069,3.920306594E7,2025-09-10
I987498,1745,1.4721537647E8,2025-10-22
I987499,853,7.348655918E7,2025-09-12
I987500,373,1.223896079E7,2025-09-22
I987501,190,1.225438521E7,2025-10-30
I987502,845,8.958217951E7,2025-09-04
I987503,1018,1.5249826129E8,2025-09-14
I987504,1109,1.6269911975E8,2025-10-29
I987505,908,5.40497804E7,2025-09-21
I987506,798,2.833952738E7,2025-09-19
I987507,1492,4.257084072E7,2025-10-18
I987508,612,7.847635068E7,2025-10-01
I987509,86,7099129.04,2025-10-12
I987510,312,4.090151671E7,2025-09-15
I987511,324,1290026.97,2025-09-21
I987512,740,1.105807915E8,2025-10-19
I987513,159,1.970454963E7,2025-10-14
I987514,394,3.59873691E7,2025-09-29
I987515,706,9.954371384E7,2025-10-21
I987516,802,1.1416477914E8,2025-09-29
I987517,1720,9.74397951E7,2025-09-27
I987518,995,4.021500515E7,2025-10-16
I987519,686,1.484035285E7,2025-09-09
I987520,467,4.01760893E7,2025-09-02
I987521,148,1.924810006E7,2025-09-24
I987522,1484,2.1462301898E8,2025-10-23
I987523,409,771603.49,2025-09-29
I987524,1658,8.838369765E7,2025-10-10
I987525,367,4.523725919E7,2025-09-21
I987526,195,8511969.37,2025-10-06
I987527,1136,4.892478484E7,2025-10-24
I987528,411,3.04740374E7,2025-10-29
I987529,263,2914248.35,2025-10-27
I987530,325,2.44283977E7,2025-09-26
I987531,1587,1.9012781228E8,2025-09-23
I987532,1176,1.5421203049E8,2025-10-06
I987533,615,6.268280516E7,2025-09-06
I987534,177,2.017404496E7,2025-10-01
I987535,635,2.553846441E7,2025-09-17
I987536,730,1.655043879E7,2025-09-20
I987537,294,3.687475163E7,2025-10-06
I987538,1819,2.6236819794E8,2025-09-04
I987539,855,7.647652955E7,2025-09-21
I987540,68,5287230.06,2025-09-29
I987541,912,9.009849516E7,2025-10-09
I987542,1143,1.599673086E8,2025-09-07
I987543,983,8.466643701E7,2025-10-30
I987544,337,4.62913697E7,2025-10-25
I987545,632,4.125556078E7,2025-10-09
I987546,123,2351472.22,2025-10-21
I987547,271,1.708356525E7,2025-09-18
I987548,834,4.986173391E7,2025-09-07
I987549,1977,2.3657954389E8,2025-10-12
I987550,1380,1.2973579792E8,2025-10-29
I987551,1564,6.146557845E7,2025-10-03
I987552,738,9.713558002E7,2025-09-24
I987553,452,2.819340787E7,2025-09-21
I987554,1315,1.3545181315E8,2025-10-08
I987555,1196,4.541249735E7,2025-09-11
I987556,1442,1.1345074674E8,2025-09-18
I987557,1411,1559487.76,2025-09-13
I987558,1715,6.590916932E7,2025-09-17
I987559,382,3.985665626E7,2025-09-25
I987560,1813,1.085152903E7,2025-10-12
I987561,674,2.602168557E7,2025-09-29
I987562,1585,2.3468840243E8,2025-09-21
I987563,1290,1.6205606178E8,2025-09-20
I987564,1559,5.816445337E7,2025-09-27
I987565,576,4.772490007E7,2025-10-04
I987566,1506,1.2395358781E8,2025-10-21
I987567,347,3.350605677E7,2025-09-26
I987568,879,1.2684271982E8,2025-10-22
I987569,394,5.459358141E7,2025-10-20
I987570,1009,3.223858289E7,2025-09-12
I987571,765,1.926796377E7,2025-09-14
I987572,956,2.891109088E7,2025-09-29
I987573,872,1.0549742546E8,2025-09-22
I987574,890,1.198581043E7,2025-09-27
I987575,674,2.601244739E7,2025-09-11
I987576,1211,1441322.18,2025-09-04
I987577,422,3.965903945E7,2025-10-08
I987578,686,3.338818709E7,2025-10-23
I987579,1947,1.622994084E8,2025-09-03
I987580,397,4.588731723E7,2025-09-28
I987581,128,1.277655549E7,2025-10-13
I987582,457,4.688918939E7,2025-10-07
I987583,1398,1.0580671961E8,2025-10-31
I987584,1332,1.6721205018E8,2025-10-28
I987585,1746,2.918693714E7,2025-09-17
I987586,249,3.453031248E7,2025-10-16
I987587,1511,1.0823844565E8,2025-09-10
I987588,655,5.988200098E7,2025-10-12
I987589,623,8.723286571E7,2025-09-28
I987590,913,1.2609381475E8,2025-10-14
I987591,301,3.868316707E7,2025-10-20
I987592,1560,2079315.13,2025-10-29
I987593,740,4948709.05,2025-10-04
I987594,1166,1.1733526719E8,2025-09-22
I987595,214,1.091068874E7,2025-10-05
I987596,1849,9.261126534E7,2025-10-04
I987597,1651,1.2626943862E8,2025-10-22
I987598,735,3.056947555E7,2025-09-23
I987599,1386,9.793464923E7,2025-09-06
I987600,1924,4.143985474E7,2025-10-31
I987601,1209,6.041551339E7,2025-10-27
I987602,476,2.04102183E7,2025-09-29
I987603,1752,1.3356942641E8,2025-09-11
I987604,372,3.779862573E7,2025-09-16
I987605,315,3.375173592E7,2025-09-07
I987606,104,1.015420197E7,2025-09-29
I987607,1458,4.396525151E7,2025-10-29
I987608,1462,2.0761338993E8,2025-10-03
I987609,1102,3.954648239E7,2025-10-12
I987610,655,8.871486496E7,2025-10-23
I987611,1658,2.4236151714E8,2025-09-11
I987612,810,7.564014303E7,2025-09-30
I987613,623,6.807832828E7,2025-09-26
I987614,376,1.908675105E7,2025-09-22
I987615,338,3595987.0,2025-10-23
I987616,113,1.655096959E7,2025-10-30
I987617,613,4.341306415E7,2025-10-01
I987618,372,1.191890346E7,2025-10-26
I987619,1680,1.380886462E7,2025-09-22
I987620,276,1.268477493E7,2025-09-15
I987621,1783,2.0282240853E8,2025-10-09
I987622,976,1.2328011743E8,2025-10-14
I987623,1473,2.0611157886E8,2025-09-04
I987624,256,1.637990392E7,2025-09-12
I987625,1420,3.711273601E7,2025-09-07
I987626,102,8440351.77,2025-10-21
I987627,1201,1.1457864212E8,2025-10-06
I987628,629,6.96223562E7,2025-10-11
I987629,1783,2.299344428E8,2025-10-05
I987630,1848,4.087907451E7,2025-10-02
I987631,528,6.685000308E7,2025-10-13
I987632,1523,2.51837534E7,2025-10-07
I987633,1199,7.084336592E7,2025-09-20
I987634,498,6.425053323E7,2025-09-16
I987635,507,3.840839757E7,2025-09-21
I987636,154,1.009137444E7,2025-09-07
I987637,175,8522411.03,2025-10-26
I987638,1146,2.229034197E7,2025-09-28
I987639,561,1.190616002E7,2025-09-22
I987640,911,8.604771759E7,2025-10-22
I987641,138,6213702.48,2025-09-04
I987642,1009,2.278797264E7,2025-09-02
I987643,1739,8203183.85,2025-09-17
I987644,1907,2.464438824E7,2025-09-21
I987645,456,5.073572257E7,2025-10-13
I987646,494,1.541276355E7,2025-09-21
I987647,1018,5.441205859E7,2025-09-17
I987648,1903,2.7480700522E8,2025-10-09
I987649,845,1.1480919294E8,2025-09-23
I987650,354,224579.06,2025-09-28
I987651,1968,1.9148901895E8,2025-09-22
I987652,1317,1.3750690342E8,2025-10-11
I987653,1809,2.3914770038E8,2025-10-13
I987654,1857,1.9479307561E8,2025-09-10
I987655,164,1.59598992E7,2025-09-03
I987656,1009,5.284919107E7,2025-10-12
I987657,650,9.151754551E7,2025-09-23
I987658,914,4.75319362E7,2025-09-06
I987659,1519,3.64643138E7,2025-10-15
I987660,91,1.001397272E7,2025-10-15
I987661,1256,1.2416267904E8,2025-09-12
I987662,249,2545368.98,2025-10-11
I987663,1428,3.104469184E7,2025-09-04
I987664,655,5.090068811E7,2025-09-17
I987665,1357,7.859142132E7,2025-10-05
I987666,1952,1.003134409E8,2025-09-04
I987667,1893,9.286229082E7,2025-09-13
I987668,1806,4.871012306E7,2025-09-10
I987669,290,1100224.03,2025-09-03
I987670,1117,1.5703636399E8,2025-09-24
I987671,294,1.411848839E7,2025-10-15
I987672,1526,5.032854279E7,2025-10-03
I987673,1136,1.749867072E7,2025-09-27
I987674,1250,1.1220012164E8,2025-09-17
I987675,215,1.336158618E7,2025-09-04
I987676,782,3.40032667E7,2025-09-09
I987677,699,5344137.72,2025-09-18
I987678,727,2.248995986E7,2025-09-19
I987679,360,1.93338333E7,2025-09-29
I987680,1992,2.4061266062E8,2025-09-27
I987681,60,1201367.06,2025-10-08
I987682,1988,1.2190692418E8,2025-09-12
I987683,1126,9.491384343E7,2025-10-02
I987684,1923,2415271.28,2025-09-20
I987685,1743,1.5112426588E8,2025-09-28
I987686,486,6.555116723E7,2025-10-26
I987687,886,1.441105913E7,2025-10-17
I987688,1652,1.9893392028E8,2025-09-07
I987689,749,1.0225406089E8,2025-09-22
I987690,469,1.891725849E7,2025-09-13
I987691,1554,1.4974698222E8,2025-10-25
I987692,1263,1.6047982817E8,2025-09-18
I987693,1280,1.7289584827E8,2025-09-02
I987694,479,6.444265701E7,2025-10-16
I987695,1454,1.7791781738E8,2025-10-15
I987696,496,1.197929511E7,2025-10-07
I987697,82,1.189660955E7,2025-09-21
I987698,805,1.0335713134E8,2025-10-12
I987699,763,3.925640683E7,2025-09-20
I987700,1427,1.5557734579E8,2025-09-23
I987701,1626,2.2555406065E8,2025-09-09
I987702,1668,2.0470685825E8,2025-10-22
I987703,1896,2.1834239098E8,2025-10-04
I987704,1592,1.1980534437E8,2025-09-30
I987705,479,6.684868416E7,2025-09-27
I987706,258,3273727.5,2025-10-22
I987707,111,1.54734065E7,2025-09-30
I987708,783,7.131517624E7,2025-09-23
I987709,1374,1.4229849278E8,2025-10-04
I987710,1121,9.197875505E7,2025-09-01
I987711,61,1502697.29,2025-10-18
I987712,609,2.645224407E7,2025-09-14
I987713,1110,912409.57,2025-10-29
I987714,54,7826236.49,2025-10-05
I987715,918,6.326581381E7,2025-09-16
I987716,910,4.228751523E7,2025-10-06
I987717,1688,2.3064181985E8,2025-10-13
I987718,1150,1.6059954969E8,2025-10-09
I987719,131,5542792.78,2025-10-20
I987720,462,3.793107348E7,2025-10-17
I987721,1166,1.0085352626E8,2025-09-08
I987722,1516,1.403415046E8,2025-09-29
I987723,1553,2.1001933079E8,2025-09-10
I987724,210,674075.38,2025-10-12
I987725,203,2.114244122E7,2025-09-26
I987726,1467,5.995277722E7,2025-10-15
I987727,792,5.40244316E7,2025-09-16
I987728,1820,2.5137190953E8,2025-09-10
I987729,1152,9.059894119E7,2025-09-03
I987730,557,3.626253886E7,2025-09-20
I987731,1679,2.4594363544E8,2025-10-01
I987732,214,2.864279538E7,2025-10-17
I987733,557,4.737654762E7,2025-10-03
I987734,491,6.056451042E7,2025-10-14
I987735,1653,6.932372893E7,2025-10-19
I987736,650,9.161289811E7,2025-10-27
I987737,1390,1.6103237733E8,2025-10-26
I987738,1458,5.711711488E7,2025-10-28
I987739,1814,4.177185225E7,2025-10-10
I987740,87,2549503.99,2025-10-15
I987741,482,3.818262089E7,2025-09-16
I987742,1746,1.6016884521E8,2025-09-22
I987743,153,4903299.06,2025-10-21
I987744,1388,9.848014705E7,2025-09-10
I987745,1212,9.448888548E7,2025-10-16
I987746,1978,2.829299558E8,2025-09-26
I987747,1536,2.0150735953E8,2025-09-26
I987748,228,4367788.05,2025-10-11
I987749,1576,1.3603178936E8,2025-10-14
I987750,806,3.868826406E7,2025-09-04
I987751,1997,2.5647671363E8,2025-09-18
I987752,67,4206415.12,2025-09-13
I987753,1529,1.1579134042E8,2025-10-29
I987754,653,5.264044336E7,2025-10-08
I987755,1483,1.6550226431E8,2025-10-30
I987756,1255,2.325874545E7,2025-09-05
I987757,204,1986715.82,2025-09-30
I987758,1036,1.5209196717E8,2025-09-12
I987759,174,1.801225674E7,2025-10-24
I987760,1475,4.176491223E7,2025-10-25
I987761,407,5.127723561E7,2025-10-06
I987762,436,2.736344653E7,2025-10-08
I987763,335,2.625884979E7,2025-09-08
I987764,1933,2.1055967319E8,2025-10-27
I987765,217,5047952.52,2025-09-06
I987766,662,9.887222967E7,2025-09-28
I987767,543,7.391604334E7,2025-10-05
I987768,347,1.202852813E7,2025-09-23
I987769,1110,1.5310557072E8,2025-09-20
I987770,92,5553796.54,2025-10-03
I987771,1709,2.1741177836E8,2025-10-01
I987772,1572,2.2489513798E8,2025-09-23
I987773,153,5836543.15,2025-09-20
I987774,1463,1.5477084398E8,2025-09-04
I987775,923,4.825213443E7,2025-10-07
I987776,1171,1.0570994737E8,2025-10-18
I987777,366,4.556559866E7,2025-09-16
I987778,1591,1.4634756052E8,2025-09-23
I987779,1036,3.406529696E7,2025-09-30
I987780,1793,4.713143457E7,2025-10-21
I987781,190,2.558160405E7,2025-09-28
I987782,635,6.062402848E7,2025-09-24
I987783,1541,1.9732625716E8,2025-10-21
I987784,333,2.471268083E7,2025-09-11
I987785,1068,1.3730868924E8,2025-09-16
I987786,1252,8.085020701E7,2025-09-17
I987787,1491,1.242042533E7,2025-10-22
I987788,558,1.124648366E7,2025-10-02
I987789,1050,1.3078505066E8,2025-09-26
I987790,739,1.0653579114E8,2025-09-27
I987791,902,7.157681191E7,2025-10-27
I987792,1692,1.7887494394E8,2025-09-11
I987793,363,5.353159335E7,2025-09-09
I987794,410,3.516835277E7,2025-09-03
I987795,150,1.324764184E7,2025-10-18
I987796,335,4.847986235E7,2025-09-13
I987797,1344,1.849662164E7,2025-10-06
I987798,1249,3.733859414E7,2025-09-10
I987799,114,822458.87,2025-10-27
I987800,1218,4.028545545E7,2025-10-13
I987801,1979,2.5422992451E8,2025-09-15
I987802,738,2.615498617E7,2025-09-14
I987803,969,1.0707640904E8,2025-09-03
I987804,1935,2.4890573241E8,2025-09-04
I987805,144,1.664350049E7,2025-09-01
I987806,761,1.0577908469E8,2025-10-23
I987807,1748,1.9046774744E8,2025-10-08
I987808,1865,4.597398103E7,2025-09-13
I987809,1474,1.0339104929E8,2025-09-10
I987810,1814,2.3764718984E8,2025-09-17
I987811,364,4.365045746E7,2025-10-03
I987812,1680,9.740326247E7,2025-10-17
I987813,1173,7.722719176E7,2025-10-31
I987814,1312,1.1773345198E8,2025-10-29
I987815,959,3.02727156E7,2025-10-11
I987816,316,4.016472714E7,2025-09-28
I987817,269,1.147579599E7,2025-10-20
I987818,1814,2.254648443E7,2025-09-18
I987819,862,1.0969075101E8,2025-09-26
I987820,1800,2.1461629116E8,2025-10-27
I987821,1335,2.084355674E7,2025-09-21
I987822,965,6.089733688E7,2025-09-12
I987823,1814,1.8108310464E8,2025-09-15
I987824,359,4.677607556E7,2025-09-17
I987825,465,4.004950224E7,2025-10-17
I987826,1064,1.5039477503E8,2025-10-04
I987827,1660,1.2434829118E8,2025-10-24
I987828,422,5.087950052E7,2025-10-23
I987829,1633,1.0563132405E8,2025-09-09
I987830,1685,6.298061157E7,2025-09-20
I987831,942,9.633707036E7,2025-09-10
I987832,1184,2.655047197E7,2025-09-03
I987833,1663,1.6777053652E8,2025-10-25
I987834,1111,2.232014031E7,2025-10-13
I987835,111,6152144.69,2025-10-22
I987836,327,1311136.19,2025-09-29
I987837,948,6.157298335E7,2025-09-05
I987838,1038,1050736.32,2025-10-02
I987839,1658,2.595806533E7,2025-09-06
I987840,321,1.665275361E7,2025-10-18
I987841,463,3.267901821E7,2025-10-01
I987842,174,1.243623941E7,2025-09-19
I987843,508,1.818742105E7,2025-10-11
I987844,647,579448.71,2025-09-28
I987845,1240,1.074571236E8,2025-10-01
I987846,1004,1.4164283448E8,2025-10-23
I987847,1545,1.1570785687E8,2025-10-18
I987848,858,8.474654565E7,2025-10-20
I987849,304,1.646929791E7,2025-09-15
I987850,1645,1.6149632264E8,2025-10-20
I987851,1461,1.2672574307E8,2025-09-24
I987852,873,1.3037302378E8,2025-10-15
I987853,1046,6.442996189E7,2025-10-05
I987854,1670,1.3048009003E8,2025-09-30
I987855,557,7072167.62,2025-09-29
I987856,1265,2.320797623E7,2025-10-20
I987857,1027,3.945173952E7,2025-10-08
I987858,1231,1.737930168E7,2025-10-14
I987859,1708,1.0079834351E8,2025-10-02
I987860,161,4445353.32,2025-10-03
I987861,133,6322623.43,2025-09-03
I987862,1722,1.78691163E7,2025-09-02
I987863,395,5.315120935E7,2025-10-28
I987864,370,4.999444693E7,2025-09-30
I987865,444,3.149105889E7,2025-09-22
I987866,739,7.829670297E7,2025-10-23
I987867,319,2.348987125E7,2025-10-06
I987868,1882,1.6761544463E8,2025-09-06
I987869,1737,2.3396937569E8,2025-10-26
I987870,1542,5.952151964E7,2025-09-11
I987871,1216,3.506197923E7,2025-10-10
I987872,1978,1.304687467E8,2025-10-17
I987873,1750,9.116088703E7,2025-09-18
I987874,965,8.187886682E7,2025-10-12
I987875,958,8.265502828E7,2025-10-16
I987876,1858,1.7551348401E8,2025-09-25
I987877,341,1601081.59,2025-09-15
I987878,1296,9.210581066E7,2025-10-02
I987879,1628,2.474642215E7,2025-09-16
I987880,1008,1.038358755E8,2025-09-25
I987881,1815,1.8170573673E8,2025-09-17
I987882,736,1.804650272E7,2025-09-12
I987883,1894,2.5927260072E8,2025-10-22
I987884,1300,1.0896254082E8,2025-10-21
I987885,1861,5.416741891E7,2025-09-28
I987886,1698,2.3613371409E8,2025-09-01
I987887,1756,2.293997909E7,2025-10-04
I987888,1155,2.694473004E7,2025-10-30
I987889,238,1.46774361E7,2025-09-29
I987890,952,4.076026971E7,2025-09-25
I987891,1816,1.0239733504E8,2025-09-12
I987892,1914,8.365679278E7,2025-10-07
I987893,1728,3343396.92,2025-10-06
I987894,1732,1.1788437893E8,2025-09-07
I987895,426,1.961355827E7,2025-09-15
I987896,1217,1.3362965935E8,2025-09-02
I987897,1975,2.8451428332E8,2025-09-12
I987898,566,967085.39,2025-09-26
I987899,1824,1.2903999269E8,2025-10-15
I987900,1916,1.9662193529E8,2025-10-01
I987901,1171,1.0706697644E8,2025-10-01
I987902,207,2.452418464E7,2025-09-12
I987903,874,1.0424276713E8,2025-09-26
I987904,311,2.125879172E7,2025-10-27
I987905,1169,2.573226741E7,2025-10-08
I987906,1357,1.974542764E8,2025-09-05
I987907,1905,8.496956939E7,2025-10-17
I987908,1269,1.3974696944E8,2025-09-18
I987909,514,6.716869751E7,2025-09-10
I987910,338,1.712743247E7,2025-09-01
I987911,1162,1.1378671609E8,2025-10-30
I987912,1008,1.1672134955E8,2025-10-31
I987913,1073,2.031318037E7,2025-10-29
I987914,632,1.519016488E7,2025-09-18
I987915,1994,3417972.1,2025-09-12
I987916,1804,2.6923344391E8,2025-09-18
I987917,197,1.963702914E7,2025-09-25
I987918,268,1.308803381E7,2025-10-25
I987919,172,1.41690232E7,2025-09-12
I987920,1150,1.1874720787E8,2025-09-07
I987921,1882,2.589511638E8,2025-10-02
I987922,927,1.1724685938E8,2025-10-27
I987923,258,1.953852913E7,2025-10-03
I987924,712,5.098119144E7,2025-09-12
I987925,1984,2.2336681514E8,2025-10-11
I987926,770,4.91267523E7,2025-10-20
I987927,981,8.44327157E7,2025-09-19
I987928,373,4.268765364E7,2025-10-23
I987929,860,1.1418031897E8,2025-10-02
I987930,198,1.474780009E7,2025-09-11
I987931,1471,3850207.6,2025-09-05
I987932,1839,1.9291276442E8,2025-09-13
I987933,1521,9.780804142E7,2025-09-02
I987934,1664,5.889670053E7,2025-09-16
I987935,191,1.160908564E7,2025-09-08
I987936,966,5.924078771E7,2025-10-04
I987937,1652,1.578279309E8,2025-09-10
I987938,874,1.226292544E7,2025-09-20
I987939,1898,3.041824981E7,2025-09-07
I987940,1840,1.5591363672E8,2025-09-12
I987941,1707,9.472961393E7,2025-09-29
I987942,1831,8.672674608E7,2025-10-07
I987943,1252,1.741479716E7,2025-10-01
I987944,443,1.557480281E7,2025-10-01
I987945,210,2.153005917E7,2025-09-18
I987946,776,1.430940542E7,2025-10-28
I987947,1048,1.3317581472E8,2025-10-23
I987948,1500,2.539840402E7,2025-10-05
I987949,364,1.396171661E7,2025-09-02
I987950,1872,2.6997436199E8,2025-09-09
I987951,1782,1.1193426452E8,2025-09-02
I987952,75,8933713.2,2025-09-14
I987953,1725,8.46564293E7,2025-10-21
I987954,1207,3.401251491E7,2025-10-28
I987955,1902,7.881198668E7,2025-10-13
I987956,1782,1.7056042711E8,2025-09-23
I987957,328,3.226635222E7,2025-10-05
I987958,1346,1.1407401044E8,2025-10-16
I987959,644,1969166.43,2025-09-20
I987960,915,1.246364269E8,2025-09-14
I987961,1349,1.559353413E7,2025-10-21
I987962,1791,2.725877974E7,2025-09-17
I987963,536,1.429057045E7,2025-10-30
I987964,1495,1.1306047412E8,2025-10-28
I987965,59,1778978.69,2025-10-05
I987966,1402,1.9714951972E8,2025-10-17
I987967,1181,1.5800948361E8,2025-09-15
I987968,645,5.174408688E7,2025-09-22
I987969,455,1.515505841E7,2025-10-25
I987970,1343,5951899.38,2025-10-06
I987971,1416,8.45665425E7,2025-09-05
I987972,930,7.224297763E7,2025-10-14
I987973,1423,1.4765680731E8,2025-09-19
I987974,1832,6.142025787E7,2025-09-13
I987975,737,1.780269689E7,2025-10-25
I987976,482,3.61844236E7,2025-09-12
I987977,203,1029619.38,2025-09-19
I987978,304,3.740772466E7,2025-10-16
I987979,751,3.075306757E7,2025-09-11
I987980,964,7.359438895E7,2025-09-04
I987981,1854,2.6759116312E8,2025-10-25
I987982,1250,3.147585192E7,2025-10-20
I987983,393,1245011.51,2025-09-25
I987984,792,4.538063585E7,2025-09-29
I987985,110,5197635.45,2025-09-21
I987986,906,9.630890159E7,2025-10-07
I987987,375,1.97768994E7,2025-09-28
I987988,1181,1.3316737237E8,2025-09-09
I987989,1970,1.4257773671E8,2025-10-27
I987990,495,9576576.7,2025-09-12
I987991,968,1.048220575E7,2025-10-27
I987992,1606,1.6017254333E8,2025-09-22
I987993,1587,2.1728778424E8,2025-10-05
I987994,930,3.092565931E7,2025-10-10
I987995,284,1.621937207E7,2025-10-15
I987996,624,7.554562732E7,2025-10-30
I987997,1984,1.9923848502E8,2025-09-22
I987998,713,4.910326011E7,2025-09-12
I987999,583,5.029973817E7,2025-09-16
I988000,817,1.0861402425E8,2025-10-25
I988001,260,2.504109331E7,2025-10-13
I988002,646,5018636.87,2025-10-17
I988003,989,2.364818952E7,2025-10-28
I988004,1249,7591553.61,2025-09-02
I988005,266,3.288568254E7,2025-10-15
I988006,1620,1.8617129052E8,2025-09-29
I988007,1803,1.8353278384E8,2025-10-25
I988008,1031,1.0454132259E8,2025-09-06
I988009,890,9.828714114E7,2025-09-07
I988010,1675,2.1784429956E8,2025-10-28
I988011,776,3.155094831E7,2025-10-03
I988012,1890,7.010801336E7,2025-09-02
I988013,1431,2215328.98,2025-09-16
I988014,1069,1.24053102E7,2025-09-30
I988015,628,3781245.08,2025-10-24
I988016,1608,2.0925741875E8,2025-10-23
I988017,1075,1.2818944662E8,2025-09-19
I988018,88,7137519.62,2025-10-08
I988019,822,8593881.88,2025-09-26
I988020,1380,1.2863642156E8,2025-10-13
I988021,196,2.624471977E7,2025-09-17
I988022,362,1.133333124E7,2025-10-27
I988023,771,9.57431995E7,2025-09-25
I988024,1476,1.109513471E7,2025-09-15
I988025,832,1.2071482302E8,2025-10-21
I988026,876,8.875745722E7,2025-09-28
I988027,1069,5.566086569E7,2025-09-16
I988028,1979,1.3597905517E8,2025-10-03
I988029,173,6625456.28,2025-09-17
I988030,1637,1.9517719045E8,2025-09-14
I988031,152,6607507.91,2025-09-21
I988032,939,1.1410581974E8,2025-09-10
I988033,1829,7.893663529E7,2025-09-13
I988034,224,9656966.36,2025-09-28
I988035,184,1773367.77,2025-09-13
I988036,1035,1.2646206709E8,2025-09-14
I988037,1772,2697567.84,2025-10-02
I988038,1293,1.719988867E7,2025-10-13
I988039,272,2.877388181E7,2025-10-01
I988040,693,9.716413965E7,2025-10-29
I988041,573,1.681713259E7,2025-09-02
I988042,1809,3.363232147E7,2025-10-14
I988043,490,7.111391535E7,2025-10-05
I988044,455,2.923880472E7,2025-09-28
I988045,1415,4034186.77,2025-09-24
I988046,1466,9.528114242E7,2025-09-26
I988047,1226,9.955304519E7,2025-09-06
I988048,1363,1.473447758E7,2025-09-08
I988049,859,4.519283559E7,2025-10-03
I988050,313,8939154.74,2025-10-01
I988051,1680,5.117049125E7,2025-09-19
I988052,229,9848512.61,2025-09-10
I988053,1568,2.070361616E8,2025-09-29
I988054,1313,9.063014327E7,2025-09-21
I988055,641,1.701446905E7,2025-10-27
I988056,290,2.806691637E7,2025-09-27
I988057,1651,2.3109268283E8,2025-09-01
I988058,1480,8.262267189E7,2025-10-13
I988059,862,5077873.98,2025-09-13
I988060,1956,1.4318220431E8,2025-10-18
I988061,122,1598007.31,2025-09-13
I988062,1714,9.975400344E7,2025-09-28
I988063,1372,8.151590562E7,2025-10-02
I988064,1644,4.597274228E7,2025-10-02
I988065,138,8199678.61,2025-10-14
I988066,340,5744568.81,2025-09-24
I988067,1234,5.995286977E7,2025-09-07
I988068,226,4263604.62,2025-10-11
I988069,1187,1.019400713E8,2025-09-09
I988070,529,6.112470296E7,2025-09-21
I988071,776,7.977238164E7,2025-10-12
I988072,1920,2.5799435963E8,2025-10-15
I988073,160,2896136.75,2025-10-22
I988074,837,1.1560848716E8,2025-09-20
I988075,1812,2.1107188165E8,2025-09-23
I988076,749,8.872491898E7,2025-09-01
I988077,1626,2.4086834722E8,2025-09-07
I988078,354,2.800647457E7,2025-10-13
I988079,1752,2.1588443065E8,2025-09-04
I988080,786,7037969.79,2025-10-01
I988081,927,1.323584434E7,2025-09-03
I988082,892,5.420974793E7,2025-09-11
I988083,1336,1.2448892489E8,2025-09-24
I988084,1353,2.0181547142E8,2025-10-20
I988085,151,1.174807317E7,2025-10-19
I988086,1024,1.526383717E7,2025-09-15
I988087,1337,1.2940996487E8,2025-09-22
I988088,849,6.549866039E7,2025-09-06
I988089,596,4.422438658E7,2025-10-03
I988090,1937,2.7391183283E8,2025-10-06
I988091,1417,1.577618946E7,2025-10-03
I988092,491,5674489.48,2025-09-17
I988093,373,3.687021326E7,2025-10-15
I988094,1179,1.6657843932E8,2025-10-23
I988095,405,1.03903497E7,2025-09-23
I988096,302,1.05848287E7,2025-09-09
I988097,102,2734704.28,2025-10-21
I988098,441,2.491434356E7,2025-10-26
I988099,1622,2.0721972848E8,2025-10-14
I988100,595,8.461662835E7,2025-10-26
I988101,473,5.225370562E7,2025-09-19
I988102,1266,7.071544473E7,2025-09-12
I988103,1550,2.0971914249E8,2025-09-19
I988104,385,4.011093302E7,2025-09-21
I988105,1446,1.5687522492E8,2025-10-11
I988106,1852,1.1870697259E8,2025-10-03
I988107,789,8.804079303E7,2025-09-03
I988108,1134,1.1665804229E8,2025-09-05
I988109,1622,1.9598682176E8,2025-09-21
I988110,56,3035043.39,2025-10-03
I988111,482,3.512846301E7,2025-09-14
I988112,349,1.802941531E7,2025-10-19
I988113,186,7788839.14,2025-09-07
I988114,599,7.744360791E7,2025-10-07
I988115,516,1.935855592E7,2025-09-09
I988116,1634,1.1370788975E8,2025-10-29
I988117,268,3.894626813E7,2025-10-02
I988118,351,4.44361656E7,2025-09-17
I988119,1244,7.981506924E7,2025-10-23
I988120,1576,1.9027733302E8,2025-09-16
I988121,651,3163374.21,2025-09-04
I988122,644,3.275683882E7,2025-10-09
I988123,73,8107000.59,2025-10-29
I988124,1188,1.0153911589E8,2025-09-19
I988125,1889,8.78307306E7,2025-09-16
I988126,869,6487149.32,2025-09-03
I988127,1316,1.3427073071E8,2025-10-27
I988128,274,1.891575454E7,2025-09-07
I988129,1085,7.750580931E7,2025-10-22
I988130,1493,8.790065534E7,2025-09-01
I988131,1474,2.564188969E7,2025-09-01
I988132,919,1.921081896E7,2025-10-08
I988133,315,2.818986113E7,2025-10-20
I988134,718,5.487788995E7,2025-10-11
I988135,1650,4.00419022E7,2025-09-17
I988136,544,7.152360424E7,2025-09-29
I988137,778,3.111749099E7,2025-10-24
I988138,1149,1.2710097143E8,2025-09-03
I988139,172,2.395879053E7,2025-10-17
I988140,1903,2.3136039582E8,2025-09-28
I988141,974,5.906106681E7,2025-09-21
I988142,732,9.551918921E7,2025-09-29
I988143,269,1.33148449E7,2025-09-04
I988144,1621,2.1266226031E8,2025-10-05
I988145,1218,3.71294041E7,2025-10-16
I988146,133,7857838.16,2025-10-01
I988147,518,6.927783805E7,2025-09-13
I988148,849,3.164532654E7,2025-09-10
I988149,1735,1.8111473113E8,2025-09-22
I988150,334,1.907560406E7,2025-10-25
I988151,1583,5.782989527E7,2025-10-21
I988152,1814,1.3983186832E8,2025-10-19
I988153,210,796839.1,2025-10-29
I988154,1275,6.452332757E7,2025-10-07
I988155,1481,1.9651916533E8,2025-10-24
I988156,669,8.473163796E7,2025-10-21
I988157,1704,1.1407023796E8,2025-09-16
I988158,663,7954956.33,2025-09-27
I988159,710,5.417400573E7,2025-09-16
I988160,1137,9.203902293E7,2025-10-31
I988161,853,1.151229122E7,2025-10-30
I988162,1461,5.032407241E7,2025-09-25
I988163,434,3136213.81,2025-10-05
I988164,1766,2.1699336415E8,2025-09-24
I988165,1087,7.455330151E7,2025-10-04
I988166,1936,5.230488774E7,2025-10-11
I988167,1708,9.563062843E7,2025-10-30
I988168,1019,1.287487298E7,2025-09-11
I988169,339,2.998053403E7,2025-09-11
I988170,404,9438663.13,2025-09-04
I988171,1424,1.5602980623E8,2025-10-25
I988172,1118,3.84593635E7,2025-09-20
I988173,1309,1.0943626489E8,2025-10-21
I988174,1007,1.024243557E8,2025-10-03
I988175,1073,1.2256299818E8,2025-09-10
I988176,1324,3.224512161E7,2025-09-02
I988177,693,1.0091892329E8,2025-09-04
I988178,1484,5.033611769E7,2025-09-21
I988179,233,7373645.42,2025-10-14
I988180,1510,2.511376641E7,2025-10-22
I988181,98,1.148574969E7,2025-10-04
I988182,1852,9.034584967E7,2025-09-17
I988183,1394,1.655720395E8,2025-10-02
I988184,1620,1.137701263E8,2025-10-26
I988185,1744,6564740.36,2025-10-02
I988186,1612,2.1624505647E8,2025-09-06
I988187,1430,3588793.48,2025-10-10
I988188,482,2.11371761E7,2025-10-29
I988189,226,3.175013811E7,2025-10-09
I988190,812,6.488728211E7,2025-09-05
I988191,1161,7.219860687E7,2025-10-29
I988192,1252,9.645050792E7,2025-10-17
I988193,1199,1.1107111243E8,2025-10-04
I988194,503,5.649058176E7,2025-10-19
I988195,345,4.092242125E7,2025-09-17
I988196,1977,2.7794023408E8,2025-10-27
I988197,238,3.281961843E7,2025-09-29
I988198,1700,2.1699416676E8,2025-09-12
I988199,721,1.96599974E7,2025-10-24
I988200,625,951218.27,2025-09-09
I988201,1996,1.4542872127E8,2025-09-04
I988202,187,2.757212972E7,2025-10-29
I988203,887,9.841133582E7,2025-09-12
I988204,123,7894061.43,2025-10-18
I988205,1117,1.3138093936E8,2025-09-05
I988206,1596,8.662206769E7,2025-10-15
I988207,488,1020018.84,2025-10-21
I988208,427,4.51552375E7,2025-09-27
I988209,1308,1.1982519733E8,2025-10-22
I988210,1413,4.770036285E7,2025-10-03
I988211,211,2.903110129E7,2025-10-24
I988212,1587,1.5817217424E8,2025-10-12
I988213,637,4.828305053E7,2025-09-20
I988214,1245,5.977050854E7,2025-10-14
I988215,286,3.481606507E7,2025-09-30
I988216,721,9.758153057E7,2025-09-21
I988217,165,1.407595725E7,2025-09-01
I988218,844,1.2052020812E8,2025-10-27
I988219,1680,2.3988475963E8,2025-09-08
I988220,122,1.429186362E7,2025-10-22
I988221,147,1.066933723E7,2025-10-21
I988222,332,3.367905043E7,2025-09-28
I988223,1682,6.704934029E7,2025-10-12
I988224,885,1.0716191548E8,2025-09-22
I988225,666,1.492882644E7,2025-09-22
I988226,428,3.740913031E7,2025-10-31
I988227,1594,6.139972221E7,2025-10-30
I988228,1426,2.0838403324E8,2025-10-22
I988229,1264,8.5251883E7,2025-09-17
I988230,322,2.417719385E7,2025-10-23
I988231,807,5.621908333E7,2025-09-01
I988232,137,1.358227181E7,2025-10-20
I988233,1757,2.2076755946E8,2025-09-13
I988234,1929,1.6654096394E8,2025-09-30
I988235,722,2.914109472E7,2025-10-21
I988236,1661,5.656998514E7,2025-09-23
I988237,1886,1.9683841629E8,2025-09-01
I988238,1415,7.282449896E7,2025-10-04
I988239,998,9.293350646E7,2025-09-23
I988240,524,7.118709344E7,2025-10-02
I988241,1497,1.1440504172E8,2025-10-04
I988242,1731,1.1598325161E8,2025-09-15
I988243,1069,1.5487557346E8,2025-10-11
I988244,641,5433751.14,2025-10-28
I988245,1064,9.638629082E7,2025-09-24
I988246,875,1.2009323625E8,2025-10-13
I988247,1866,1.1254436325E8,2025-10-27
I988248,896,8.981446162E7,2025-10-16
I988249,219,3.239859444E7,2025-10-30
I988250,656,3.838997234E7,2025-10-22
I988251,852,5.290894732E7,2025-09-10
I988252,845,5.66730524E7,2025-10-30
I988253,1524,2.0313802773E8,2025-09-13
I988254,430,3.83511312E7,2025-10-18
I988255,1053,1.2307331772E8,2025-10-20
I988256,589,7.441029789E7,2025-09-20
I988257,195,2.337232464E7,2025-09-12
I988258,1341,1.6719795385E8,2025-10-22
I988259,1592,1.143865295E8,2025-10-11
I988260,356,1257224.38,2025-10-16
I988261,504,3.605894815E7,2025-09-29
I988262,244,3.045909938E7,2025-10-19
I988263,318,7031843.84,2025-09-03
I988264,260,3.804564912E7,2025-09-30
I988265,220,2.070065541E7,2025-09-15
I988266,1561,2.2152271752E8,2025-09-27
I988267,1029,6.476617276E7,2025-09-17
I988268,158,907727.19,2025-09-18
I988269,938,1.2231353408E8,2025-10-10
I988270,1481,3.851636905E7,2025-10-30
I988271,524,5.718944156E7,2025-09-10
I988272,236,6898271.75,2025-10-05
I988273,519,2.490460316E7,2025-10-10
I988274,239,2.560485919E7,2025-09-01
I988275,1890,4.799298414E7,2025-10-12
I988276,1879,1.555085644E7,2025-10-01
I988277,852,5.949813144E7,2025-09-02
I988278,751,6.951798225E7,2025-09-02
I988279,1807,1.4816604577E8,2025-09-29
I988280,697,6.538246338E7,2025-10-29
I988281,1691,2.538806251E7,2025-10-13
I988282,1350,4.94532612E7,2025-10-06
I988283,376,6370193.34,2025-10-25
I988284,1428,1.3893987986E8,2025-10-29
I988285,1243,1.5129666864E8,2025-09-06
I988286,737,6.522017205E7,2025-09-15
I988287,803,1.0548577139E8,2025-09-11
I988288,1360,6.843933926E7,2025-09-11
I988289,125,1978363.6,2025-10-24
I988290,721,1.211510427E7,2025-09-23
I988291,1562,1.5923685358E8,2025-09-28
I988292,533,1.095819467E7,2025-10-09
I988293,820,6.914886122E7,2025-10-30
I988294,627,3.500683671E7,2025-09-14
I988295,1834,1.685356172E8,2025-10-30
I988296,1135,6.471890081E7,2025-10-25
I988297,1309,7.6775257E7,2025-10-22
I988298,581,7.267257619E7,2025-10-24
I988299,647,4.92736094E7,2025-10-02
I988300,1614,1.2038947161E8,2025-09-04
I988301,1905,2.6343480241E8,2025-10-05
I988302,1805,4.72638659E7,2025-09-14
I988303,420,4.591014104E7,2025-09-03
I988304,1752,9.308297994E7,2025-10-14
I988305,1046,4657042.02,2025-10-22
I988306,876,4118057.33,2025-10-07
I988307,148,7361747.98,2025-09-05
I988308,568,7.967724273E7,2025-09-14
I988309,962,1.1229147932E8,2025-10-22
I988310,157,1.563848679E7,2025-10-16
I988311,996,8.278067426E7,2025-10-16
I988312,1249,1.5484008417E8,2025-09-05
I988313,768,5797216.66,2025-09-20
I988314,1888,1.2577686286E8,2025-10-28
I988315,1685,1.4467932192E8,2025-09-23
I988316,818,4.48944037E7,2025-09-10
I988317,577,2.834908773E7,2025-09-13
I988318,1883,2.218974708E8,2025-09-05
I988319,819,8.733480102E7,2025-09-05
I988320,62,2890987.19,2025-10-07
I988321,1569,1.0966738386E8,2025-09-29
I988322,188,4896180.83,2025-10-10
I988323,1762,6.833984068E7,2025-10-01
I988324,1724,1.851463469E7,2025-09-13
I988325,356,8111116.45,2025-09-20
I988326,1819,1.2925514637E8,2025-10-08
I988327,108,1.250473342E7,2025-09-05
I988328,1952,7.079981964E7,2025-09-14
I988329,1533,1.0506264717E8,2025-10-27
I988330,1049,1.0562345857E8,2025-10-22
I988331,1197,1.3464888403E8,2025-09-11
I988332,1014,1.198889536E7,2025-10-08
I988333,1739,7.512623524E7,2025-09-07
I988334,1004,7.827559201E7,2025-10-12
I988335,806,6.511159217E7,2025-10-09
I988336,832,3.391165206E7,2025-10-24
I988337,156,8134561.69,2025-09-21
I988338,748,6.075206833E7,2025-09-09
I988339,572,3866548.4,2025-09-29
I988340,608,5.156626905E7,2025-10-05
I988341,831,1.0695261097E8,2025-09-15
I988342,870,1.2775234323E8,2025-09-16
I988343,1669,2.1301419456E8,2025-10-07
I988344,703,1.77443769E7,2025-10-07
I988345,1639,2.4478413336E8,2025-09-02
I988346,469,5.526745942E7,2025-10-26
I988347,245,1.144417171E7,2025-10-10
I988348,485,4.539617789E7,2025-10-17
I988349,892,3897884.56,2025-09-26
I988350,1186,1.0440936276E8,2025-09-10
I988351,651,3.642606508E7,2025-09-03
I988352,968,1.3583164435E8,2025-10-25
I988353,943,1.0091441038E8,2025-10-12
I988354,964,1.2245906334E8,2025-09-28
I988355,101,4618080.07,2025-09-15
I988356,736,4.444273682E7,2025-09-25
I988357,1026,1.427073388E7,2025-10-03
I988358,743,1.023272925E8,2025-10-23
I988359,1596,1.0221375704E8,2025-09-24
I988360,1933,1.6763329827E8,2025-09-19
I988361,435,2.819803488E7,2025-09-06
I988362,1237,1.4800769159E8,2025-09-14
I988363,1278,6.814175857E7,2025-09-17
I988364,1791,2.3460060499E8,2025-10-07
I988365,1667,2.531336371E7,2025-09-02
I988366,1654,6.435329891E7,2025-10-29
I988367,739,6.606215682E7,2025-09-22
I988368,1489,9.416366874E7,2025-09-17
I988369,1022,4.374643275E7,2025-09-18
I988370,300,2.522835637E7,2025-10-05
I988371,1722,1.1617704786E8,2025-10-31
I988372,1747,2.824465117E7,2025-10-27
I988373,433,2.459763146E7,2025-10-17
I988374,1041,1.3096543926E8,2025-09-09
I988375,1839,1.776390158E7,2025-10-17
I988376,1793,6.431021186E7,2025-10-09
I988377,1688,2.377125176E8,2025-09-17
I988378,1317,3.190712615E7,2025-09-27
I988379,330,1.620256361E7,2025-09-19
I988380,725,5.702522515E7,2025-09-10
I988381,1290,1.699512315E8,2025-09-16
I988382,324,4605211.38,2025-09-08
I988383,1535,1.3117214499E8,2025-09-03
I988384,1093,1.1029381912E8,2025-09-06
I988385,210,677108.93,2025-10-30
I988386,1295,9230054.92,2025-10-08
I988387,1667,1.0228733944E8,2025-10-16
I988388,1650,9497252.99,2025-10-15
I988389,981,3.092739803E7,2025-10-05
I988390,1404,1.785625859E8,2025-10-27
I988391,1359,1.3600687553E8,2025-10-02
I988392,257,2.568023212E7,2025-10-20
I988393,1127,1.0334512272E8,2025-10-11
I988394,1199,3.567854215E7,2025-10-28
I988395,1318,3.141157358E7,2025-09-01
I988396,1707,2.4312421621E8,2025-09-08
I988397,1987,2.9393163869E8,2025-09-22
I988398,572,8.110906508E7,2025-10-26
I988399,216,2.139127595E7,2025-09-21
I988400,1938,2.3290158108E8,2025-10-02
I988401,1798,1.0037055978E8,2025-09-27
I988402,1425,1.5280035948E8,2025-10-31
I988403,1930,1.7485748049E8,2025-10-29
I988404,380,3.685004987E7,2025-09-23
I988405,190,2.597376308E7,2025-10-10
I988406,378,1.665696982E7,2025-10-19
I988407,1764,1.8408975613E8,2025-09-29
I988408,208,1.275059003E7,2025-10-09
I988409,71,9586958.85,2025-10-10
I988410,151,9063039.11,2025-09-24
I988411,190,8751919.72,2025-10-31
I988412,1501,1.5329686448E8,2025-09-16
I988413,706,6.908199037E7,2025-10-28
I988414,1332,1.2432290533E8,2025-10-04
I988415,1657,1.4000776591E8,2025-10-18
I988416,286,1.875833318E7,2025-09-24
I988417,357,3.200356137E7,2025-10-18
I988418,955,7.536327979E7,2025-10-19
I988419,910,9.98632109E7,2025-09-10
I988420,98,7088655.08,2025-09-17
I988421,1024,1.3817526943E8,2025-09-20
I988422,1326,3.185011627E7,2025-09-27
I988423,1180,1.699912641E7,2025-10-13
I988424,884,4.23692846E7,2025-10-01
I988425,1707,1.4590070803E8,2025-09-25
I988426,1378,1.0346380156E8,2025-09-11
I988427,1423,3.515678914E7,2025-10-11
I988428,536,4.894464282E7,2025-10-02
I988429,1707,1.7614205416E8,2025-09-11
I988430,1845,2.0070304229E8,2025-09-19
I988431,1577,1.4449331789E8,2025-09-16
I988432,1292,1.5453305563E8,2025-09-20
I988433,805,5.041335272E7,2025-10-26
I988434,1124,1.5421641253E8,2025-09-23
I988435,1495,2.0801971426E8,2025-10-21
I988436,1299,2.67702542E7,2025-09-23
I988437,1759,2.805480823E7,2025-10-15
I988438,953,2.713302604E7,2025-10-16
I988439,1596,4.806165351E7,2025-10-31
I988440,770,4.322745371E7,2025-10-19
I988441,1006,1.198950942E8,2025-10-04
I988442,457,1.93421145E7,2025-09-01
I988443,1696,1.0893309076E8,2025-10-28
I988444,1577,1.5380705697E8,2025-10-19
I988445,1482,7.668259518E7,2025-09-12
I988446,1739,6.883144839E7,2025-09-12
I988447,1259,5.772563824E7,2025-10-24
I988448,982,9.073167138E7,2025-09-11
I988449,1793,4.522389607E7,2025-09-16
I988450,1175,4.33777309E7,2025-09-24
I988451,193,2418322.34,2025-10-31
I988452,663,9423077.53,2025-10-03
I988453,906,2.747699291E7,2025-09-26
I988454,1070,9.131134122E7,2025-10-24
I988455,665,7.580054811E7,2025-09-15
I988456,351,4.192677807E7,2025-09-07
I988457,1891,2.2365504784E8,2025-09-29
I988458,1931,2.731857405E7,2025-09-24
I988459,1979,4485354.56,2025-09-20
I988460,58,724836.66,2025-09-25
I988461,1545,1.7582843426E8,2025-09-14
I988462,1135,9.276245191E7,2025-10-24
I988463,1712,6.160063289E7,2025-10-26
I988464,1705,1.0600881248E8,2025-09-12
I988465,1814,2.4997858809E8,2025-09-17
I988466,1352,1.1006826495E8,2025-09-28
I988467,441,4.59621016E7,2025-10-23
I988468,1589,1.176074634E8,2025-10-22
I988469,1694,1.4529987114E8,2025-10-21
I988470,54,1689959.63,2025-10-28
I988471,1811,6.782658851E7,2025-10-16
I988472,724,8.469454419E7,2025-10-12
I988473,448,6.510240265E7,2025-09-30
I988474,1164,1.6557106717E8,2025-10-18
I988475,174,2.056091795E7,2025-09-02
I988476,832,7235677.68,2025-09-05
I988477,1367,8.793405065E7,2025-10-05
I988478,1699,5.059248349E7,2025-09-05
I988479,231,2.942885867E7,2025-10-02
I988480,1394,8.829499768E7,2025-09-30
I988481,863,5.927528843E7,2025-10-06
I988482,753,5.339454284E7,2025-09-02
I988483,1485,1.7123145598E8,2025-10-07
I988484,600,4.374037135E7,2025-10-03
I988485,325,1.61195537E7,2025-09-07
I988486,766,2.190332226E7,2025-10-17
I988487,975,5.043234556E7,2025-09-22
I988488,1066,9.160140319E7,2025-10-17
I988489,367,2.985847662E7,2025-09-24
I988490,1747,2.85375618E7,2025-10-17
I988491,1460,1.4057748474E8,2025-10-05
I988492,691,2.758796271E7,2025-10-21
I988493,737,3525533.39,2025-10-15
I988494,1314,5.061967622E7,2025-09-24
I988495,83,2332321.49,2025-09-15
I988496,349,4.981179471E7,2025-09-09
I988497,678,6.529774297E7,2025-09-06
I988498,970,1.2614626164E8,2025-10-29
I988499,860,3.902957467E7,2025-09-29
I988500,1248,7.57694848E7,2025-10-08
I988501,1500,1.3614085597E8,2025-10-09
I988502,652,2.843305796E7,2025-10-13
I988503,1006,4.450622579E7,2025-10-15
I988504,973,5.635667366E7,2025-10-12
I988505,1743,2.362766109E8,2025-10-14
I988506,846,3.471519093E7,2025-09-26
I988507,1749,1.5638981272E8,2025-10-09
I988508,1411,1.0764002151E8,2025-10-02
I988509,736,6.708854234E7,2025-09-02
I988510,1099,5.045668168E7,2025-09-14
I988511,817,2.915559868E7,2025-10-14
I988512,676,9.668706084E7,2025-09-22
I988513,1893,6.937806214E7,2025-10-26
I988514,1360,5.911952205E7,2025-09-16
I988515,350,3.096119422E7,2025-09-03
I988516,1922,2.154858549E8,2025-10-27
I988517,671,2.138798121E7,2025-10-03
I988518,370,5913092.13,2025-09-03
I988519,696,3.439197367E7,2025-10-03
I988520,576,4.193990553E7,2025-09-20
I988521,689,5.817091782E7,2025-10-15
I988522,416,2.555471771E7,2025-10-27
I988523,776,9.8296282E7,2025-10-19
I988524,1799,1.344671797E7,2025-10-05
I988525,1721,3763445.8,2025-10-18
I988526,1390,1.8965011496E8,2025-09-26
I988527,191,2.19243466E7,2025-10-03
I988528,1887,8.233948554E7,2025-10-09
I988529,1633,1.2088589498E8,2025-10-11
I988530,1367,1.8975842323E8,2025-10-23
I988531,159,1.043820838E7,2025-10-11
I988532,427,6.094288256E7,2025-09-30
I988533,1816,2.5788753733E8,2025-09-29
I988534,224,1.970193846E7,2025-10-28
I988535,1797,6.014505781E7,2025-10-10
I988536,1267,7.798134336E7,2025-10-18
I988537,587,3.588284916E7,2025-10-05
I988538,1771,1.4369473667E8,2025-09-01
I988539,1518,1.6127959773E8,2025-09-15
I988540,1041,1.4432590679E8,2025-09-26
I988541,877,4.389043263E7,2025-10-10
I988542,1374,4.336568571E7,2025-09-03
I988543,1598,1.5749299234E8,2025-10-09
I988544,1833,1.2545286916E8,2025-10-18
I988545,1841,5.502554691E7,2025-09-17
I988546,1995,2.657408707E7,2025-10-25
I988547,1195,1.0954256612E8,2025-09-12
I988548,868,3.941442339E7,2025-10-07
I988549,145,1.874520093E7,2025-09-20
I988550,763,6.728267153E7,2025-09-22
I988551,1522,1.8406226861E8,2025-09-24
I988552,1568,9.24267755E7,2025-10-29
I988553,153,1.509998956E7,2025-09-12
I988554,1909,9.383517197E7,2025-09-05
I988555,285,2.501001688E7,2025-10-13
I988556,432,3.735197883E7,2025-09-10
I988557,220,2.391717376E7,2025-09-04
I988558,1690,1.0047232877E8,2025-10-08
I988559,1593,1.1960281718E8,2025-09-21
I988560,733,1.0744424477E8,2025-09-21
I988561,1396,4.317583827E7,2025-09-08
I988562,1022,3.901855095E7,2025-09-30
I988563,862,1.240902383E7,2025-09-12
I988564,1057,1.0563521823E8,2025-10-30
I988565,473,1.958396065E7,2025-09-15
I988566,790,1.0788452892E8,2025-09-18
I988567,1256,1.6104381158E8,2025-10-19
I988568,653,9.174039301E7,2025-10-29
I988569,244,3.358806995E7,2025-10-13
I988570,663,8.861285964E7,2025-09-11
I988571,201,4516901.57,2025-10-02
I988572,437,6.34372439E7,2025-10-16
I988573,1336,1.4604092105E8,2025-09-29
I988574,788,1.003859889E7,2025-10-09
I988575,418,1.386929988E7,2025-09-04
I988576,256,2.441878623E7,2025-09-30
I988577,73,9390428.34,2025-10-13
I988578,1263,6.224809325E7,2025-10-07
I988579,1227,1.3554943757E8,2025-10-21
I988580,1874,1.4239169053E8,2025-10-08
I988581,408,2239766.67,2025-09-18
I988582,710,1.0021739162E8,2025-09-22
I988583,384,7189929.52,2025-10-23
I988584,456,2.358665024E7,2025-09-10
I988585,1085,7.765877848E7,2025-10-21
I988586,791,7.726848116E7,2025-10-26
I988587,956,9.508260764E7,2025-09-24
I988588,596,2.313949563E7,2025-09-06
I988589,1265,7.057097617E7,2025-10-15
I988590,531,1.029960293E7,2025-09-30
I988591,349,2.028935493E7,2025-09-11
I988592,315,1845141.54,2025-09-30
I988593,1391,1.6633217008E8,2025-10-18
I988594,1836,1.1035428838E8,2025-09-12
I988595,1522,3.16648567E7,2025-09-09
I988596,1059,1.0194557066E8,2025-10-27
I988597,491,4256188.31,2025-09-19
I988598,1182,4.932454643E7,2025-10-15
I988599,1016,1.2266267503E8,2025-09-30
I988600,292,2.189654854E7,2025-09-03
I988601,495,6.504027736E7,2025-10-24
I988602,1558,7.435758269E7,2025-09-27
I988603,1007,1.2606148428E8,2025-10-31
I988604,1445,5.087015409E7,2025-10-20
I988605,1152,9.494987109E7,2025-09-25
I988606,1273,1.581115665E7,2025-10-08
I988607,448,5.206204219E7,2025-09-18
I988608,1204,2.634900816E7,2025-09-07
I988609,1012,5.266612149E7,2025-10-25
I988610,302,3.667831916E7,2025-10-28
I988611,1399,8.733012956E7,2025-09-09
I988612,1481,2.0376306747E8,2025-09-11
I988613,893,5.04731555E7,2025-09-12
I988614,499,5.065753909E7,2025-10-20
I988615,1450,1.554734633E8,2025-10-11
I988616,311,4.142375151E7,2025-09-20
I988617,1598,1.1439001309E8,2025-09-25
I988618,1957,1.326411053E7,2025-10-10
I988619,936,1.1823449297E8,2025-09-20
I988620,494,2.118208503E7,2025-09-16
I988621,1205,1.4658731111E8,2025-09-08
I988622,962,1.1381734834E8,2025-10-09
I988623,1718,9.036225757E7,2025-10-28
I988624,739,1.233259474E7,2025-09-14
I988625,83,1.186502063E7,2025-10-24
I988626,867,1.2084732727E8,2025-09-17
I988627,1601,8.053649617E7,2025-10-28
I988628,765,6.438361199E7,2025-09-05
I988629,631,4612158.58,2025-10-11
I988630,1401,6.860547634E7,2025-09-17
I988631,285,3.275630071E7,2025-09-21
I988632,642,2.431061902E7,2025-10-17
I988633,1007,5.360080458E7,2025-09-05
I988634,520,7877357.84,2025-09-30
I988635,1335,8.626831733E7,2025-10-09
I988636,1735,1.0265207682E8,2025-09-11
I988637,1122,3015340.09,2025-09-04
I988638,1677,1.809575539E8,2025-10-11
I988639,423,3.603925216E7,2025-09-28
I988640,1669,2.4388191923E8,2025-10-02
I988641,1179,4.751118785E7,2025-10-31
I988642,1654,1.0509449205E8,2025-10-17
I988643,886,1.2469719712E8,2025-10-10
I988644,813,1.961542064E7,2025-09-21
I988645,1139,1.507155547E7,2025-09-25
I988646,1161,1.4822855068E8,2025-10-27
I988647,1177,9.159194587E7,2025-10-08
I988648,395,3.230453126E7,2025-09-02
I988649,1759,1070471.34,2025-10-17
I988650,1289,4.582189203E7,2025-10-02
I988651,870,1.2469299582E8,2025-10-26
I988652,1191,4.357480729E7,2025-09-12
I988653,709,2.300560233E7,2025-09-04
I988654,1185,1.2133896523E8,2025-10-02
I988655,1595,8.767806013E7,2025-09-05
I988656,1340,1.1077260315E8,2025-10-04
I988657,1907,1.2460509974E8,2025-10-06
I988658,1956,1.7889543989E8,2025-10-12
I988659,621,4.522823062E7,2025-10-16
I988660,1956,2.7588770795E8,2025-09-19
I988661,1853,2.0237722045E8,2025-10-13
I988662,1514,8168558.8,2025-10-29
I988663,1341,1.474159762E8,2025-09-15
I988664,299,2.963221548E7,2025-09-02
I988665,230,1.935148123E7,2025-09-23
I988666,1915,4.321058568E7,2025-09-23
I988667,1163,6.801785696E7,2025-09-12
I988668,825,7439692.18,2025-10-21
I988669,851,1.219655909E7,2025-09-14
I988670,635,8.964433723E7,2025-09-19
I988671,1471,1.0124080317E8,2025-10-25
I988672,151,6151850.84,2025-10-06
I988673,331,3.597381853E7,2025-09-15
I988674,1228,6.029675292E7,2025-09-19
I988675,1909,7.557422574E7,2025-09-30
I988676,762,6.98206784E7,2025-09-21
I988677,90,5420519.76,2025-09-16
I988678,358,1.320530341E7,2025-10-19
I988679,618,7.565095751E7,2025-09-17
I988680,908,8.07010228E7,2025-09-02
I988681,1483,4.98206583E7,2025-09-28
I988682,190,1.947493891E7,2025-09-16
I988683,649,4.128688091E7,2025-10-02
I988684,879,2.376112976E7,2025-09-30
I988685,103,8011247.94,2025-10-01
I988686,673,7.051599893E7,2025-10-02
I988687,1488,7.018080191E7,2025-09-19
I988688,120,1.188189341E7,2025-09-01
I988689,1390,9.89467421E7,2025-09-01
I988690,1562,2.1174202494E8,2025-09-13
I988691,503,4.387609014E7,2025-09-22
I988692,844,1.2569921767E8,2025-10-08
I988693,163,689154.45,2025-10-22
I988694,822,6.697050059E7,2025-10-28
I988695,497,1.453627266E7,2025-09-04
I988696,1003,3.842984575E7,2025-09-05
I988697,1805,1.793303678E8,2025-10-27
I988698,1167,1.6816916305E8,2025-09-10
I988699,57,5824069.28,2025-10-31
I988700,1281,1.3768578142E8,2025-09-14
I988701,656,2.112504672E7,2025-10-02
I988702,335,2.281590311E7,2025-09-13
I988703,577,4163777.32,2025-10-27
I988704,295,2.233899061E7,2025-10-23
I988705,1264,1.7163855679E8,2025-09-04
I988706,1298,1.5153810389E8,2025-09-18
I988707,369,7613786.91,2025-10-19
I988708,1228,1.6900133166E8,2025-10-29
I988709,1712,6.318105813E7,2025-09-24
I988710,1997,2.0569823853E8,2025-10-06
I988711,791,1.1198230264E8,2025-10-11
I988712,862,2.28930545E7,2025-10-12
I988713,511,6.864962955E7,2025-10-05
I988714,281,2560363.46,2025-10-14
I988715,508,5.452172653E7,2025-09-17
I988716,1807,1.9224899083E8,2025-10-01
I988717,1815,3.445901743E7,2025-10-12
I988718,1632,1.3155890442E8,2025-09-08
I988719,65,7544328.02,2025-09-12
I988720,1037,1.104281777E8,2025-09-22
I988721,446,3.377182401E7,2025-09-28
I988722,798,7.901505121E7,2025-09-07
I988723,116,5437487.99,2025-10-25
I988724,234,3.43845462E7,2025-09-18
I988725,152,2.269434523E7,2025-10-28
I988726,768,1.0421374193E8,2025-09-26
I988727,1794,1.3739212543E8,2025-09-09
I988728,466,4.229837908E7,2025-09-26
I988729,1232,1.0136887567E8,2025-09-16
I988730,1416,1.9002393958E8,2025-09-10
I988731,1185,2.738283542E7,2025-09-27
I988732,424,3.086590316E7,2025-10-02
I988733,1733,3218176.51,2025-10-12
I988734,378,2.392756159E7,2025-10-27
I988735,1287,1.0802923381E8,2025-10-17
I988736,1388,1.5406319E7,2025-10-11
I988737,1430,1.7775205638E8,2025-10-30
I988738,876,1.2437395975E8,2025-10-18
I988739,1896,2.6988493512E8,2025-09-22
I988740,1422,4.197810479E7,2025-09-17
I988741,471,1.522101101E7,2025-09-12
I988742,1575,2.1742454597E8,2025-10-15
I988743,797,8.815236779E7,2025-09-25
I988744,122,4164416.67,2025-10-23
I988745,1297,1.3084565095E8,2025-09-20
I988746,1613,1.9595650634E8,2025-09-30
I988747,1245,1.8269224502E8,2025-10-17
I988748,1883,1.5451003344E8,2025-09-22
I988749,325,1.401624705E7,2025-10-27
I988750,1444,7.18051715E7,2025-09-30
I988751,1901,1.42487448E7,2025-10-10
I988752,76,1405783.02,2025-09-02
I988753,1150,9.277673287E7,2025-09-20
I988754,417,2.046303229E7,2025-10-12
I988755,1242,1.1617433097E8,2025-10-21
I988756,947,9.615710991E7,2025-09-24
I988757,1444,4266983.07,2025-09-17
I988758,812,1.0566151852E8,2025-10-30
I988759,704,4.465202128E7,2025-09-27
I988760,761,1.696682352E7,2025-10-26
I988761,1272,5.488692198E7,2025-10-10
I988762,424,3.061521762E7,2025-09-20
I988763,843,9823010.04,2025-10-10
I988764,390,2.171385199E7,2025-10-13
I988765,457,5.774504054E7,2025-10-20
I988766,1150,1.1388866078E8,2025-10-13
I988767,1743,1.3694047885E8,2025-09-24
I988768,202,1.917558593E7,2025-10-15
I988769,891,9722839.24,2025-10-17
I988770,1702,2.2260030736E8,2025-10-12
I988771,1953,9.037315813E7,2025-09-28
I988772,1109,1.5933741471E8,2025-10-12
I988773,360,1.791232E7,2025-10-03
I988774,801,1.0804118808E8,2025-09-06
I988775,194,568751.55,2025-10-25
I988776,1505,1.2571492193E8,2025-10-18
I988777,284,2.953950194E7,2025-10-11
I988778,598,5.323981479E7,2025-09-20
I988779,1212,1.519549392E7,2025-10-18
I988780,1743,6.706018007E7,2025-10-09
I988781,1292,9.168639914E7,2025-09-13
I988782,311,2.370716034E7,2025-10-01
I988783,136,3892985.11,2025-09-12
I988784,366,1.795945875E7,2025-09-07
I988785,117,1.745315619E7,2025-09-18
I988786,1148,4.376818824E7,2025-10-12
I988787,402,1.613228911E7,2025-09-28
I988788,1077,1.1791144323E8,2025-10-24
I988789,850,1.720575175E7,2025-09-24
I988790,194,2.876148682E7,2025-09-10
I988791,1444,9.43589548E7,2025-09-08
I988792,1037,8.255493074E7,2025-09-30
I988793,1762,2.5941803198E8,2025-09-16
I988794,1882,8.125061384E7,2025-10-06
I988795,1212,1.6012065185E8,2025-10-23
I988796,189,1.39158548E7,2025-09-26
I988797,632,1.929424008E7,2025-10-22
I988798,643,6.729471031E7,2025-09-08
I988799,1635,1.7552426644E8,2025-10-05
I988800,628,4.034258196E7,2025-10-21
I988801,656,7.039492378E7,2025-10-30
I988802,1658,1.0018481329E8,2025-09-27
I988803,1804,2.878313455E7,2025-09-04
I988804,558,3.059955756E7,2025-09-16
I988805,832,1.1295514045E8,2025-09-07
I988806,1979,4.848526986E7,2025-10-15
I988807,1378,1.5564485852E8,2025-09-07
I988808,1464,1.073759765E7,2025-09-23
I988809,1795,2.2419946768E8,2025-10-23
I988810,1832,8.252836616E7,2025-10-03
I988811,1747,2.1678074628E8,2025-10-04
I988812,193,2.657556201E7,2025-10-14
I988813,818,1.0047436344E8,2025-09-24
I988814,1475,1.7902324854E8,2025-09-15
I988815,1037,6.567219355E7,2025-10-30
I988816,1301,3.366246969E7,2025-09-17
I988817,210,3.009919796E7,2025-10-29
I988818,1551,2.295440163E7,2025-10-13
I988819,1003,1.2735235587E8,2025-10-29
I988820,1125,1.1848986795E8,2025-09-06
I988821,462,1092800.74,2025-09-28
I988822,438,2.347679517E7,2025-09-04
I988823,1236,1.4897457145E8,2025-10-05
I988824,486,6.906655972E7,2025-09-20
I988825,100,5132106.5,2025-10-05
I988826,1317,4.190924638E7,2025-09-11
I988827,361,1841451.94,2025-10-27
I988828,1750,1.1576761092E8,2025-10-01
I988829,690,8.291919143E7,2025-10-24
I988830,973,9.233165295E7,2025-10-19
I988831,1000,8.553928051E7,2025-09-01
I988832,1895,2.0380736536E8,2025-10-31
I988833,556,5.027791305E7,2025-09-15
I988834,1470,1.2784993232E8,2025-09-19
I988835,1730,6.68649676E7,2025-10-09
I988836,1001,9.206211723E7,2025-09-27
I988837,1857,2.1960445277E8,2025-09-11
I988838,1717,1.9399920186E8,2025-10-08
I988839,387,4.301035838E7,2025-09-29
I988840,1699,3.305766118E7,2025-09-25
I988841,1695,1.1560867084E8,2025-10-07
I988842,1799,1.9223683479E8,2025-10-23
I988843,964,1.3206449992E8,2025-09-22
I988844,80,9748994.61,2025-10-28
I988845,193,1.932293099E7,2025-09-08
I988846,1943,1.9138064479E8,2025-10-02
I988847,868,1.031217614E8,2025-09-08
I988848,139,3498575.15,2025-09-08
I988849,316,1.182521708E7,2025-09-03
I988850,1395,2.0151275224E8,2025-10-17
I988851,1681,8.768870456E7,2025-10-19
I988852,461,4.607840489E7,2025-09-07
I988853,531,3.930924754E7,2025-09-23
I988854,1160,1.7176540444E8,2025-09-29
I988855,644,3.9984507E7,2025-10-28
I988856,1823,2.3910542386E8,2025-10-17
I988857,1606,9.115275433E7,2025-09-17
I988858,1959,1.5930726142E8,2025-09-01
I988859,841,7.503627582E7,2025-10-13
I988860,1413,8.001365674E7,2025-10-06
I988861,637,9.553191014E7,2025-09-06
I988862,1152,1811047.78,2025-09-19
I988863,460,5.637239382E7,2025-10-06
I988864,1596,2.367013721E8,2025-09-10
I988865,214,2.589595337E7,2025-10-03
I988866,106,7226749.17,2025-10-12
I988867,472,5.264798366E7,2025-09-01
I988868,1049,8.244475734E7,2025-09-22
I988869,924,8.708236254E7,2025-09-21
I988870,252,2.896628513E7,2025-09-22
I988871,1657,4088385.46,2025-10-13
I988872,278,9753452.62,2025-10-31
I988873,1486,7.542837811E7,2025-09-18
I988874,345,2.498257623E7,2025-10-15
I988875,563,5.072858305E7,2025-10-07
I988876,738,4.884121301E7,2025-10-22
I988877,361,1.730457301E7,2025-10-08
I988878,842,4.051426117E7,2025-09-12
I988879,1624,2.007566513E7,2025-09-08
I988880,640,8926877.44,2025-10-14
I988881,963,5.356315992E7,2025-09-25
I988882,639,5.48428194E7,2025-09-15
I988883,384,8417235.06,2025-09-08
I988884,658,3.109569128E7,2025-10-09
I988885,1122,1.1163764597E8,2025-09-26
I988886,1680,1.1080912022E8,2025-10-31
I988887,482,6.841172515E7,2025-09-09
I988888,323,5069817.35,2025-10-18
I988889,471,2.851824881E7,2025-10-08
I988890,751,7.096816987E7,2025-10-19
I988891,1846,6515291.96,2025-09-28
I988892,1919,9.881700259E7,2025-10-30
I988893,1163,2952193.94,2025-09-13
I988894,1921,1.275947842E7,2025-10-23
I988895,1302,1.7550553728E8,2025-10-27
I988896,1488,2.1401493738E8,2025-10-22
I988897,531,6.300683015E7,2025-09-04
I988898,767,8.560217412E7,2025-09-13
I988899,1269,1.4219802817E8,2025-10-26
I988900,1092,1.5470721328E8,2025-10-03
I988901,288,4.130704277E7,2025-10-23
I988902,1228,4078709.79,2025-09-30
I988903,159,1.049808033E7,2025-10-11
I988904,129,2225910.53,2025-10-11
I988905,1096,1.2075242167E8,2025-10-24
I988906,1816,9.738540712E7,2025-10-04
I988907,1282,4.304200191E7,2025-09-27
I988908,1008,1.3343131971E8,2025-09-04
I988909,1748,1.630275204E8,2025-09-13
I988910,1134,5.807159967E7,2025-09-28
I988911,347,1.779309737E7,2025-10-27
I988912,54,4697229.95,2025-09-06
I988913,470,1.931992923E7,2025-09-06
I988914,1782,4.968838792E7,2025-09-07
I988915,1955,7.498414984E7,2025-10-11
I988916,1095,2.26618318E7,2025-09-07
I988917,726,2.31346103E7,2025-09-12
I988918,650,1.874877053E7,2025-09-04
I988919,870,2.358307144E7,2025-09-10
I988920,1348,1.9196315252E8,2025-09-26
I988921,369,5.069353115E7,2025-10-05
I988922,311,3.950976445E7,2025-09-10
I988923,80,2977057.58,2025-09-04
I988924,1972,2.5733759342E8,2025-10-02
I988925,173,6146707.39,2025-10-11
I988926,824,9.541347888E7,2025-09-18
I988927,1660,1.1343519768E8,2025-09-29
I988928,1032,4.659239818E7,2025-10-28
I988929,1346,9.505809096E7,2025-09-16
I988930,1851,1.4422887911E8,2025-10-29
I988931,758,630697.62,2025-10-25
I988932,424,3479198.86,2025-09-17
I988933,1170,1.4100026345E8,2025-09-27
I988934,1292,1.5250190678E8,2025-09-09
I988935,1517,3.797389354E7,2025-10-13
I988936,274,1.701538559E7,2025-09-01
I988937,159,8283243.58,2025-10-02
I988938,1178,1.7030513086E8,2025-09-17
I988939,1233,1.7534560154E8,2025-10-09
I988940,944,6.984616522E7,2025-10-15
I988941,1771,1.974895145E7,2025-10-27
I988942,1676,1.1782775855E8,2025-10-16
I988943,1532,1.3874455311E8,2025-10-28
I988944,958,3.312810247E7,2025-09-29
I988945,1141,1.1556001054E8,2025-10-28
I988946,969,5.991693117E7,2025-10-05
I988947,824,6.553116546E7,2025-09-08
I988948,1568,2.296864041E8,2025-09-01
I988949,639,3.52424833E7,2025-09-19
I988950,1633,1.4855651714E8,2025-09-05
I988951,641,9.005683782E7,2025-10-23
I988952,175,1.701607403E7,2025-10-21
I988953,1695,5209085.41,2025-10-22
I988954,297,3.869928074E7,2025-09-08
I988955,863,1.1377100164E8,2025-09-27
I988956,1066,1.2419539441E8,2025-09-21
I988957,875,1.0622384399E8,2025-09-27
I988958,130,1.933428441E7,2025-10-26
I988959,1851,2.722863954E7,2025-09-19
I988960,1575,3.508293832E7,2025-10-30
I988961,1275,1.6752540148E8,2025-09-20
I988962,819,4.541548042E7,2025-09-27
I988963,814,1.1516415033E8,2025-09-23
I988964,1090,2750179.84,2025-10-29
I988965,885,9.1396621E7,2025-09-10
I988966,1674,2.1123527532E8,2025-09-19
I988967,639,3346443.65,2025-10-11
I988968,116,1.536026637E7,2025-10-22
I988969,648,2000485.18,2025-09-05
I988970,1724,2.0198812507E8,2025-10-16
I988971,824,3.206266803E7,2025-10-15
I988972,1459,2.814480139E7,2025-09-30
I988973,1072,7.818117104E7,2025-10-03
I988974,540,6.014861364E7,2025-10-18
I988975,399,5.032146364E7,2025-10-31
I988976,1152,5.767614258E7,2025-10-05
I988977,1916,1.9562853087E8,2025-09-04
I988978,1555,1.5190439219E8,2025-09-20
I988979,654,1.716983521E7,2025-10-11
I988980,778,5969876.31,2025-10-24
I988981,187,1.788371695E7,2025-09-17
I988982,439,4.086245827E7,2025-09-22
I988983,1175,1.3447259356E8,2025-10-05
I988984,669,9.583689317E7,2025-10-27
I988985,1241,1.2681010016E8,2025-10-19
I988986,950,1.945219538E7,2025-09-08
I988987,615,5.534913106E7,2025-09-24
I988988,714,2.714167947E7,2025-09-27
I988989,1631,9.035524831E7,2025-10-12
I988990,204,2.942404963E7,2025-10-19
I988991,652,1.23070155E7,2025-10-11
I988992,483,3.22436944E7,2025-09-12
I988993,1790,2.6544206048E8,2025-09-22
I988994,1218,3.394535679E7,2025-09-08
I988995,378,2.646715659E7,2025-10-27
I988996,389,3316818.97,2025-09-28
I988997,1205,5.92769795E7,2025-10-10
I988998,591,2.693203514E7,2025-10-25
I988999,1616,6.41251075E7,2025-09-22
I989000,867,9479144.42,2025-09-13
I989001,726,2.65721361E7,2025-09-01
I989002,990,5.882582356E7,2025-10-09
I989003,1948,8.811802105E7,2025-09-10
I989004,900,6.655622088E7,2025-10-16
I989005,1202,1.1863927849E8,2025-09-07
I989006,1297,6.8562691E7,2025-10-26
I989007,1360,2.51403073E7,2025-10-16
I989008,743,7.908447752E7,2025-10-15
I989009,98,1.26496416E7,2025-09-21
I989010,1121,1.1637639339E8,2025-10-20
I989011,1588,1.8226231284E8,2025-10-01
I989012,1993,1.3851893107E8,2025-09-01
I989013,1445,2.479234563E7,2025-10-02
I989014,1585,2.1274284453E8,2025-09-10
I989015,693,9.165407584E7,2025-09-21
I989016,1734,1.928002583E8,2025-09-09
I989017,397,2.96059283E7,2025-10-22
I989018,1877,7.416838396E7,2025-09-22
I989019,654,9.284731205E7,2025-10-21
I989020,178,140368.84,2025-10-12
I989021,624,9.071664976E7,2025-10-18
I989022,1352,1.9857813273E8,2025-10-14
I989023,773,7.874333089E7,2025-10-07
I989024,468,2.192009395E7,2025-10-11
I989025,119,1.394957106E7,2025-09-12
I989026,516,3.187991836E7,2025-10-17
I989027,993,9.57065991E7,2025-09-10
I989028,858,9.206919293E7,2025-09-24
I989029,1106,2.384692912E7,2025-10-06
I989030,918,5.952030409E7,2025-09-27
I989031,1482,1.0517075852E8,2025-09-07
I989032,51,6299554.7,2025-10-07
I989033,1300,1.7838305759E8,2025-10-23
I989034,1703,1.0628993821E8,2025-10-18
I989035,1992,1.613163532E8,2025-09-08
I989036,454,2.174413388E7,2025-10-12
I989037,1232,4.456371596E7,2025-10-17
I989038,761,3.863639579E7,2025-10-04
I989039,512,3.431011564E7,2025-10-30
I989040,1303,6.516735361E7,2025-10-16
I989041,1244,1.0843747538E8,2025-10-19
I989042,1105,1.4263905058E8,2025-10-28
I989043,81,1739251.77,2025-09-18
I989044,913,5.910031177E7,2025-10-23
I989045,293,3.975840451E7,2025-09-30
I989046,1055,1.1279337332E8,2025-09-10
I989047,1345,1.8646898174E8,2025-10-17
I989048,1751,3.434858098E7,2025-10-12
I989049,1698,2.0922184127E8,2025-10-08
I989050,1287,9.267450094E7,2025-09-06
I989051,1541,1.441203842E8,2025-10-14
I989052,1618,8655931.82,2025-10-15
I989053,1714,3.952091975E7,2025-10-09
I989054,991,2.230247439E7,2025-10-12
I989055,1707,1.5994587137E8,2025-09-03
I989056,1444,7.928997137E7,2025-09-04
I989057,869,6.570764125E7,2025-09-29
I989058,94,7724540.71,2025-09-20
I989059,1113,2.93425126E7,2025-09-30
I989060,327,1374847.16,2025-09-06
I989061,570,6.767555047E7,2025-10-03
I989062,1013,1.2437467663E8,2025-09-11
I989063,856,1.2579798542E8,2025-10-16
I989064,374,4.883745801E7,2025-10-30
I989065,1207,1.4774883917E8,2025-09-05
I989066,1604,7.918166398E7,2025-10-12
I989067,196,2.808585224E7,2025-10-11
I989068,510,3.563312707E7,2025-10-05
I989069,1580,4.701550492E7,2025-10-01
I989070,593,6.908681924E7,2025-09-29
I989071,1555,6.748311246E7,2025-09-13
I989072,535,6.115322138E7,2025-09-22
I989073,195,2.35155342E7,2025-10-18
I989074,1318,1398643.65,2025-10-29
I989075,601,3.137363038E7,2025-10-25
I989076,1037,5.102684365E7,2025-09-18
I989077,1861,1.3178236169E8,2025-09-24
I989078,1705,2.879875395E7,2025-09-11
I989079,1610,4.427655288E7,2025-10-21
I989080,1684,1790068.25,2025-09-20
I989081,702,9.285202835E7,2025-10-29
I989082,421,2.509752139E7,2025-09-13
I989083,1370,1.1097461914E8,2025-09-21
I989084,322,2.570353166E7,2025-09-19
I989085,298,3.257913689E7,2025-09-22
I989086,1082,1.2254931287E8,2025-10-10
I989087,417,1.216728189E7,2025-10-26
I989088,1596,2.840779331E7,2025-10-02
I989089,240,291812.93,2025-09-04
I989090,1083,1.5273156412E8,2025-09-06
I989091,1450,1.4815784795E8,2025-09-07
I989092,104,1367347.12,2025-09-06
I989093,1423,8.625843544E7,2025-09-26
I989094,983,9.946327456E7,2025-10-19
I989095,1506,1.5189044966E8,2025-10-04
I989096,1683,8.928286691E7,2025-09-10
I989097,958,6.308962782E7,2025-09-03
I989098,963,1782967.42,2025-09-02
I989099,352,2.91225809E7,2025-09-29
I989100,846,4.167078793E7,2025-10-21
I989101,732,5.431437058E7,2025-09-17
I989102,1444,2.1013769651E8,2025-10-21
I989103,1713,1.2028103836E8,2025-09-25
I989104,1983,1.0023483453E8,2025-09-27
I989105,1912,1848358.86,2025-09-19
I989106,718,5.279327772E7,2025-09-03
I989107,1783,9.695946147E7,2025-09-08
I989108,1894,1.500756343E8,2025-10-26
I989109,145,9470897.51,2025-10-03
I989110,1362,9.208954801E7,2025-09-03
I989111,1761,9.027751777E7,2025-10-15
I989112,1996,2.0786227658E8,2025-10-20
I989113,1058,6.328182507E7,2025-10-17
I989114,666,1.528316165E7,2025-10-10
I989115,1282,1.6876061859E8,2025-10-18
I989116,274,6027689.53,2025-09-24
I989117,1280,1.9129037131E8,2025-10-27
I989118,1050,3.278992612E7,2025-09-01
I989119,833,9.872722351E7,2025-10-27
I989120,1199,8.940046117E7,2025-09-08
I989121,1065,4.908579521E7,2025-09-26
I989122,61,5095361.79,2025-10-30
I989123,1965,2.0853492198E8,2025-10-07
I989124,1827,8.566898037E7,2025-10-28
I989125,1682,2.4927220631E8,2025-09-02
I989126,376,3.230190845E7,2025-10-23
I989127,1777,2.6182361302E8,2025-10-27
I989128,269,7024461.26,2025-10-18
I989129,1643,1.8371904089E8,2025-10-22
I989130,438,5124414.5,2025-09-16
I989131,638,4502209.64,2025-09-30
I989132,444,9057643.98,2025-09-27
I989133,707,6.872175137E7,2025-09-04
I989134,1061,2.912303518E7,2025-09-04
I989135,1634,3.979368498E7,2025-09-23
I989136,1893,1.0566891928E8,2025-09-30
I989137,1603,2.2654904884E8,2025-09-22
I989138,780,3.831763484E7,2025-10-25
I989139,347,1.395470691E7,2025-10-25
I989140,1763,2.4886568184E8,2025-09-20
I989141,209,1.779024139E7,2025-09-15
I989142,1178,3.995012827E7,2025-10-04
I989143,293,3.3574504E7,2025-10-03
I989144,62,7437376.96,2025-09-24
I989145,968,5.092490747E7,2025-10-04
I989146,1897,1.3469147606E8,2025-10-01
I989147,261,3.67603293E7,2025-10-12
I989148,1163,1.4094331831E8,2025-10-22
I989149,646,1.006872868E7,2025-10-23
I989150,392,1945133.77,2025-10-18
I989151,1672,1.9287026914E8,2025-09-24
I989152,791,1.157999187E8,2025-10-18
I989153,1089,1.088152169E8,2025-09-20
I989154,251,3.44186364E7,2025-09-03
I989155,953,7.101729915E7,2025-10-04
I989156,1178,1.5762549217E8,2025-09-18
I989157,819,4.967578441E7,2025-10-09
I989158,672,6.47687582E7,2025-10-08
I989159,450,5.72817603E7,2025-09-30
I989160,325,9343938.56,2025-09-07
I989161,1467,1.7149259104E8,2025-09-29
I989162,385,9852677.13,2025-10-23
I989163,1829,5.508609683E7,2025-09-02
I989164,1381,3.217689099E7,2025-10-05
I989165,401,5.698400502E7,2025-10-10
I989166,480,8804569.72,2025-09-11
I989167,192,2.812999085E7,2025-09-20
I989168,619,7.542299469E7,2025-10-30
I989169,840,1.018218704E7,2025-09-05
I989170,1425,1.5597606292E8,2025-10-30
I989171,715,8830375.28,2025-09-13
I989172,892,3.539721241E7,2025-10-12
I989173,1648,1.9970268084E8,2025-09-24
I989174,388,4196124.25,2025-09-11
I989175,463,1.583618529E7,2025-09-19
I989176,782,9.655618941E7,2025-10-24
I989177,497,6.803411147E7,2025-10-02
I989178,870,2.464296421E7,2025-09-28
I989179,299,1.386379036E7,2025-09-24
I989180,233,1.726057932E7,2025-09-12
I989181,303,4288812.48,2025-09-11
I989182,847,9.500847532E7,2025-10-11
I989183,1058,1004121.61,2025-10-17
I989184,1014,1.2301671513E8,2025-10-16
I989185,1877,8.086795466E7,2025-09-18
I989186,675,2.023094769E7,2025-10-27
I989187,962,6.010112345E7,2025-09-14
I989188,156,1.861862383E7,2025-10-12
I989189,391,3.767694741E7,2025-10-07
I989190,1287,6.31210356E7,2025-10-30
I989191,926,7.086279458E7,2025-10-06
I989192,422,2.115020382E7,2025-10-27
I989193,824,1.0533726623E8,2025-10-26
I989194,717,9.093454048E7,2025-10-18
I989195,513,3.168680716E7,2025-10-21
I989196,1214,1.7113812242E8,2025-09-04
I989197,1744,1583425.18,2025-09-11
I989198,1383,2.864173377E7,2025-10-29
I989199,804,3.165700974E7,2025-10-09
I989200,1784,2.4770703511E8,2025-10-17
I989201,360,4.288968093E7,2025-10-25
I989202,291,2.107378113E7,2025-10-27
I989203,1655,1.352563384E7,2025-10-20
I989204,1275,1.2696036849E8,2025-09-14
I989205,1853,8.885039692E7,2025-09-23
I989206,1541,5890243.24,2025-10-29
I989207,1798,1.3756762787E8,2025-09-14
I989208,866,1.2003326635E8,2025-09-14
I989209,1594,2.0418256282E8,2025-10-27
I989210,1928,1.5945101361E8,2025-09-17
I989211,1924,9888868.4,2025-09-17
I989212,1758,9.295444796E7,2025-09-08
I989213,374,5.143207993E7,2025-10-11
I989214,1523,1.6205102779E8,2025-09-17
I989215,747,1.0276765546E8,2025-09-26
I989216,836,2.49581754E7,2025-10-15
I989217,1106,1.1422488281E8,2025-10-26
I989218,558,5.334573013E7,2025-09-30
I989219,623,3.120983407E7,2025-10-03
I989220,1861,1.2833975578E8,2025-10-05
I989221,213,1.368627897E7,2025-09-13
I989222,128,1.878630708E7,2025-09-26
I989223,139,1.543539418E7,2025-09-21
I989224,1823,2.2070553036E8,2025-09-15
I989225,60,653800.17,2025-10-07
I989226,472,2.692198391E7,2025-10-11
I989227,1814,7.718948937E7,2025-10-06
I989228,601,8.465353104E7,2025-09-28
I989229,1065,5.740896944E7,2025-09-28
I989230,1653,1.3392241157E8,2025-09-20
I989231,1925,2.7047679032E8,2025-10-23
I989232,643,2.428489792E7,2025-09-03
I989233,692,4.223171524E7,2025-09-21
I989234,1012,5.739921883E7,2025-09-05
I989235,1580,3.612316964E7,2025-10-18
I989236,626,8.020783841E7,2025-10-23
I989237,560,3.615492895E7,2025-10-03
I989238,744,1.385716436E7,2025-10-31
I989239,1202,1.2535961771E8,2025-09-06
I989240,851,9251209.68,2025-09-22
I989241,1518,8.667707687E7,2025-10-27
I989242,626,4.365576731E7,2025-09-15
I989243,495,5.611249698E7,2025-10-18
I989244,1676,3.910361889E7,2025-09-15
I989245,1737,1.0557654679E8,2025-10-29
I989246,1164,7.417838005E7,2025-10-04
I989247,1357,9.495712169E7,2025-10-09
I989248,1874,3.485270361E7,2025-09-04
I989249,789,3.595077226E7,2025-10-04
I989250,158,1796262.35,2025-09-03
I989251,1064,4.424459884E7,2025-09-18
I989252,1720,2.18087283E7,2025-09-13
I989253,204,2.438352489E7,2025-09-10
I989254,1851,1.6346203818E8,2025-09-05
I989255,418,3.156316751E7,2025-09-08
I989256,1976,5.358318287E7,2025-09-27
I989257,427,5.204596143E7,2025-09-13
I989258,1112,2.604230198E7,2025-10-27
I989259,1142,1.5793742526E8,2025-10-30
I989260,278,2.295136584E7,2025-09-12
I989261,1987,1.767153908E7,2025-10-03
I989262,1903,1.1412331601E8,2025-09-25
I989263,931,1.459263557E7,2025-09-03
I989264,1002,1.3184042006E8,2025-10-11
I989265,926,9.202028873E7,2025-09-20
I989266,1561,2.2665371986E8,2025-09-24
I989267,1298,1.564376556E7,2025-09-21
I989268,1218,2.879470324E7,2025-10-18
I989269,1214,1.2092384284E8,2025-09-11
I989270,622,9.02765115E7,2025-09-30
I989271,1011,8.932339324E7,2025-09-10
I989272,356,3.501101084E7,2025-09-29
I989273,177,2.590525142E7,2025-10-26
I989274,475,7514610.13,2025-09-28
I989275,1045,8.571632901E7,2025-10-04
I989276,690,3.483366752E7,2025-10-31
I989277,950,6.595926809E7,2025-09-05
I989278,1704,9.550210137E7,2025-10-01
I989279,597,8.94155582E7,2025-09-04
I989280,357,3.285058929E7,2025-10-20
I989281,1988,7.396532654E7,2025-10-23
I989282,157,8531187.79,2025-09-30
I989283,1938,1.5532821582E8,2025-10-10
I989284,1493,8.954995331E7,2025-09-13
I989285,1268,4.058678406E7,2025-09-19
I989286,58,2360455.79,2025-10-21
I989287,854,5.392799631E7,2025-10-20
I989288,1211,2.982534474E7,2025-09-30
I989289,224,1.880454236E7,2025-09-14
I989290,1341,1.0212709789E8,2025-10-10
I989291,1653,8.414508693E7,2025-10-06
I989292,341,1.843564514E7,2025-10-21
I989293,438,6.353046938E7,2025-10-25
I989294,681,4.539469015E7,2025-09-23
I989295,282,1094807.52,2025-10-20
I989296,1870,1.7177027217E8,2025-09-30
I989297,722,4.971530633E7,2025-09-08
I989298,1065,1.251459362E8,2025-10-17
I989299,778,9.116105921E7,2025-09-21
I989300,516,7.446350886E7,2025-10-14
I989301,236,3.472244495E7,2025-09-03
I989302,1982,2.0136224517E8,2025-09-01
I989303,863,9.068355296E7,2025-10-17
I989304,1812,1.2032695867E8,2025-09-08
I989305,1658,1.7900966346E8,2025-10-12
I989306,1685,6.533716963E7,2025-10-22
I989307,1731,1.9329983199E8,2025-10-14
I989308,844,7.279040309E7,2025-10-31
I989309,80,4777830.04,2025-09-16
I989310,1939,1.903807685E8,2025-09-03
I989311,1547,8.396292643E7,2025-09-10
I989312,487,1.718445613E7,2025-10-23
I989313,1143,1.2394108405E8,2025-09-01
I989314,1613,2.3096137358E8,2025-09-17
I989315,84,9904541.57,2025-10-30
I989316,1430,9.495290808E7,2025-09-02
I989317,264,3.913102789E7,2025-09-26
I989318,698,4.201875103E7,2025-10-30
I989319,980,8.061446574E7,2025-10-28
I989320,1893,1490257.78,2025-10-02
I989321,1623,2.3011442215E8,2025-09-09
I989322,798,5834965.73,2025-10-28
I989323,51,2609083.55,2025-09-03
I989324,98,5364732.17,2025-09-27
I989325,888,5.300610906E7,2025-09-15
I989326,872,2.829675739E7,2025-10-25
I989327,1261,1.2014917589E8,2025-09-28
I989328,212,1.543254525E7,2025-10-17
I989329,1565,1.3582796365E8,2025-10-02
I989330,596,2.753491777E7,2025-09-03
I989331,1318,1.8182530963E8,2025-10-13
I989332,1040,6.326590513E7,2025-09-06
I989333,1305,8507330.37,2025-09-10
I989334,863,3.767341891E7,2025-09-18
I989335,1942,2.111769402E7,2025-09-24
I989336,1157,1.4568316525E8,2025-10-14
I989337,280,2.881706399E7,2025-09-05
I989338,483,5993976.71,2025-10-22
I989339,222,2.50589553E7,2025-10-17
I989340,1002,1.074751766E8,2025-10-13
I989341,631,4.559113365E7,2025-10-23
I989342,1157,8.542822755E7,2025-10-25
I989343,108,9416275.67,2025-09-06
I989344,737,9.322595046E7,2025-09-01
I989345,323,2.325851543E7,2025-10-20
I989346,464,1.216122625E7,2025-09-04
I989347,1376,1.402366875E8,2025-09-11
I989348,1084,1.3839050136E8,2025-09-26
I989349,1290,2.895443825E7,2025-09-24
I989350,1883,2.6308724125E8,2025-10-03
I989351,347,4790212.67,2025-10-21
I989352,658,6.503543106E7,2025-10-08
I989353,1640,9604115.77,2025-10-13
I989354,1337,1.89451794E8,2025-10-31
I989355,1763,2.6242541777E8,2025-09-14
I989356,970,1.4026706131E8,2025-09-16
I989357,1783,8.495097782E7,2025-10-17
I989358,812,1.292887411E7,2025-09-02
I989359,1954,2.7197479664E8,2025-10-30
I989360,1831,2.5089741836E8,2025-09-03
I989361,1742,1.0633078519E8,2025-10-04
I989362,744,1.076157155E8,2025-10-18
I989363,665,9.485335157E7,2025-09-07
I989364,1695,2.0792074836E8,2025-10-20
I989365,1513,2087631.51,2025-10-21
I989366,1137,1.4572329719E8,2025-09-26
I989367,548,3.444830138E7,2025-09-20
I989368,217,3.122910962E7,2025-10-25
I989369,1763,1.0907886132E8,2025-10-12
I989370,1074,2.113698631E7,2025-10-26
I989371,1666,2.2635409282E8,2025-09-11
I989372,1689,1.2950781102E8,2025-10-11
I989373,1697,1.7899042517E8,2025-09-08
I989374,341,3.313284935E7,2025-10-15
I989375,183,3995176.73,2025-10-14
I989376,1704,1.9472884387E8,2025-10-24
I989377,1999,2.53568036E8,2025-09-12
I989378,1917,9.550201621E7,2025-10-29
I989379,1975,2.0743537666E8,2025-10-03
I989380,1206,6.745559494E7,2025-10-11
I989381,1320,8393736.7,2025-09-11
I989382,1427,8.025435272E7,2025-10-20
I989383,86,2240582.25,2025-10-08
I989384,1566,1.2549161845E8,2025-09-12
I989385,894,1.0611566019E8,2025-10-18
I989386,1830,2.3240099053E8,2025-09-04
I989387,1091,1.5011832638E8,2025-09-28
I989388,1573,8.660417746E7,2025-09-22
I989389,1789,2.3911276554E8,2025-10-23
I989390,1565,1.1413258266E8,2025-10-06
I989391,1024,6.414501493E7,2025-09-27
I989392,796,5.903843512E7,2025-09-18
I989393,1847,2.2529482416E8,2025-10-17
I989394,1920,9.977361384E7,2025-09-27
I989395,1699,1.8604687687E8,2025-10-10
I989396,1363,1.1028947234E8,2025-10-28
I989397,383,3.981517289E7,2025-09-20
I989398,1380,3.194755453E7,2025-09-14
I989399,1456,6.584506464E7,2025-09-02
I989400,97,3244307.52,2025-09-09
I989401,1163,2213957.73,2025-09-10
I989402,254,2.755774191E7,2025-09-06
I989403,1607,1.0717713807E8,2025-10-28
I989404,1592,1.939123307E8,2025-09-15
I989405,1375,2.13866698E7,2025-09-06
I989406,1103,1.312493767E7,2025-10-28
I989407,1233,1.6654256256E8,2025-09-30
I989408,912,1.181052861E8,2025-10-21
I989409,103,4335042.72,2025-10-15
I989410,1545,8.076869118E7,2025-09-18
I989411,113,5473228.17,2025-09-18
I989412,62,2336609.35,2025-10-16
I989413,527,1.866037386E7,2025-10-23
I989414,1191,1.3461848232E8,2025-10-02
I989415,731,2.873299751E7,2025-10-04
I989416,893,6.958171641E7,2025-09-30
I989417,330,2.349694555E7,2025-10-19
I989418,1021,3.101069842E7,2025-10-08
I989419,1368,1.520448992E7,2025-09-06
I989420,686,1.0101661718E8,2025-10-07
I989421,1426,1.2984602045E8,2025-09-09
I989422,981,4.376307824E7,2025-09-13
I989423,1280,1.3683893818E8,2025-10-25
I989424,1703,1.7287779704E8,2025-10-21
I989425,1658,1.9149392149E8,2025-10-16
I989426,173,2005761.62,2025-10-19
I989427,427,3.340617992E7,2025-09-25
I989428,1590,1.7761877273E8,2025-09-13
I989429,1291,7.577644935E7,2025-09-19
I989430,676,5.189401983E7,2025-10-26
I989431,1871,7.293818728E7,2025-10-05
I989432,1106,1.5001830655E8,2025-10-02
I989433,1345,1.0104335155E8,2025-10-16
I989434,330,3.428982289E7,2025-09-29
I989435,1717,1.2760322487E8,2025-10-22
I989436,1603,1.1690059573E8,2025-10-09
I989437,578,2.95968326E7,2025-09-04
I989438,1137,1196147.05,2025-10-16
I989439,1794,1.8153009296E8,2025-09-23
I989440,435,5.445164198E7,2025-10-04
I989441,1194,1.5755935257E8,2025-10-17
I989442,1088,6.745134542E7,2025-09-25
I989443,1965,2.011093204E7,2025-09-07
I989444,1585,4.62795401E7,2025-09-12
I989445,793,6.41242842E7,2025-10-20
I989446,1902,1.720143376E7,2025-09-01
I989447,1057,4.802621671E7,2025-10-31
I989448,596,6.950042104E7,2025-09-06
I989449,685,7.920611499E7,2025-09-30
I989450,1409,5.601321827E7,2025-09-19
I989451,78,3813251.0,2025-09-17
I989452,431,4.055142588E7,2025-10-18
I989453,874,1.185284972E8,2025-10-24
I989454,471,4.783459802E7,2025-10-05
I989455,1129,3.001451706E7,2025-09-14
I989456,924,1.0935140425E8,2025-10-25
I989457,68,7478242.03,2025-10-04
I989458,984,2.569367983E7,2025-10-20
I989459,1795,2.696320712E7,2025-10-21
I989460,428,6.187030358E7,2025-09-11
I989461,148,1.762217064E7,2025-10-18
I989462,1148,1.387254801E7,2025-10-31
I989463,1985,1.1922278032E8,2025-09-25
I989464,399,3.029830518E7,2025-09-12
I989465,1005,1.175442774E7,2025-09-23
I989466,291,2.745806647E7,2025-10-18
I989467,619,7.347342123E7,2025-09-05
I989468,1616,1.2071789383E8,2025-09-16
I989469,1377,2.845960135E7,2025-10-03
I989470,540,7.473952547E7,2025-10-17
I989471,1539,2.0899812545E8,2025-09-19
I989472,1609,2.4116499509E8,2025-10-10
I989473,1997,2.690442819E8,2025-10-30
I989474,1070,7.595775758E7,2025-09-12
I989475,118,1.172651326E7,2025-10-21
I989476,503,5.779701445E7,2025-09-11
I989477,271,3.938853772E7,2025-09-06
I989478,105,5263730.14,2025-10-11
I989479,1271,6.024176768E7,2025-10-28
I989480,1512,1.5910523152E8,2025-09-21
I989481,502,6.329165611E7,2025-09-11
I989482,1300,1.3951051752E8,2025-10-26
I989483,727,1.039997445E8,2025-10-14
I989484,1793,1.5430097389E8,2025-09-24
I989485,1732,1675086.35,2025-10-23
I989486,1354,7.161499461E7,2025-10-06
I989487,81,1062844.4,2025-10-16
I989488,1483,1.944701812E7,2025-10-05
I989489,1686,5.548666518E7,2025-09-28
I989490,1424,1.5730643065E8,2025-09-28
I989491,1606,1.7979291448E8,2025-10-17
I989492,1025,2.488240747E7,2025-09-13
I989493,1679,4.28916891E7,2025-09-25
I989494,1425,4.362167735E7,2025-09-10
I989495,263,9170169.81,2025-10-03
I989496,500,2.573257841E7,2025-10-07
I989497,1524,6.061242126E7,2025-10-19
I989498,1988,1.1119662064E8,2025-10-12
I989499,1535,9.45223271E7,2025-09-06
I989500,1268,1.4748049595E8,2025-09-09
I989501,1386,1.2744214477E8,2025-10-09
I989502,1840,1.3846262497E8,2025-09-06
I989503,1052,1.1068400933E8,2025-09-04
I989504,1868,2.2804329525E8,2025-09-05
I989505,606,2783548.5,2025-10-11
I989506,259,3.328979985E7,2025-10-05
I989507,544,7.009302981E7,2025-09-16
I989508,873,1.447716523E7,2025-10-21
I989509,1954,2.5953149949E8,2025-09-07
I989510,430,2.986396896E7,2025-09-16
I989511,841,2.993716297E7,2025-10-01
I989512,1635,3.765723161E7,2025-09-21
I989513,1874,2.6760042936E8,2025-09-12
I989514,204,1.522705059E7,2025-10-25
I989515,1303,3.600849564E7,2025-10-11
I989516,114,4623275.8,2025-09-03
I989517,833,6.783214949E7,2025-10-28
I989518,1631,9.882350209E7,2025-10-14
I989519,598,5.047851289E7,2025-10-19
I989520,1617,3581431.62,2025-10-03
I989521,1281,5.32556367E7,2025-10-29
I989522,1972,1.11573885E8,2025-10-29
I989523,1051,1.2521333291E8,2025-09-09
I989524,1902,1.6229116528E8,2025-09-03
I989525,777,8.556666214E7,2025-10-08
I989526,1374,1.0856533289E8,2025-09-08
I989527,1751,1.3659651015E8,2025-09-17
I989528,1458,2.441028493E7,2025-09-12
I989529,1426,1.655731982E8,2025-10-09
I989530,321,4.213116169E7,2025-09-04
I989531,547,4.419731917E7,2025-09-05
I989532,1678,1.5958824865E8,2025-09-15
I989533,1226,1.4873799932E8,2025-09-23
I989534,332,9330153.93,2025-09-21
I989535,1407,1.9368389301E8,2025-09-05
I989536,1183,1.3392913444E8,2025-10-15
I989537,1371,5.309805898E7,2025-10-24
I989538,1414,3.634645186E7,2025-10-20
I989539,990,7.650229846E7,2025-09-04
I989540,648,8.542360667E7,2025-09-07
I989541,1181,1.4217358633E8,2025-10-26
I989542,871,8.741669387E7,2025-09-22
I989543,1632,1.606141042E7,2025-09-06
I989544,1758,5.04939118E7,2025-09-30
I989545,461,4.959840853E7,2025-10-15
I989546,1058,1.4338092591E8,2025-09-08
I989547,1912,1.9178420614E8,2025-09-28
I989548,514,1.856834732E7,2025-10-05
I989549,522,4.896862227E7,2025-10-23
I989550,776,3.995340578E7,2025-10-24
I989551,1231,1.3189471326E8,2025-10-23
I989552,419,2.261631161E7,2025-10-07
I989553,659,1.620022172E7,2025-10-14
I989554,934,4.26592356E7,2025-10-14
I989555,1051,1.2673199515E8,2025-10-15
I989556,1352,1.128937507E7,2025-09-10
I989557,737,1.0555686028E8,2025-09-12
I989558,524,6.602829429E7,2025-09-04
I989559,1879,2.3084385693E8,2025-10-01
I989560,1312,9.459929653E7,2025-09-11
I989561,1483,1.1566880099E8,2025-10-14
I989562,331,4.384750797E7,2025-10-03
I989563,549,3.24405833E7,2025-10-26
I989564,315,6657817.58,2025-09-14
I989565,905,2.857423147E7,2025-09-26
I989566,88,1986404.42,2025-10-26
I989567,910,1.646713724E7,2025-09-16
I989568,1272,6.815806652E7,2025-09-04
I989569,885,3.716113363E7,2025-10-20
I989570,1276,1.8241987349E8,2025-09-29
I989571,165,1.401245023E7,2025-10-24
I989572,191,2.407262485E7,2025-10-20
I989573,1133,8.317667486E7,2025-10-26
I989574,246,1.67507786E7,2025-10-24
I989575,1401,1.3903922519E8,2025-10-11
I989576,186,2.272806245E7,2025-10-21
I989577,1028,3.679353513E7,2025-09-19
I989578,1913,1.2290255577E8,2025-10-07
I989579,1901,1.9776790146E8,2025-09-21
I989580,579,5.073186996E7,2025-10-18
I989581,595,3.546242782E7,2025-10-31
I989582,408,1.265608929E7,2025-10-07
I989583,1878,2.323767264E7,2025-09-26
I989584,827,4.867592208E7,2025-10-05
I989585,1336,1.1196130396E8,2025-10-06
I989586,366,2.887108752E7,2025-10-23
I989587,292,2.69936594E7,2025-09-29
I989588,709,4.597781665E7,2025-10-29
I989589,1750,4.906378631E7,2025-10-21
I989590,1408,2.0846803595E8,2025-09-25
I989591,288,1.665653362E7,2025-09-09
I989592,566,6.782164092E7,2025-09-11
I989593,759,4.019231084E7,2025-10-15
I989594,1313,1.6088857929E8,2025-10-03
I989595,418,1.555074353E7,2025-09-22
I989596,1757,2.5928459542E8,2025-10-17
I989597,1921,2.2321318049E8,2025-10-06
I989598,502,7.031656607E7,2025-09-01
I989599,1583,7.202839584E7,2025-10-06
I989600,1285,1.7248258684E8,2025-09-08
I989601,1947,2.5875448664E8,2025-10-25
I989602,1862,2.33410496E8,2025-10-17
I989603,328,4.894206419E7,2025-09-11
I989604,1542,1.5871999633E8,2025-09-19
I989605,1057,5.940476054E7,2025-10-26
I989606,1280,1.1864848941E8,2025-09-11
I989607,1515,1.1131002133E8,2025-09-03
I989608,419,4.45967666E7,2025-10-01
I989609,1006,1.2947975962E8,2025-10-21
I989610,1763,1.440789358E8,2025-09-12
I989611,1735,8.822355156E7,2025-09-23
I989612,1432,1.4475902467E8,2025-10-23
I989613,1091,1.0534969856E8,2025-10-18
I989614,1573,1.5906477013E8,2025-10-22
I989615,1808,1.5770767698E8,2025-10-01
I989616,1576,2.1227302859E8,2025-10-31
I989617,590,6.940936217E7,2025-09-05
I989618,312,4.147204449E7,2025-09-19
I989619,343,3.310009243E7,2025-09-19
I989620,958,1.3102465012E8,2025-10-03
I989621,1793,1.3648776871E8,2025-10-04
I989622,102,9670032.67,2025-09-18
I989623,1962,1.5707005809E8,2025-10-17
I989624,777,1.007651218E7,2025-10-07
I989625,791,8.840694949E7,2025-10-17
I989626,186,9626659.98,2025-10-15
I989627,1415,7.539321246E7,2025-10-11
I989628,1214,1.3139810282E8,2025-09-16
I989629,1654,3.608808961E7,2025-10-05
I989630,1467,1.0968654474E8,2025-09-13
I989631,1689,2.3238133442E8,2025-10-18
I989632,1232,8.442310976E7,2025-10-08
I989633,1328,1.218514808E7,2025-10-18
I989634,59,3220329.55,2025-10-07
I989635,488,504040.22,2025-10-08
I989636,1485,5.61948279E7,2025-09-01
I989637,226,2.152871012E7,2025-10-23
I989638,920,1.3776395222E8,2025-10-22
I989639,106,5540420.41,2025-09-17
I989640,1449,1.7238877243E8,2025-10-27
I989641,522,4.885797241E7,2025-10-03
I989642,723,8.488322704E7,2025-09-28
I989643,1392,6.600644027E7,2025-10-22
I989644,419,5681919.25,2025-10-20
I989645,372,5.158431101E7,2025-09-22
I989646,841,9019527.51,2025-09-16
I989647,864,4.160445648E7,2025-09-11
I989648,766,4.083352828E7,2025-09-21
I989649,1626,9.13830872E7,2025-09-11
I989650,1301,6.721878962E7,2025-10-30
I989651,1376,1.8728761266E8,2025-10-24
I989652,1132,1.543647365E7,2025-10-18
I989653,813,2.286848617E7,2025-10-25
I989654,1976,1.219245691E7,2025-09-01
I989655,1577,2.691892215E7,2025-10-07
I989656,330,2.907114994E7,2025-09-27
I989657,1075,6.603613869E7,2025-09-18
I989658,1360,9.936684342E7,2025-09-03
I989659,1261,8.041404369E7,2025-10-26
I989660,862,5.16656225E7,2025-10-25
I989661,1183,1.2342521705E8,2025-09-08
I989662,281,3114693.68,2025-09-05
I989663,1219,1.644508409E7,2025-09-20
I989664,1802,1.7258114839E8,2025-09-26
I989665,98,7001697.7,2025-09-22
I989666,90,7849003.93,2025-09-27
I989667,330,1108466.94,2025-10-20
I989668,575,6.125041329E7,2025-09-24
I989669,287,1.764365591E7,2025-09-26
I989670,368,5.35749231E7,2025-09-12
I989671,1804,2.0051161008E8,2025-10-06
I989672,997,1.4858112491E8,2025-09-21
I989673,1041,3.647198538E7,2025-10-01
I989674,825,1.794702765E7,2025-10-06
I989675,958,7.957373475E7,2025-09-03
I989676,1256,1.133663213E8,2025-09-04
I989677,1134,1.4650736945E8,2025-10-07
I989678,1442,1.8382210553E8,2025-10-04
I989679,824,6086764.18,2025-09-04
I989680,1506,1.881193999E8,2025-10-26
I989681,1828,1.760936634E8,2025-10-22
I989682,475,5.027758442E7,2025-10-25
I989683,1280,2.073348889E7,2025-09-19
I989684,1679,1.4038816637E8,2025-10-15
I989685,1973,3.1529776E7,2025-09-14
I989686,1326,2876020.15,2025-10-02
I989687,170,1.811259421E7,2025-09-06
I989688,614,2.576759289E7,2025-10-08
I989689,692,5.164577266E7,2025-10-29
I989690,344,1.493235333E7,2025-10-16
I989691,884,8.959662291E7,2025-10-17
I989692,1993,6775321.0,2025-09-28
I989693,1441,9.549755854E7,2025-09-28
I989694,1652,2.4168339657E8,2025-09-09
I989695,1812,2.5283779152E8,2025-09-05
I989696,1520,6.090031948E7,2025-10-09
I989697,1376,2.059709552E8,2025-09-17
I989698,712,8.850292962E7,2025-09-11
I989699,736,7.17780496E7,2025-10-19
I989700,1717,2.992327966E7,2025-10-07
I989701,1037,1.891527564E7,2025-09-28
I989702,582,5.783070993E7,2025-10-02
I989703,418,1.561614013E7,2025-10-25
I989704,1635,2.1298064617E8,2025-09-12
I989705,937,1.209500457E7,2025-10-17
I989706,1160,3769474.8,2025-09-29
I989707,471,1.132730707E7,2025-10-10
I989708,1010,1.2018438195E8,2025-09-21
I989709,1104,5.795698743E7,2025-10-06
I989710,889,5.760720076E7,2025-09-02
I989711,682,3324168.1,2025-10-07
I989712,1358,1.646343021E8,2025-10-07
I989713,911,1.062909716E7,2025-10-06
I989714,1546,6.267509958E7,2025-09-12
I989715,1461,3.495693736E7,2025-10-02
I989716,522,7.689716856E7,2025-10-26
I989717,530,2.077443009E7,2025-10-03
I989718,696,7.548824056E7,2025-09-08
I989719,1573,5.737167586E7,2025-10-02
I989720,255,3.467710831E7,2025-10-22
I989721,747,1.768257216E7,2025-10-15
I989722,1883,1.6831310437E8,2025-10-06
I989723,1974,2.829547127E8,2025-09-18
I989724,782,8809596.72,2025-09-18
I989725,176,2.242766985E7,2025-10-06
I989726,58,7214123.33,2025-10-16
I989727,211,6071189.63,2025-09-22
I989728,841,9.321779076E7,2025-09-02
I989729,1941,2.6442522262E8,2025-10-05
I989730,1858,6.388344759E7,2025-10-09
I989731,1001,1.1495069806E8,2025-09-04
I989732,1765,1.8181090581E8,2025-09-25
I989733,114,3619266.77,2025-09-26
I989734,1454,6.645164505E7,2025-09-03
I989735,664,4.404419119E7,2025-10-12
I989736,1361,1.7236247587E8,2025-10-27
I989737,1395,1.0097842505E8,2025-09-27
I989738,986,1.230426324E8,2025-10-21
I989739,711,9.307386875E7,2025-10-16
I989740,1984,1.1173278561E8,2025-09-22
I989741,1214,9.731854371E7,2025-10-28
I989742,1081,1.4263829136E8,2025-10-31
I989743,197,1.504008704E7,2025-10-30
I989744,1015,1.413948692E7,2025-10-06
I989745,522,3.277841955E7,2025-09-02
I989746,321,9227665.07,2025-09-22
I989747,1709,1.3120822464E8,2025-09-17
I989748,1394,1.1853423825E8,2025-09-30
I989749,88,7455072.74,2025-09-28
I989750,637,7.39476448E7,2025-10-03
I989751,1171,5.061424583E7,2025-10-29
I989752,1293,1.086633923E7,2025-10-22
I989753,1553,8.539614762E7,2025-09-17
I989754,222,1.205780675E7,2025-10-26
I989755,1531,1.8165186593E8,2025-10-31
I989756,1304,3.947880898E7,2025-09-21
I989757,499,6.776243548E7,2025-09-28
I989758,1750,2.1187870104E8,2025-10-13
I989759,281,3.380282767E7,2025-09-18
I989760,1722,1.1169221285E8,2025-10-30
I989761,1645,1.9498594178E8,2025-10-06
I989762,520,6.592692622E7,2025-09-01
I989763,436,5531768.73,2025-09-06
I989764,333,1.787358613E7,2025-09-08
I989765,196,6115692.75,2025-09-28
I989766,764,8.510842263E7,2025-09-28
I989767,944,7.978991213E7,2025-10-05
I989768,1052,3.850451521E7,2025-09-16
I989769,523,4.864146672E7,2025-10-26
I989770,896,1.1710952548E8,2025-10-31
I989771,1024,1.148138395E7,2025-09-03
I989772,1191,9498525.78,2025-09-25
I989773,1708,2.0150606933E8,2025-09-07
I989774,1993,7.886036724E7,2025-09-07
I989775,981,8.75322238E7,2025-10-31
I989776,1650,2.0251968612E8,2025-10-03
I989777,808,3.142690876E7,2025-09-16
I989778,206,2.122344301E7,2025-10-15
I989779,1295,9.870358599E7,2025-10-15
I989780,954,4389403.84,2025-09-26
I989781,1873,5.481667806E7,2025-10-20
I989782,760,3.80193625E7,2025-10-02
I989783,383,1.82082821E7,2025-09-27
I989784,550,3038182.12,2025-10-30
I989785,364,2.252358379E7,2025-10-02
I989786,909,8.751735742E7,2025-10-02
I989787,1515,1.4076410632E8,2025-10-10
I989788,1692,1.661041901E7,2025-09-26
I989789,1751,1.4989675416E8,2025-09-16
I989790,1628,1.5341583687E8,2025-09-09
I989791,777,1.0036794312E8,2025-09-21
I989792,595,364274.26,2025-09-22
I989793,491,3.975654435E7,2025-09-23
I989794,1903,2.3815483895E8,2025-10-27
I989795,126,1.509416495E7,2025-10-20
I989796,1220,1.0196854544E8,2025-10-17
I989797,1332,1.517207966E7,2025-10-11
I989798,733,8.637677497E7,2025-09-09
I989799,727,6120533.36,2025-10-28
I989800,657,6.812479333E7,2025-10-11
I989801,580,4.965725341E7,2025-10-02
I989802,94,8288178.19,2025-10-18
I989803,641,7.329894513E7,2025-10-15
I989804,1281,6.726952538E7,2025-09-11
I989805,1779,8.108762609E7,2025-10-04
I989806,978,2.580370823E7,2025-10-04
I989807,733,2.669612615E7,2025-09-11
I989808,1497,5.930513733E7,2025-10-23
I989809,639,1.062851693E7,2025-10-17
I989810,1062,1.3838612206E8,2025-09-02
I989811,1880,6.661574965E7,2025-10-19
I989812,576,8032676.24,2025-10-17
I989813,1173,2.113791803E7,2025-10-18
I989814,1532,2.157762781E8,2025-09-29
I989815,1382,2.94821976E7,2025-09-17
I989816,1821,2.4515852992E8,2025-10-31
I989817,592,5.690674551E7,2025-10-07
I989818,227,9057472.28,2025-10-22
I989819,998,6.351060908E7,2025-09-13
I989820,606,3.52384932E7,2025-09-16
I989821,1348,1.268165176E8,2025-10-15
I989822,1228,1.047478285E8,2025-09-29
I989823,208,190142.06,2025-09-27
I989824,107,1.141195998E7,2025-10-15
I989825,529,4.678649357E7,2025-09-11
I989826,1926,8.611308779E7,2025-10-21
I989827,1782,1.4836169809E8,2025-09-29
I989828,1276,1.8167029572E8,2025-09-14
I989829,1631,1.5245383269E8,2025-09-20
I989830,568,1.980917585E7,2025-10-02
I989831,335,3.232110216E7,2025-09-24
I989832,142,1.426170796E7,2025-09-16
I989833,1776,1.9109808251E8,2025-09-06
I989834,1049,1.2794655043E8,2025-10-14
I989835,1575,5.869284506E7,2025-09-30
I989836,1660,1.5327913122E8,2025-10-05
I989837,1567,1.0986902578E8,2025-10-18
I989838,206,2877312.45,2025-10-20
I989839,417,3.427704583E7,2025-09-11
I989840,455,2.857366359E7,2025-10-17
I989841,1124,1.0868072793E8,2025-09-04
I989842,947,4.51274542E7,2025-10-12
I989843,974,5.614409512E7,2025-09-01
I989844,1598,1.5915511886E8,2025-10-02
I989845,1793,6.965686579E7,2025-10-14
I989846,895,2.659939333E7,2025-10-07
I989847,1771,1.8191193367E8,2025-09-12
I989848,1839,2.5288960211E8,2025-10-16
I989849,485,6.015232531E7,2025-09-13
I989850,1820,1.8403313301E8,2025-09-04
I989851,1222,4.753149663E7,2025-09-01
I989852,1633,7.160944843E7,2025-10-06
I989853,1428,1.354184828E7,2025-09-14
I989854,835,2.017016008E7,2025-10-27
I989855,856,7137133.04,2025-09-07
I989856,1206,1.7585972513E8,2025-09-06
I989857,369,3.454228059E7,2025-10-24
I989858,755,2.212948972E7,2025-10-02
I989859,78,8272740.45,2025-10-15
I989860,1935,2.3178201714E8,2025-09-06
I989861,823,1.0634378463E8,2025-09-10
I989862,899,4.683815819E7,2025-10-22
I989863,873,5.888502973E7,2025-10-20
I989864,1162,8.992050814E7,2025-10-24
I989865,1013,1.0536243873E8,2025-09-28
I989866,958,6029059.73,2025-09-24
I989867,1857,5.141510374E7,2025-10-25
I989868,1804,9.811934358E7,2025-10-08
I989869,1943,1.255679948E8,2025-09-12
I989870,263,4630823.44,2025-09-16
I989871,1863,1.5104155186E8,2025-10-16
I989872,1992,1.3551866673E8,2025-09-11
I989873,548,7555482.78,2025-10-25
I989874,844,8.479503537E7,2025-10-15
I989875,426,2.436624786E7,2025-09-02
I989876,1794,1.4024907918E8,2025-10-08
I989877,725,3.381948714E7,2025-10-30
I989878,1039,1.0134446285E8,2025-09-12
I989879,490,4.893387012E7,2025-10-31
I989880,837,2.660776357E7,2025-09-13
I989881,395,3132118.38,2025-10-12
I989882,692,3.74785114E7,2025-10-29
I989883,1114,1.6488525243E8,2025-09-26
I989884,1843,8.402458078E7,2025-09-29
I989885,1657,2.1495622624E8,2025-09-05
I989886,1545,2.1564179994E8,2025-09-18
I989887,1964,5.679580064E7,2025-10-01
I989888,551,2.27840585E7,2025-10-18
I989889,1272,1.1014230835E8,2025-10-27
I989890,390,3.120862634E7,2025-10-16
I989891,912,5.101599837E7,2025-09-11
I989892,391,4.960048537E7,2025-10-03
I989893,375,1.790866873E7,2025-09-03
I989894,1696,2.2418779589E8,2025-09-09
I989895,989,1.3549014574E8,2025-10-24
I989896,1514,3.311937837E7,2025-09-08
I989897,144,1.841715719E7,2025-10-28
I989898,568,1.426400237E7,2025-10-16
I989899,683,1.0048016199E8,2025-10-09
I989900,801,4.324015965E7,2025-10-06
I989901,1214,1.6013526207E8,2025-10-26
I989902,659,4.407892882E7,2025-09-12
I989903,1603,1.003865499E8,2025-10-13
I989904,554,8737252.38,2025-09-01
I989905,378,2.849626919E7,2025-10-25
I989906,894,1.2826595219E8,2025-09-26
I989907,667,1.48451795E7,2025-10-10
I989908,549,1.51696198E7,2025-10-24
I989909,1016,1.4689011348E8,2025-10-22
I989910,1382,1.256777307E7,2025-10-21
I989911,362,1.488586796E7,2025-09-18
I989912,506,4.948844582E7,2025-10-06
I989913,1478,1.9915862167E8,2025-10-21
I989914,1548,8960791.79,2025-09-12
I989915,1427,5.684638025E7,2025-10-13
I989916,480,9250543.1,2025-10-03
I989917,1703,1.2730811786E8,2025-10-06
I989918,279,1.704639405E7,2025-10-14
I989919,109,7902481.39,2025-10-20
I989920,703,4.529559748E7,2025-10-01
I989921,1605,2.4045252301E8,2025-10-20
I989922,1125,1.1457831965E8,2025-09-16
I989923,1455,1.953649989E7,2025-10-29
I989924,1653,8.637677242E7,2025-09-09
I989925,767,1.236648843E7,2025-10-24
I989926,455,3.843206283E7,2025-09-10
I989927,1235,9.420348707E7,2025-09-02
I989928,1736,2.2389315661E8,2025-10-12
I989929,1294,6.440147857E7,2025-09-04
I989930,215,3.136793959E7,2025-09-01
I989931,1723,1.0052598356E8,2025-10-25
I989932,1101,7.012804167E7,2025-09-27
I989933,117,3417915.21,2025-10-02
I989934,426,5.131992852E7,2025-10-03
I989935,518,2626655.44,2025-10-23
I989936,291,4976391.67,2025-09-18
I989937,261,3.561469288E7,2025-09-22
I989938,931,3.070643131E7,2025-09-12
I989939,378,1.064757451E7,2025-10-21
I989940,1473,1.8609295044E8,2025-10-27
I989941,1054,1.1155971682E8,2025-10-12
I989942,166,2.156239218E7,2025-10-22
I989943,1961,2.8798303324E8,2025-10-25
I989944,1177,1.3721038612E8,2025-09-05
I989945,1180,8708734.76,2025-10-26
I989946,522,4.351857661E7,2025-09-29
I989947,1430,1.2774634414E8,2025-10-08
I989948,1189,3.262527237E7,2025-09-25
I989949,102,6697951.82,2025-09-09
I989950,978,1.3250958849E8,2025-09-15
I989951,1582,1.4145904044E8,2025-10-11
I989952,940,7.980430323E7,2025-09-29
I989953,609,2.565790504E7,2025-09-25
I989954,1249,6.068188392E7,2025-09-26
I989955,1015,1.5064499227E8,2025-09-01
I989956,1245,3.953666698E7,2025-09-16
I989957,1451,6.286569774E7,2025-09-11
I989958,1204,1.6958449997E8,2025-09-07
I989959,84,4721128.69,2025-10-16
I989960,805,9.972012149E7,2025-10-22
I989961,833,4.501371535E7,2025-09-22
I989962,312,3.194490735E7,2025-09-30
I989963,992,9.887278741E7,2025-10-21
I989964,709,8.972377015E7,2025-10-28
I989965,499,3.092085424E7,2025-10-17
I989966,291,8618042.27,2025-09-20
I989967,1736,4.060796697E7,2025-10-14
I989968,122,1.321888099E7,2025-10-24
I989969,73,9592785.02,2025-09-10
I989970,1889,2.5631772507E8,2025-09-23
I989971,1238,1.3156090374E8,2025-10-29
I989972,274,8447886.03,2025-10-30
I989973,53,7288935.53,2025-10-14
I989974,329,3.895900061E7,2025-10-10
I989975,997,1.2663985206E8,2025-10-28
I989976,940,1.998469611E7,2025-10-08
I989977,884,4.026639415E7,2025-10-19
I989978,1810,2.2630000045E8,2025-09-10
I989979,1768,1.6958225258E8,2025-10-24
I989980,996,2.237232293E7,2025-10-06
I989981,821,5.885741269E7,2025-09-26
I989982,1023,1.4466009115E8,2025-09-21
I989983,1897,2.4743694452E8,2025-09-10
I989984,1225,4.059202568E7,2025-10-11
I989985,104,575416.88,2025-10-01
I989986,921,3183104.01,2025-10-22
I989987,1724,1.4697685969E8,2025-09-17
I989988,432,4.356688408E7,2025-10-08
I989989,1364,1.4748641905E8,2025-10-03
I989990,1784,1.9009055759E8,2025-10-07
I989991,1167,8.349606593E7,2025-10-20
I989992,499,5.349530257E7,2025-10-21
I989993,1319,1.7423279898E8,2025-10-09
I989994,357,4887520.2,2025-09-09
I989995,236,2.126612496E7,2025-09-14
I989996,1538,1.9791791779E8,2025-09-12
I989997,1745,2.1900348617E8,2025-09-27
I989998,330,2.300459105E7,2025-09-25
I989999,441,3.544322998E7,2025-09-10
I990000,282,3.594637436E7,2025-09-29
I990001,1000,9.49393904E7,2025-09-22
I990002,684,3.80539421E7,2025-10-07
I990003,1216,1.0850089817E8,2025-09-17
I990004,324,4.137070435E7,2025-10-07
I990005,356,1.517411865E7,2025-09-24
I990006,1754,2.125090995E8,2025-09-10
I990007,776,2.401404598E7,2025-10-16
I990008,797,1.0340506105E8,2025-09-20
I990009,794,1.0143431074E8,2025-10-12
I990010,134,4539761.04,2025-09-14
I990011,1981,1.8024021651E8,2025-10-07
I990012,1741,1.2436969858E8,2025-09-16
I990013,714,7.605762407E7,2025-09-08
I990014,746,5.99582751E7,2025-10-13
I990015,472,6.513939386E7,2025-09-28
I990016,449,1.293460105E7,2025-09-22
I990017,1787,4.061928359E7,2025-09-12
I990018,1860,4.955621186E7,2025-09-21
I990019,690,3.126516972E7,2025-09-20
I990020,1485,1.1057056285E8,2025-09-05
I990021,657,4.575511489E7,2025-09-16
I990022,725,1.750376426E7,2025-09-29
I990023,1093,1.097753604E7,2025-09-21
I990024,470,6.295191995E7,2025-09-21
I990025,1372,1.0504404065E8,2025-10-19
I990026,613,6406966.94,2025-10-03
I990027,1377,8.293806022E7,2025-10-05
I990028,1389,1.1205283697E8,2025-10-11
I990029,1428,7.326744122E7,2025-10-15
I990030,174,2.51319885E7,2025-10-28
I990031,622,2.53810231E7,2025-09-13
I990032,985,1.4490254367E8,2025-09-07
I990033,1224,5.816077782E7,2025-10-25
I990034,685,6.477269855E7,2025-10-04
I990035,1731,1.3348099638E8,2025-10-17
I990036,1977,3.768197318E7,2025-10-26
I990037,1319,1.3512792775E8,2025-09-02
I990038,1582,1.1145376055E8,2025-09-28
I990039,674,5.159265097E7,2025-10-13
I990040,1654,1.1469014661E8,2025-09-07
I990041,188,1.874802875E7,2025-09-17
I990042,1493,9.536924184E7,2025-10-11
I990043,771,1585825.1,2025-09-27
I990044,487,5.328083958E7,2025-10-01
I990045,609,6.936104996E7,2025-10-30
I990046,334,2.644715899E7,2025-10-30
I990047,453,2.400386241E7,2025-10-16
I990048,1460,7.929027381E7,2025-10-05
I990049,536,5.092597646E7,2025-10-06
I990050,1979,2.845109113E8,2025-09-07
I990051,1369,1.192711551E8,2025-10-15
I990052,984,5.096138164E7,2025-10-28
I990053,531,2.939509977E7,2025-09-23
I990054,1906,1.0048797156E8,2025-09-01
I990055,1598,6.533741573E7,2025-10-22
I990056,1758,1.3536670674E8,2025-09-25
I990057,1691,1.4186712503E8,2025-10-11
I990058,1556,2.2719727889E8,2025-09-03
I990059,587,3.021026812E7,2025-09-21
I990060,1857,2.1525851814E8,2025-09-06
I990061,241,8735154.35,2025-09-05
I990062,201,1.830054834E7,2025-09-17
I990063,483,1.132735181E7,2025-09-18
I990064,1670,1.2754456829E8,2025-09-07
I990065,255,3.108539851E7,2025-09-28
I990066,1153,8.398777735E7,2025-09-28
I990067,1965,9.866028977E7,2025-09-25
I990068,1915,1.1211032899E8,2025-09-05
I990069,342,3.86926273E7,2025-09-20
I990070,1227,8.073781187E7,2025-10-08
I990071,408,2.629426167E7,2025-09-17
I990072,764,6.596350116E7,2025-10-03
I990073,1821,7.87817769E7,2025-09-29
I990074,1898,2.6795166549E8,2025-09-18
I990075,379,2.515779204E7,2025-09-10
I990076,1670,1.8207557072E8,2025-09-06
I990077,878,5.472249125E7,2025-09-15
I990078,627,7.696680855E7,2025-10-30
I990079,1774,1.3534044497E8,2025-10-18
I990080,1639,8335606.43,2025-09-04
I990081,1187,1.0343489973E8,2025-09-10
I990082,620,4.995425255E7,2025-09-24
I990083,637,4.139858286E7,2025-09-08
I990084,1048,4.087344659E7,2025-10-03
I990085,1436,1.7902695545E8,2025-09-15
I990086,1282,1.1111717894E8,2025-09-07
I990087,1872,1.3995444748E8,2025-09-24
I990088,104,1.486689836E7,2025-10-17
I990089,1537,8.768485116E7,2025-09-03
I990090,1502,4.760423431E7,2025-09-15
I990091,999,2.604244339E7,2025-09-22
I990092,78,6020018.95,2025-09-12
I990093,326,6278082.91,2025-10-04
I990094,385,5.483277704E7,2025-09-03
I990095,221,3.274210111E7,2025-09-21
I990096,656,2.125367919E7,2025-10-20
I990097,763,9.394767707E7,2025-09-18
I990098,1835,2.30015402E8,2025-09-20
I990099,499,5.779520503E7,2025-10-29
I990100,552,6.406549868E7,2025-09-09
I990101,1431,9.629637913E7,2025-10-28
I990102,1563,1.3679294543E8,2025-09-12
I990103,178,1.152641558E7,2025-10-03
I990104,367,3.065305439E7,2025-10-19
I990105,755,1.066855014E8,2025-09-24
I990106,1707,3547827.23,2025-10-30
I990107,1395,1.6805034514E8,2025-10-01
I990108,1987,1.040166971E8,2025-09-05
I990109,1779,3332154.08,2025-09-22
I990110,242,8547640.46,2025-10-04
I990111,1277,7.020038917E7,2025-09-13
I990112,1025,6.941134932E7,2025-10-07
I990113,826,6.497753315E7,2025-09-10
I990114,1224,1.1599311168E8,2025-10-13
I990115,735,3.662109552E7,2025-10-12
I990116,627,1.452301428E7,2025-09-05
I990117,420,5.092054944E7,2025-09-09
I990118,1921,1.2422339517E8,2025-09-22
I990119,1256,4.111860838E7,2025-10-12
I990120,529,6.953352752E7,2025-10-08
I990121,878,2.024799875E7,2025-09-10
I990122,338,3.777246483E7,2025-10-09
I990123,1516,1.629162323E8,2025-09-20
I990124,1503,1.1203994544E8,2025-10-05
I990125,1037,9119461.69,2025-10-03
I990126,682,9786402.16,2025-10-15
I990127,1040,2.489302612E7,2025-10-03
I990128,840,1.1379831894E8,2025-10-13
I990129,1579,1.0133932433E8,2025-09-06
I990130,767,5.560595495E7,2025-10-21
I990131,1642,2.1455072916E8,2025-10-16
I990132,1875,7.759797803E7,2025-10-13
I990133,291,9898562.93,2025-10-23
I990134,1211,7.186239154E7,2025-10-28
I990135,1939,8847869.6,2025-09-11
I990136,988,1.3769308927E8,2025-09-16
I990137,1011,3.668930694E7,2025-10-14
I990138,893,3.555922136E7,2025-10-18
I990139,606,5.266433358E7,2025-09-18
I990140,1218,1.4589785917E8,2025-10-20
I990141,910,7.571083989E7,2025-10-27
I990142,1753,1.8942090762E8,2025-09-27
I990143,1098,7.255533079E7,2025-10-30
I990144,1107,9.202977816E7,2025-10-24
I990145,1234,9.052671648E7,2025-09-28
I990146,1999,2.6172493393E8,2025-09-29
I990147,223,2.870227737E7,2025-10-03
I990148,237,1.921315905E7,2025-10-17
I990149,1660,4.811482688E7,2025-09-12
I990150,1185,5.499744836E7,2025-09-06
I990151,1356,1.8431721121E8,2025-09-27
I990152,1092,8.381725848E7,2025-10-26
I990153,166,1.521974737E7,2025-10-29
I990154,205,5269356.21,2025-09-12
I990155,1285,1.8500830139E8,2025-10-08
I990156,1620,7.988636239E7,2025-10-09
I990157,833,6.947259358E7,2025-09-15
I990158,347,1.156328808E7,2025-09-02
I990159,1474,6103723.24,2025-09-06
I990160,365,2.485735757E7,2025-10-12
I990161,784,4.831601679E7,2025-09-23
I990162,1343,1.2191712059E8,2025-10-10
I990163,1175,3.363443727E7,2025-10-30
I990164,1778,8.618098021E7,2025-09-11
I990165,411,2.984658882E7,2025-09-03
I990166,391,2.842235888E7,2025-09-11
I990167,504,1118270.03,2025-09-07
I990168,1954,1.9194991117E8,2025-09-02
I990169,610,6.465765863E7,2025-09-06
I990170,1509,1.0010759302E8,2025-10-15
I990171,263,3.273910709E7,2025-10-11
I990172,1589,8.956778467E7,2025-10-21
I990173,410,4579050.25,2025-09-24
I990174,1482,1.4233591804E8,2025-10-03
I990175,222,2.529458585E7,2025-09-17
I990176,402,2.323893083E7,2025-09-05
I990177,1955,6.602343691E7,2025-09-30
I990178,215,2.753979176E7,2025-09-18
I990179,1515,1.8584850989E8,2025-10-05
I990180,588,4748586.81,2025-09-27
I990181,1409,9.607284209E7,2025-10-18
I990182,1093,1.3760046341E8,2025-09-21
I990183,567,4.73809886E7,2025-09-29
I990184,875,8.442986475E7,2025-09-01
I990185,276,3.811751441E7,2025-10-08
I990186,362,4.309588478E7,2025-10-23
I990187,281,1.328102478E7,2025-10-17
I990188,1282,1.1729084052E8,2025-10-28
I990189,1781,1.3739940016E8,2025-09-04
I990190,768,1.1155508895E8,2025-10-03
I990191,814,1.0921456768E8,2025-09-01
I990192,918,8.07594297E7,2025-09-20
I990193,257,2.576599543E7,2025-09-18
I990194,1863,2.1581991757E8,2025-09-18
I990195,1052,1.3173516329E8,2025-09-19
I990196,244,3.593215868E7,2025-10-27
I990197,1024,4.689339258E7,2025-09-24
I990198,1245,1.003162295E8,2025-09-09
I990199,1114,1.3227100432E8,2025-10-08
I990200,1194,1.2236520243E8,2025-10-09
I990201,227,2.437695537E7,2025-09-10
I990202,438,4.844179821E7,2025-10-25
I990203,1219,1.0724179701E8,2025-10-12
I990204,862,9061931.2,2025-09-21
I990205,1552,1.322168994E7,2025-09-30
I990206,1049,1.54356835E8,2025-10-24
I990207,700,6.879675018E7,2025-10-09
I990208,1327,1.6742472992E8,2025-10-01
I990209,656,1.494993045E7,2025-09-10
I990210,1998,4.888026579E7,2025-09-03
I990211,702,3.000429105E7,2025-09-11
I990212,228,1.145261906E7,2025-10-24
I990213,1672,8.276981581E7,2025-10-09
I990214,722,3.217980073E7,2025-09-17
I990215,279,2.151065775E7,2025-10-28
I990216,743,5.8409859E7,2025-09-16
I990217,113,5311339.83,2025-10-09
I990218,795,8.353440677E7,2025-10-20
I990219,905,2.730453392E7,2025-09-29
I990220,1464,4.209393379E7,2025-09-06
I990221,274,162390.14,2025-09-13
I990222,188,1.184887957E7,2025-09-06
I990223,548,4.143634386E7,2025-10-22
I990224,1172,1.2817967145E8,2025-10-18
I990225,1882,1.3093596379E8,2025-10-02
I990226,1065,4.392947846E7,2025-09-16
I990227,1453,8.774239193E7,2025-09-15
I990228,1328,1.9383896422E8,2025-10-26
I990229,1692,1.2644012531E8,2025-09-21
I990230,1177,1.653428955E7,2025-09-05
I990231,639,1.852628264E7,2025-10-02
I990232,553,5.660774461E7,2025-10-04
I990233,1741,1.3593233691E8,2025-10-08
I990234,1181,1.6265258116E8,2025-09-17
I990235,219,9173282.81,2025-10-15
I990236,954,1.676245752E7,2025-10-11
I990237,1378,1.071670649E8,2025-10-26
I990238,1482,9.162258923E7,2025-09-04
I990239,326,4.407133326E7,2025-09-19
I990240,1566,4.779396019E7,2025-10-07
I990241,1158,1.3263009285E8,2025-10-24
I990242,734,5.411491721E7,2025-10-29
I990243,1798,1.5617878803E8,2025-10-13
I990244,572,1.558224345E7,2025-09-08
I990245,1771,1.0704909064E8,2025-09-15
I990246,951,1.091465572E7,2025-10-13
I990247,892,6364345.05,2025-10-23
I990248,293,1.477374453E7,2025-10-14
I990249,1852,1.7929937349E8,2025-09-09
I990250,1845,2.647443432E7,2025-10-05
I990251,428,5.105447314E7,2025-09-15
I990252,963,9881117.26,2025-10-05
I990253,227,1.339265556E7,2025-10-28
I990254,1369,1.089894427E7,2025-10-19
I990255,1723,1.0016134674E8,2025-10-04
I990256,1898,2.3055953532E8,2025-10-17
I990257,743,1946105.41,2025-10-05
I990258,1231,1.557455181E7,2025-10-10
I990259,1355,1.6167577217E8,2025-10-26
I990260,371,1.945048385E7,2025-09-28
I990261,521,1.526481463E7,2025-09-22
I990262,1125,3.895375164E7,2025-09-19
I990263,195,7912610.68,2025-09-12
I990264,293,976353.96,2025-10-25
I990265,1706,1.832801588E8,2025-09-07
I990266,502,6.473048617E7,2025-10-04
I990267,1752,1.2274918989E8,2025-10-19
I990268,167,6175645.95,2025-10-27
I990269,281,1.57247629E7,2025-09-13
I990270,760,6189853.87,2025-09-05
I990271,93,8240956.85,2025-09-02
I990272,1108,1.524845341E8,2025-10-15
I990273,103,3971833.08,2025-10-03
I990274,1345,1.341013943E8,2025-09-14
I990275,1542,8.327930178E7,2025-09-13
I990276,1303,4.385766947E7,2025-10-30
I990277,1160,1.561376367E7,2025-10-26
I990278,811,1.0886004512E8,2025-09-26
I990279,934,1.1879069886E8,2025-10-18
I990280,1394,1.1847156811E8,2025-09-09
I990281,610,4.350191118E7,2025-09-12
I990282,669,1.189523169E7,2025-09-05
I990283,1764,2.2671174013E8,2025-09-08
I990284,1432,2.0336537373E8,2025-09-05
I990285,177,1.560135473E7,2025-09-07
I990286,516,5.861283972E7,2025-09-11
I990287,1737,8.210240027E7,2025-10-21
I990288,615,1.017513174E7,2025-10-20
I990289,1765,5.024531648E7,2025-09-26
I990290,686,7.492066077E7,2025-09-15
I990291,148,1.323818979E7,2025-09-29
I990292,1598,1.9526346822E8,2025-09-27
I990293,974,1.2339503722E8,2025-09-17
I990294,999,1.363182243E8,2025-10-03
I990295,1458,1.8481258103E8,2025-10-11
I990296,1098,3.012409606E7,2025-10-01
I990297,928,1.2469674809E8,2025-10-08
I990298,472,5.480940551E7,2025-09-26
I990299,1239,8.066930798E7,2025-10-14
I990300,1693,8.292389181E7,2025-09-17
I990301,908,6.428827596E7,2025-10-05
I990302,1230,1.2980869949E8,2025-09-29
I990303,1896,5.090593258E7,2025-10-18
I990304,917,1.0188759108E8,2025-09-05
I990305,1706,1.1753710704E8,2025-09-25
I990306,239,2.343862202E7,2025-10-23
I990307,1280,7.092753003E7,2025-09-04
I990308,292,2849676.0,2025-10-04
I990309,1789,2.454623187E8,2025-09-09
I990310,1898,2.6621625018E8,2025-09-22
I990311,1479,2.1641706849E8,2025-09-20
I990312,1638,1.1147195803E8,2025-09-23
I990313,1338,1.6660008848E8,2025-10-04
I990314,1394,1.7267072926E8,2025-09-26
I990315,54,6002007.0,2025-09-04
I990316,636,1.365778722E7,2025-10-22
I990317,1544,6.110257953E7,2025-09-24
I990318,173,2.22456679E7,2025-10-30
I990319,910,1.949044876E7,2025-10-17
I990320,1849,2.3362829405E8,2025-10-07
I990321,683,1.0133194605E8,2025-10-03
I990322,235,1.449641605E7,2025-10-24
I990323,167,137725.32,2025-10-09
I990324,731,2801308.3,2025-09-26
I990325,307,4.307852549E7,2025-10-28
I990326,1511,1.501917567E7,2025-09-15
I990327,668,6118422.24,2025-09-07
I990328,469,4.888894386E7,2025-10-04
I990329,1080,6.38558662E7,2025-10-16
I990330,1283,1.1917181256E8,2025-10-17
I990331,344,3.356235985E7,2025-10-10
I990332,1519,9294524.68,2025-10-06
I990333,1527,7.279237216E7,2025-10-27
I990334,1410,6.313046441E7,2025-10-22
I990335,1458,8.319040671E7,2025-10-15
I990336,1501,8.76322628E7,2025-09-27
I990337,687,9.239781757E7,2025-10-26
I990338,1623,4.95952001E7,2025-10-23
I990339,505,5.049445644E7,2025-10-18
I990340,668,4.731636924E7,2025-09-01
I990341,1574,3.247101424E7,2025-09-25
I990342,527,5.546793202E7,2025-09-13
I990343,545,3.089734169E7,2025-09-24
I990344,1889,2.6503376701E8,2025-09-19
I990345,215,2.575059171E7,2025-09-25
I990346,261,2.626547056E7,2025-10-22
I990347,1733,1.435013732E8,2025-09-24
I990348,648,5.553482503E7,2025-09-06
I990349,270,1.510272238E7,2025-09-30
I990350,841,8.680424046E7,2025-09-11
I990351,955,9.249793521E7,2025-10-20
I990352,1442,5.785077779E7,2025-10-10
I990353,318,1.205509207E7,2025-10-25
I990354,71,8719201.77,2025-09-29
I990355,366,4.709928972E7,2025-09-19
I990356,869,1.2452429589E8,2025-09-25
I990357,1841,1.3716432757E8,2025-09-12
I990358,842,1.0713676218E8,2025-10-02
I990359,1965,2.874550448E8,2025-09-02
I990360,651,6.475699637E7,2025-10-27
I990361,526,5.808144996E7,2025-10-26
I990362,944,5.870350079E7,2025-09-20
I990363,1400,4.079523288E7,2025-10-20
I990364,300,2.816728881E7,2025-10-12
I990365,1950,8.059917147E7,2025-09-05
I990366,460,6.064833427E7,2025-10-16
I990367,1341,1.767861705E7,2025-10-24
I990368,1286,1.5374541835E8,2025-10-29
I990369,1172,1.4713509506E8,2025-09-10
I990370,210,1.905422909E7,2025-09-19
I990371,499,3.775384856E7,2025-10-06
I990372,1764,4.004870798E7,2025-09-15
I990373,1845,1.0681872991E8,2025-09-04
I990374,1382,1.8987148692E8,2025-10-18
I990375,337,4.152315171E7,2025-10-15
I990376,1163,7.290558891E7,2025-09-20
I990377,130,1.684340971E7,2025-09-28
I990378,1212,5.451653121E7,2025-09-29
I990379,111,1394953.17,2025-10-04
I990380,547,6.811117053E7,2025-09-27
I990381,970,6774946.29,2025-10-18
I990382,1351,1.9995425967E8,2025-09-09
I990383,1011,1.1803530447E8,2025-10-01
I990384,1410,1.1938445703E8,2025-10-25
I990385,1665,1.6329173815E8,2025-09-14
I990386,1115,1.3627107745E8,2025-09-28
I990387,1964,2.67231304E8,2025-09-15
I990388,307,998747.41,2025-09-07
I990389,550,5117945.4,2025-09-16
I990390,1751,2182671.71,2025-10-22
I990391,68,429096.47,2025-09-22
I990392,820,2.531054364E7,2025-09-19
I990393,1647,2.2149573054E8,2025-10-07
I990394,779,1.0292604544E8,2025-09-04
I990395,1347,1.6419198908E8,2025-10-15
I990396,1555,1.987046188E7,2025-10-09
I990397,1777,2.80351322E7,2025-09-25
I990398,1473,1.3426366784E8,2025-10-10
I990399,558,5.833129196E7,2025-10-31
I990400,1934,1.8384513972E8,2025-10-14
I990401,1691,7.002022817E7,2025-10-31
I990402,1966,8.358122359E7,2025-10-26
I990403,1287,3.273537967E7,2025-09-30
I990404,1535,1.216851938E7,2025-09-29
I990405,1957,2.7842562593E8,2025-10-23
I990406,282,1.371139365E7,2025-09-16
I990407,1784,2.2383250693E8,2025-10-07
I990408,1936,1.5703426529E8,2025-09-14
I990409,243,2.290860581E7,2025-09-23
I990410,1754,9.247389382E7,2025-09-18
I990411,1214,3909421.5,2025-09-13
I990412,1915,1.9486743751E8,2025-10-16
I990413,669,2.004104286E7,2025-09-04
I990414,958,2.109617607E7,2025-09-26
I990415,648,9.558017304E7,2025-09-13
I990416,81,9339279.15,2025-10-08
I990417,1792,9.312338192E7,2025-10-14
I990418,280,1.700843088E7,2025-09-25
I990419,1991,6.179443608E7,2025-09-29
I990420,605,5.806406889E7,2025-09-25
I990421,1392,8.154587585E7,2025-10-08
I990422,1018,5.355255201E7,2025-09-13
I990423,564,7.952579022E7,2025-10-05
I990424,840,5.579621616E7,2025-09-28
I990425,1727,1.3221843815E8,2025-10-14
I990426,1749,1.7562989584E8,2025-09-17
I990427,245,1.191225312E7,2025-10-10
I990428,873,6.431008306E7,2025-10-19
I990429,1998,2.709500232E8,2025-10-28
I990430,255,5800584.16,2025-09-19
I990431,1084,5.790863861E7,2025-09-24
I990432,852,8.291538344E7,2025-09-07
I990433,1764,2.4370800864E8,2025-10-27
I990434,56,7829121.99,2025-10-28
I990435,934,9.180678369E7,2025-09-27
I990436,498,1.381718896E7,2025-10-15
I990437,1749,1.2858859373E8,2025-10-03
I990438,1924,2.4385794188E8,2025-10-12
I990439,1382,7.532380732E7,2025-10-18
I990440,483,3.110685389E7,2025-09-01
I990441,1024,9.601114676E7,2025-09-16
I990442,78,586404.97,2025-09-04
I990443,376,3.354173795E7,2025-10-22
I990444,908,1.1610475408E8,2025-10-25
I990445,1537,1.4538945142E8,2025-10-30
I990446,113,1.330411776E7,2025-10-19
I990447,69,4412409.47,2025-09-06
I990448,1026,7.110544631E7,2025-10-13
I990449,506,5.61142355E7,2025-10-03
I990450,924,6.790863353E7,2025-10-28
I990451,801,9.688967777E7,2025-10-11
I990452,365,4.56995949E7,2025-09-23
I990453,1358,1.2168733303E8,2025-10-02
I990454,1430,7.219122103E7,2025-10-10
I990455,557,4.796936662E7,2025-09-08
I990456,1122,1.4081973619E8,2025-09-30
I990457,503,2.367109248E7,2025-09-20
I990458,755,1.967817243E7,2025-09-19
I990459,374,5.141806103E7,2025-09-28
I990460,1651,5.582691225E7,2025-09-09
I990461,679,2.566305826E7,2025-10-28
I990462,487,2.281429712E7,2025-10-11
I990463,1091,1.3674947173E8,2025-09-27
I990464,861,794972.57,2025-10-06
I990465,1188,6.313882629E7,2025-10-06
I990466,1915,1.0763799191E8,2025-09-04
I990467,1923,2.1297636028E8,2025-10-27
I990468,1309,1.3622565401E8,2025-09-13
I990469,444,1.664164837E7,2025-09-27
I990470,957,5.7339229E7,2025-09-07
I990471,1414,5.624143585E7,2025-09-17
I990472,522,2.623979015E7,2025-10-22
I990473,154,1.189179592E7,2025-10-31
I990474,369,3.467447372E7,2025-09-17
I990475,80,2573793.36,2025-10-28
I990476,91,8277581.68,2025-10-15
I990477,1186,1.0250052295E8,2025-10-01
I990478,1796,1.0690254197E8,2025-10-05
I990479,120,8590348.7,2025-09-30
I990480,684,4.421812038E7,2025-09-25
I990481,488,3.36076999E7,2025-09-29
I990482,447,5.147940681E7,2025-09-21
I990483,241,4395349.64,2025-10-16
I990484,1186,1.1840679446E8,2025-10-06
I990485,1666,1.2757018671E8,2025-10-29
I990486,1048,6.340027088E7,2025-10-04
I990487,1925,1.5662812682E8,2025-09-19
I990488,371,2.074870958E7,2025-10-02
I990489,348,3.686290863E7,2025-09-22
I990490,1469,6.244766646E7,2025-09-01
I990491,54,6791433.35,2025-10-01
I990492,324,4830511.07,2025-09-04
I990493,91,7742135.9,2025-09-30
I990494,1241,3.168659418E7,2025-09-28
I990495,1537,7.082950731E7,2025-09-22
I990496,63,7987839.43,2025-10-02
I990497,1104,5.744181842E7,2025-09-02
I990498,399,4.229723385E7,2025-09-19
I990499,1090,1.588851986E8,2025-10-07
I990500,1485,9.740158566E7,2025-10-06
I990501,522,6.736866084E7,2025-10-06
I990502,281,1.534606144E7,2025-10-17
I990503,971,2.626555742E7,2025-10-01
I990504,771,7.298599975E7,2025-10-08
I990505,402,3.452370052E7,2025-09-25
I990506,1677,6.379206068E7,2025-10-29
I990507,60,7858912.91,2025-09-11
I990508,1238,5.91378874E7,2025-09-01
I990509,76,4578998.28,2025-10-29
I990510,120,1.048880662E7,2025-10-06
I990511,1168,6.624791221E7,2025-10-21
I990512,1734,2.454785696E7,2025-09-12
I990513,428,4.043692886E7,2025-10-21
I990514,1152,5.753876087E7,2025-10-24
I990515,1206,5.208167699E7,2025-09-14
I990516,1547,1.4235707782E8,2025-10-01
I990517,306,1.881686521E7,2025-10-23
I990518,347,4.027568344E7,2025-09-25
I990519,110,2644884.43,2025-09-03
I990520,485,4.38560407E7,2025-09-24
I990521,251,3.379772055E7,2025-09-11
I990522,1892,6.775377709E7,2025-09-20
I990523,1766,5.667607064E7,2025-10-25
I990524,458,2.843437445E7,2025-10-11
I990525,442,4.891254736E7,2025-09-06
I990526,508,6.258927902E7,2025-10-30
I990527,855,2.335363077E7,2025-10-11
I990528,1168,1.4860871836E8,2025-10-01
I990529,1366,1253432.81,2025-09-27
I990530,486,6.231502969E7,2025-09-22
I990531,1722,2.5029380652E8,2025-10-27
I990532,1521,1.5730466878E8,2025-09-11
I990533,1044,1.4372452601E8,2025-10-20
I990534,1239,4.886223775E7,2025-09-18
I990535,622,3.096962735E7,2025-09-08
I990536,203,1.959913511E7,2025-10-14
I990537,1925,1.3068243545E8,2025-10-31
I990538,1035,1.4091750211E8,2025-09-16
I990539,1647,2.1284193714E8,2025-10-29
I990540,1089,6.530371045E7,2025-10-17
I990541,1900,1.0241753355E8,2025-09-23
I990542,1091,2.862706942E7,2025-10-27
I990543,1929,1.9003807362E8,2025-10-03
I990544,1095,4.861706259E7,2025-10-29
I990545,1851,4.582204902E7,2025-09-23
I990546,1500,1.6986942339E8,2025-10-04
I990547,1792,1.6108100737E8,2025-10-08
I990548,1955,8.553253794E7,2025-09-18
I990549,1409,1.5966368734E8,2025-09-03
I990550,996,1.0573249136E8,2025-10-24
I990551,266,2817539.46,2025-09-22
I990552,1452,1.5573622779E8,2025-09-25
I990553,1459,2.0059225626E8,2025-10-10
I990554,709,5.191799786E7,2025-09-20
I990555,784,1.0029472807E8,2025-10-04
I990556,932,1.3913936953E8,2025-09-13
I990557,1998,1.2082579087E8,2025-09-02
I990558,1162,7.238498376E7,2025-09-22
I990559,857,1.0409147026E8,2025-09-20
I990560,75,790779.11,2025-09-02
I990561,1475,9.129071175E7,2025-09-26
I990562,1190,773900.03,2025-09-01
I990563,568,7.46888295E7,2025-09-22
I990564,1459,1234719.26,2025-09-09
I990565,1744,2.2920119106E8,2025-09-23
I990566,674,4.573426619E7,2025-09-18
I990567,1803,3873206.3,2025-09-25
I990568,70,3510111.53,2025-09-02
I990569,1401,9.782773045E7,2025-09-01
I990570,208,1.042502382E7,2025-10-06
I990571,1111,5.366875916E7,2025-09-09
I990572,763,3.747592932E7,2025-09-02
I990573,89,1.006169783E7,2025-09-14
I990574,1758,1.056188129E7,2025-10-18
I990575,839,5.934846773E7,2025-09-01
I990576,1711,1.9901304391E8,2025-10-09
I990577,925,1.24323047E7,2025-10-21
I990578,635,4.413399342E7,2025-10-11
I990579,468,2.796930392E7,2025-09-29
I990580,893,2.971308148E7,2025-10-04
I990581,926,6411652.05,2025-10-10
I990582,1297,1.5811593472E8,2025-10-01
I990583,485,7423304.44,2025-10-08
I990584,971,4.280636054E7,2025-10-23
I990585,69,2075862.33,2025-10-16
I990586,1394,1.0319277539E8,2025-09-26
I990587,1369,4.059454839E7,2025-09-24
I990588,1687,2.0639634765E8,2025-09-30
I990589,609,4611000.55,2025-09-08
I990590,536,3.083344153E7,2025-10-28
I990591,884,5523611.96,2025-10-07
I990592,1759,1.500551568E8,2025-09-25
I990593,141,1.845553027E7,2025-09-22
I990594,77,7450819.24,2025-10-12
I990595,184,1.522925288E7,2025-10-19
I990596,1185,9.707075603E7,2025-09-27
I990597,837,1.1452981738E8,2025-09-12
I990598,550,3.861519606E7,2025-10-10
I990599,1322,1.73848748E7,2025-09-04
I990600,896,5.563093278E7,2025-10-20
I990601,949,1.2471579088E8,2025-10-08
I990602,710,7.099340782E7,2025-10-12
I990603,1922,1.1757309079E8,2025-09-09
I990604,375,1.706304835E7,2025-09-07
I990605,1969,2.2893169579E8,2025-10-29
I990606,245,3.13592499E7,2025-10-15
I990607,690,9.318553397E7,2025-09-29
I990608,1073,1.1762600206E8,2025-09-14
I990609,641,1.285864461E7,2025-10-12
I990610,1407,5.6829088E7,2025-10-27
I990611,475,6.233930037E7,2025-10-04
I990612,481,1.29633796E7,2025-10-04
I990613,1990,1.616285626E8,2025-10-18
I990614,1515,1.4710260977E8,2025-09-25
I990615,274,1.743874782E7,2025-10-18
I990616,1936,1.338280045E8,2025-09-18
I990617,1541,3761649.65,2025-10-15
I990618,1571,6.011407734E7,2025-10-02
I990619,1434,5.776136282E7,2025-10-18
I990620,637,7.151330962E7,2025-09-24
I990621,1695,1.2958709115E8,2025-09-12
I990622,977,1.3822838286E8,2025-09-24
I990623,416,1714709.15,2025-09-20
I990624,643,6.954593467E7,2025-10-15
I990625,796,7.794874275E7,2025-09-05
I990626,197,887340.73,2025-10-30
I990627,528,6.233659607E7,2025-09-14
I990628,1898,1.5718081937E8,2025-09-22
I990629,1665,5057980.09,2025-09-01
I990630,1692,2.0100082907E8,2025-10-18
I990631,862,9.197808682E7,2025-09-27
I990632,164,6083217.31,2025-09-13
I990633,1024,4.873915269E7,2025-10-28
I990634,587,3.08952795E7,2025-10-23
I990635,566,6.476297297E7,2025-09-26
I990636,507,2.208151474E7,2025-10-04
I990637,1907,9.992825856E7,2025-10-20
I990638,184,2621089.35,2025-10-30
I990639,1912,7.706334185E7,2025-10-27
I990640,1254,3.35341941E7,2025-10-11
I990641,194,2.610494415E7,2025-09-15
I990642,549,5.576639375E7,2025-09-16
I990643,239,3.208439917E7,2025-09-21
I990644,632,3.050223433E7,2025-09-16
I990645,1649,1.024817215E7,2025-10-28
I990646,1123,2.819742704E7,2025-09-23
I990647,301,3.911119779E7,2025-09-27
I990648,1378,6.500520653E7,2025-09-11
I990649,1390,5.875173797E7,2025-09-15
I990650,797,1.0115115214E8,2025-10-03
I990651,917,1.901114212E7,2025-09-13
I990652,918,4.49847516E7,2025-09-29
I990653,1686,7.987127063E7,2025-09-16
I990654,1995,1.8521029209E8,2025-10-30
I990655,466,6.732886003E7,2025-09-05
I990656,933,1.271933509E7,2025-09-02
I990657,1022,1.5064235236E8,2025-10-16
I990658,1130,3.135909823E7,2025-09-27
I990659,875,1.1712312716E8,2025-10-08
I990660,1681,1.5718076523E8,2025-09-21
I990661,1659,3784629.79,2025-10-23
I990662,439,4.418521682E7,2025-09-13
I990663,391,1.649458132E7,2025-09-11
I990664,973,1.4248453089E8,2025-10-31
I990665,1388,6.257022218E7,2025-09-21
I990666,331,1570073.74,2025-09-05
I990667,1422,1.480635642E8,2025-10-29
I990668,1876,2.2634816261E8,2025-10-20
I990669,1777,1.4081187202E8,2025-09-13
I990670,1151,1.3522178935E8,2025-09-05
I990671,400,3.875987016E7,2025-10-13
I990672,1705,1.267381806E8,2025-10-10
I990673,1239,1.1071742944E8,2025-10-19
I990674,1351,3.147605093E7,2025-09-17
I990675,1163,6.77925307E7,2025-10-17
I990676,348,2.268110262E7,2025-10-25
I990677,938,7.603015004E7,2025-10-27
I990678,539,1229833.14,2025-10-27
I990679,794,7.233699524E7,2025-10-21
I990680,550,1.412644116E7,2025-09-15
I990681,1179,7.680704499E7,2025-09-26
I990682,242,3.274328895E7,2025-10-05
I990683,136,3934037.72,2025-10-24
I990684,1823,2.6921328885E8,2025-09-30
I990685,737,6.964340311E7,2025-10-12
I990686,153,3267604.4,2025-10-21
I990687,1480,1.9535617947E8,2025-09-26
I990688,862,9.282693891E7,2025-09-04
I990689,317,2.117012056E7,2025-10-10
I990690,618,8.158585433E7,2025-09-23
I990691,1187,1.1398987941E8,2025-09-02
I990692,1071,3.545732797E7,2025-10-22
I990693,1855,2.2689970163E8,2025-09-13
I990694,979,1.2705470897E8,2025-09-05
I990695,1336,5.992353096E7,2025-09-20
I990696,827,4.082504237E7,2025-10-11
I990697,1170,3.137161879E7,2025-10-27
I990698,902,7.58428705E7,2025-10-11
I990699,1877,6032610.66,2025-10-26
I990700,1375,1.5040999386E8,2025-09-21
I990701,1480,1.4726553264E8,2025-09-10
I990702,727,7.785111942E7,2025-10-06
I990703,1487,1.5108144398E8,2025-09-06
I990704,1272,3.923906855E7,2025-09-29
I990705,1051,1.3453608738E8,2025-09-17
I990706,858,4.978185698E7,2025-09-06
I990707,329,6261103.76,2025-10-29
I990708,1552,1.8992590869E8,2025-10-11
I990709,1883,2.7415149491E8,2025-10-02
I990710,726,6.393974551E7,2025-09-08
I990711,803,8.799908062E7,2025-10-30
I990712,927,8.670855269E7,2025-09-25
I990713,337,4.469742401E7,2025-10-16
I990714,50,3654859.69,2025-10-04
I990715,1115,6.843876005E7,2025-10-27
I990716,677,8.489752596E7,2025-10-27
I990717,407,2.841911146E7,2025-09-14
I990718,944,1.2145402581E8,2025-10-01
I990719,1527,2.0973714142E8,2025-10-28
I990720,549,5.858275775E7,2025-10-14
I990721,253,2.304300102E7,2025-10-02
I990722,611,2.634034077E7,2025-09-09
I990723,1660,2.2490502625E8,2025-10-19
I990724,934,1.3594858617E8,2025-09-24
I990725,273,3.976655757E7,2025-10-25
I990726,586,8.574374121E7,2025-09-26
I990727,1726,2.2896364845E8,2025-10-11
I990728,1790,1.67955739E7,2025-09-09
I990729,264,7668837.55,2025-10-08
I990730,68,3522636.97,2025-09-21
I990731,254,3.043135286E7,2025-09-03
I990732,417,5.63867827E7,2025-09-21
I990733,512,7.48619365E7,2025-09-26
I990734,1853,2.0150550615E8,2025-10-09
I990735,1742,7.050929877E7,2025-10-22
I990736,606,5.182036117E7,2025-09-28
I990737,1182,1.174105774E7,2025-10-22
I990738,379,3.909630148E7,2025-10-12
I990739,1273,1.7626323724E8,2025-09-22
I990740,1750,2.187944474E7,2025-09-23
I990741,1917,8.408333739E7,2025-09-01
I990742,1971,1.1914797471E8,2025-10-05
I990743,1595,1.7897588476E8,2025-09-13
I990744,1173,1.4879426866E8,2025-10-30
I990745,889,3.598360158E7,2025-09-18
I990746,1608,9.269308508E7,2025-09-19
I990747,1727,3.288994566E7,2025-09-12
I990748,644,5.110951488E7,2025-09-12
I990749,1599,3.075308895E7,2025-09-26
I990750,835,4457404.56,2025-09-16
I990751,439,4.798060479E7,2025-10-16
I990752,1629,2.3798779184E8,2025-10-03
I990753,1041,1.097239003E8,2025-09-30
I990754,609,6.621308808E7,2025-09-07
I990755,165,4342380.18,2025-09-07
I990756,1532,4.295626861E7,2025-10-07
I990757,986,1.3733671578E8,2025-09-18
I990758,1892,2.3626984465E8,2025-10-05
I990759,1935,2.3501580803E8,2025-10-13
I990760,1556,2.0544236218E8,2025-09-25
I990761,1945,3652092.82,2025-10-04
I990762,1504,6.499739255E7,2025-09-20
I990763,1648,2.2010218669E8,2025-10-16
I990764,1687,3.79024012E7,2025-09-01
I990765,667,9.62705228E7,2025-10-11
I990766,1817,1.6446823151E8,2025-10-22
I990767,1076,4.716929523E7,2025-09-29
I990768,615,3.719819141E7,2025-10-09
I990769,712,6.593440233E7,2025-09-20
I990770,858,1.1900290894E8,2025-10-09
I990771,650,4.302037699E7,2025-09-04
I990772,1973,1.6446696247E8,2025-09-14
I990773,235,1.076935737E7,2025-10-13
I990774,940,5.474088008E7,2025-09-02
I990775,293,1.005722253E7,2025-10-31
I990776,442,1.178549831E7,2025-10-22
I990777,1394,1.0942453352E8,2025-09-21
I990778,607,4.610616416E7,2025-10-10
I990779,282,5302030.47,2025-09-05
I990780,649,7.584672825E7,2025-10-14
I990781,1262,1.6833906743E8,2025-09-09
I990782,950,1.1676156744E8,2025-10-23
I990783,1174,3.782425609E7,2025-09-03
I990784,1910,2.2490773971E8,2025-10-10
I990785,1102,2.730946556E7,2025-10-18
I990786,1448,8.613807737E7,2025-09-07
I990787,356,1.38454467E7,2025-10-14
I990788,1822,8.559915267E7,2025-09-17
I990789,1682,4.864439296E7,2025-09-08
I990790,581,7.077256292E7,2025-09-18
I990791,1870,2.3922301272E8,2025-09-23
I990792,107,1549652.79,2025-09-05
I990793,1673,4.985504988E7,2025-09-07
I990794,1755,1.1818700043E8,2025-10-16
I990795,1055,3.27054455E7,2025-09-20
I990796,1314,3.306675593E7,2025-09-14
I990797,522,3.337848783E7,2025-10-30
I990798,103,4749956.41,2025-09-16
I990799,1995,7.406783884E7,2025-10-15
I990800,1289,7.552330803E7,2025-10-09
I990801,1707,1.1522919217E8,2025-10-19
I990802,1353,1.9890740346E8,2025-10-21
I990803,1291,6.751871007E7,2025-09-29
I990804,744,7374612.78,2025-09-25
I990805,1948,1.793625757E8,2025-09-25
I990806,170,700289.73,2025-10-19
I990807,528,3.479203295E7,2025-10-09
I990808,1526,1.294398824E8,2025-09-26
I990809,522,5.323536983E7,2025-09-12
I990810,1543,1.1072167484E8,2025-09-15
I990811,465,6.014458047E7,2025-09-04
I990812,199,1.115509472E7,2025-10-29
I990813,1256,1.7577239414E8,2025-09-15
I990814,1919,2.216831488E7,2025-10-05
I990815,1595,1.5648573308E8,2025-09-18
I990816,1642,6.913646281E7,2025-10-07
I990817,276,2.249068567E7,2025-09-17
I990818,913,1.12258018E7,2025-09-14
I990819,1054,4.362280368E7,2025-09-06
I990820,1654,1.0963093896E8,2025-10-23
I990821,1965,6.640599313E7,2025-10-28
I990822,135,1.688329829E7,2025-09-08
I990823,1169,1.4120233364E8,2025-10-30
I990824,1435,8103966.34,2025-10-24
I990825,1742,2.5646393833E8,2025-10-06
I990826,1351,4.921624287E7,2025-09-06
I990827,1154,1.4717749638E8,2025-10-10
I990828,529,3.945621498E7,2025-09-28
I990829,1389,1.1433882849E8,2025-09-20
I990830,519,4455816.65,2025-09-03
I990831,1953,2.1388761168E8,2025-10-11
I990832,437,1.069518611E7,2025-09-11
I990833,1274,6.265401683E7,2025-09-17
I990834,1911,2.1105119085E8,2025-10-25
I990835,582,7.423412062E7,2025-09-22
I990836,1123,1.1365895765E8,2025-10-07
I990837,641,3.644292965E7,2025-09-08
I990838,1690,6.591034087E7,2025-09-26
I990839,307,4.067149609E7,2025-10-02
I990840,1037,9.941072502E7,2025-09-16
I990841,1139,1.6469229215E8,2025-10-03
I990842,1025,4.877854566E7,2025-09-02
I990843,121,1.250101286E7,2025-10-12
I990844,375,4.87227877E7,2025-09-06
I990845,853,4.832820306E7,2025-10-03
I990846,1657,1.1466483959E8,2025-10-11
I990847,1521,1.8050773294E8,2025-10-18
I990848,79,1169473.63,2025-09-18
I990849,119,1028347.81,2025-10-07
I990850,1770,8.544504019E7,2025-10-23
I990851,718,1.0004150319E8,2025-10-23
I990852,117,1.151448339E7,2025-09-03
I990853,1977,2.2524191165E8,2025-10-28
I990854,1570,7.577294697E7,2025-10-19
I990855,1196,1.4339696212E8,2025-10-30
I990856,346,2.155722165E7,2025-09-08
I990857,373,2.002314539E7,2025-09-13
I990858,1747,1.4196776376E8,2025-09-30
I990859,477,3.908517335E7,2025-10-25
I990860,1889,8.18661012E7,2025-10-21
I990861,1997,2.9886358829E8,2025-09-12
I990862,1691,7.412026433E7,2025-09-24
I990863,1981,1.5057746847E8,2025-09-22
I990864,294,2.207699228E7,2025-09-16
I990865,1453,9.331366354E7,2025-09-09
I990866,681,1.319739862E7,2025-10-02
I990867,1302,4.974950437E7,2025-09-13
I990868,1785,1.2567371976E8,2025-09-06
I990869,755,1.618559427E7,2025-10-21
I990870,1279,7.864143526E7,2025-10-28
I990871,1916,5.531875655E7,2025-09-28
I990872,426,2.768665011E7,2025-10-10
I990873,605,9823904.04,2025-09-27
I990874,986,1.3386156712E8,2025-09-27
I990875,570,3982409.9,2025-09-29
I990876,1384,1.6888978526E8,2025-10-20
I990877,660,7146075.99,2025-10-28
I990878,673,4.484519758E7,2025-09-19
I990879,88,4002922.27,2025-09-20
I990880,148,4394203.99,2025-10-14
I990881,1472,1.9234451422E8,2025-09-08
I990882,975,8.058768664E7,2025-10-31
I990883,1905,1.9614880459E8,2025-10-13
I990884,1160,8.878454953E7,2025-10-17
I990885,1461,3716963.1,2025-10-25
I990886,538,2547843.37,2025-09-01
I990887,1556,1.1524699384E8,2025-10-23
I990888,1568,5.095635698E7,2025-10-25
I990889,1887,2.6702164235E8,2025-10-20
I990890,222,3.327765653E7,2025-09-18
I990891,384,2.711574242E7,2025-09-23
I990892,1218,5.771155791E7,2025-09-08
I990893,1771,1.7159497376E8,2025-09-24
I990894,488,3.153078216E7,2025-09-24
I990895,416,1.921832719E7,2025-09-13
I990896,169,3505342.85,2025-09-28
I990897,1390,1.041135074E8,2025-09-06
I990898,626,2.092820128E7,2025-09-09
I990899,428,5.232331913E7,2025-09-27
I990900,1579,9.447300344E7,2025-10-17
I990901,306,4.027159378E7,2025-10-31
I990902,1162,1.0443556778E8,2025-09-21
I990903,95,5566242.34,2025-10-29
I990904,1591,5.761443575E7,2025-09-30
I990905,574,2.095925342E7,2025-09-24
I990906,873,8.145051071E7,2025-10-10
I990907,77,8858790.08,2025-09-16
I990908,352,5360258.31,2025-10-22
I990909,405,1.851369136E7,2025-10-28
I990910,163,1.369022319E7,2025-10-08
I990911,1554,3.050619758E7,2025-10-11
I990912,1384,1.3090190501E8,2025-09-07
I990913,1668,1.3342013718E8,2025-09-19
I990914,1889,1.6072150259E8,2025-10-20
I990915,1717,2.731490852E7,2025-09-26
I990916,165,1.271417118E7,2025-10-21
I990917,1407,1.1446346562E8,2025-09-29
I990918,1487,1.361610648E8,2025-10-20
I990919,1809,2.2636380941E8,2025-09-27
I990920,1752,1.0521716092E8,2025-09-12
I990921,1734,1.4491079531E8,2025-10-04
I990922,1050,2.892461841E7,2025-09-16
I990923,1156,1.092088481E7,2025-10-03
I990924,238,6277343.57,2025-09-05
I990925,1343,1.8496412272E8,2025-09-18
I990926,67,4724439.67,2025-09-19
I990927,606,6.291935627E7,2025-10-12
I990928,631,5.492968017E7,2025-09-30
I990929,1502,7.942578139E7,2025-10-13
I990930,1952,2.730621866E8,2025-10-26
I990931,1535,2.2888931953E8,2025-09-30
I990932,1574,4.929987176E7,2025-10-29
I990933,59,5758552.54,2025-09-06
I990934,1591,2.1866565782E8,2025-10-20
I990935,1057,5.931520482E7,2025-09-16
I990936,818,4.347953495E7,2025-10-18
I990937,94,8970236.11,2025-10-13
I990938,258,2.067994168E7,2025-10-23
I990939,1086,1.22795311E8,2025-10-15
I990940,691,5.447827022E7,2025-10-07
I990941,768,1.0353593337E8,2025-10-21
I990942,1886,2.7856126432E8,2025-10-12
I990943,152,8746944.46,2025-10-05
I990944,1929,6.34298366E7,2025-09-19
I990945,694,9.574038027E7,2025-09-09
I990946,1726,3.983984387E7,2025-09-17
I990947,1830,1.7477933433E8,2025-09-30
I990948,1313,6.361279086E7,2025-10-01
I990949,1930,6.030208108E7,2025-10-03
I990950,250,4427504.02,2025-10-19
I990951,1174,1.008669935E8,2025-10-29
I990952,811,1.58997203E7,2025-10-14
I990953,771,4.9922407E7,2025-10-03
I990954,1281,9.464725687E7,2025-09-11
I990955,1227,1.1945800923E8,2025-10-17
I990956,416,6.038285291E7,2025-09-14
I990957,1875,5.787144401E7,2025-10-05
I990958,1648,7.31815785E7,2025-09-28
I990959,513,2.095906382E7,2025-10-10
I990960,285,5959611.59,2025-10-31
I990961,476,8514803.87,2025-09-20
I990962,248,2.805602618E7,2025-10-02
I990963,87,2089292.39,2025-10-20
I990964,1509,1.0534398586E8,2025-10-11
I990965,1537,1.169747448E7,2025-09-05
I990966,1179,9.14096048E7,2025-09-06
I990967,1694,1.132921601E8,2025-09-23
I990968,1953,5.90669531E7,2025-09-06
I990969,1610,9.144039902E7,2025-09-14
I990970,979,7.490418601E7,2025-09-15
I990971,936,2.712184401E7,2025-09-25
I990972,1590,4.676708682E7,2025-10-14
I990973,183,6563043.46,2025-10-08
I990974,1212,1.4647918517E8,2025-10-06
I990975,1220,1.5693318913E8,2025-10-16
I990976,422,5.374015093E7,2025-09-21
I990977,1439,1.845859512E8,2025-09-30
I990978,161,5478802.17,2025-09-06
I990979,394,5.773900007E7,2025-09-11
I990980,1937,1.4828093273E8,2025-10-19
I990981,141,1.515268478E7,2025-10-19
I990982,662,8.707520521E7,2025-09-25
I990983,738,2.210172195E7,2025-10-07
I990984,1868,1.3957373603E8,2025-09-10
I990985,481,5.119474557E7,2025-09-04
I990986,913,1.1751664132E8,2025-09-16
I990987,1017,2.346209195E7,2025-10-06
I990988,1471,1.9828061694E8,2025-10-05
I990989,1865,2.6095971054E8,2025-10-11
I990990,65,4762682.13,2025-09-13
I990991,1755,1.5751854082E8,2025-09-01
I990992,595,7.676890908E7,2025-10-27
I990993,198,9614981.54,2025-10-17
I990994,572,6.468923378E7,2025-10-19
I990995,1190,1.1017862951E8,2025-10-25
I990996,137,8065747.06,2025-10-10
I990997,1463,1.4945525077E8,2025-09-30
I990998,794,9.684594888E7,2025-10-29
I990999,1923,8333993.89,2025-10-10
I991000,1924,2.6847462688E8,2025-09-05
I991001,990,1.0901975389E8,2025-10-17
I991002,1736,1.3109231297E8,2025-09-26
I991003,380,4.56831829E7,2025-10-13
I991004,1261,1.621270958E7,2025-10-23
I991005,1587,6.444509853E7,2025-09-12
I991006,663,9.840501515E7,2025-09-18
I991007,1792,8.537323305E7,2025-09-06
I991008,1887,1.5109354767E8,2025-10-31
I991009,1602,1.2095324914E8,2025-10-22
I991010,1448,1.1786238323E8,2025-10-26
I991011,1959,1.850890719E7,2025-09-26
I991012,249,968436.41,2025-09-11
I991013,985,1.3152603914E8,2025-10-15
I991014,1524,3.082871205E7,2025-09-03
I991015,1094,3.221784034E7,2025-10-16
I991016,1374,8.004432639E7,2025-10-27
I991017,896,1.1671467435E8,2025-10-03
I991018,820,1.1031890656E8,2025-10-26
I991019,96,6246749.93,2025-10-20
I991020,1186,1.275782886E7,2025-09-16
I991021,606,3.579321639E7,2025-10-26
I991022,1427,5508098.27,2025-10-13
I991023,536,1.277424122E7,2025-09-22
I991024,1954,2.261944521E8,2025-09-02
I991025,253,1.472465232E7,2025-10-05
I991026,1040,4.204845869E7,2025-09-12
I991027,964,1.870731844E7,2025-10-19
I991028,109,1.140299606E7,2025-10-04
I991029,772,8.761078905E7,2025-09-18
I991030,578,7.909530925E7,2025-10-14
I991031,1981,1.724433476E7,2025-09-03
I991032,806,6.235510921E7,2025-09-25
I991033,936,4.267562729E7,2025-10-28
I991034,1509,9.13568017E7,2025-09-29
I991035,895,8.232878099E7,2025-10-21
I991036,596,1.210777888E7,2025-09-05
I991037,822,1.1070701397E8,2025-09-26
I991038,1911,1.821970056E7,2025-09-27
I991039,1756,1.9747267065E8,2025-09-08
I991040,791,1.1258154494E8,2025-09-08
I991041,754,1.33312147E7,2025-09-14
I991042,124,1053753.02,2025-09-20
I991043,941,3.221235481E7,2025-10-11
I991044,1288,4.878203589E7,2025-09-21
I991045,1757,1.580460109E8,2025-10-03
I991046,415,2.634838363E7,2025-09-25
I991047,1048,9.664255476E7,2025-10-17
I991048,570,7.576972119E7,2025-10-15
I991049,220,3.019577039E7,2025-10-10
I991050,197,1.013907742E7,2025-10-15
I991051,1782,2.569313936E7,2025-10-04
I991052,1470,1.5155689014E8,2025-10-10
I991053,1809,2.4955672547E8,2025-10-29
I991054,139,351649.02,2025-09-21
I991055,1852,1.998905123E7,2025-09-11
I991056,248,1.599246964E7,2025-10-29
I991057,983,8964770.68,2025-10-22
I991058,956,1.3864390837E8,2025-10-28
I991059,1422,5.974336904E7,2025-10-04
I991060,1760,1.4796409599E8,2025-09-27
I991061,1638,2.1270438978E8,2025-09-19
I991062,56,7295863.5,2025-09-14
I991063,1269,1.4233464011E8,2025-09-13
I991064,1795,5.153371911E7,2025-09-25
I991065,1499,7.672579347E7,2025-10-08
I991066,722,3.308887883E7,2025-09-18
I991067,285,3.198295889E7,2025-10-05
I991068,758,6.19641666E7,2025-09-28
I991069,1113,1.1622762297E8,2025-09-07
I991070,1197,1.6186825666E8,2025-09-20
I991071,1356,1.6461922762E8,2025-10-12
I991072,1414,5.527983111E7,2025-10-08
I991073,547,7.1930994E7,2025-09-24
I991074,1116,1.0045536069E8,2025-09-26
I991075,1355,1.9911107166E8,2025-10-05
I991076,1268,6.410928299E7,2025-09-19
I991077,1342,6.993027356E7,2025-09-12
I991078,817,6.271630141E7,2025-10-19
I991079,504,1.567883471E7,2025-09-15
I991080,1115,1.917971251E7,2025-10-30
I991081,280,2.235087884E7,2025-09-08
I991082,1857,2.0481436359E8,2025-09-06
I991083,1531,2.1741292548E8,2025-09-11
I991084,1625,7.698832991E7,2025-10-03
I991085,1205,5.410783653E7,2025-09-09
I991086,1378,1.4470348606E8,2025-10-20
I991087,1510,1.6651053077E8,2025-09-09
I991088,1280,1.5091250981E8,2025-10-09
I991089,1461,2.1247328011E8,2025-10-06
I991090,455,6.151727019E7,2025-10-13
I991091,1626,7.60192144E7,2025-10-03
I991092,616,6.317177539E7,2025-09-25
I991093,1797,1.7577223897E8,2025-10-31
I991094,172,2.224384844E7,2025-09-22
I991095,1796,3.788221943E7,2025-09-23
I991096,463,2.981267037E7,2025-10-31
I991097,221,4866083.53,2025-10-25
I991098,872,5.237804852E7,2025-10-30
I991099,1533,2399056.38,2025-09-12
I991100,1717,1.6751456766E8,2025-09-01
I991101,621,1.065135343E7,2025-09-30
I991102,986,5.96529676E7,2025-10-28
I991103,716,7.639130481E7,2025-10-15
I991104,2000,4.512889622E7,2025-10-23
I991105,432,2.107950621E7,2025-10-26
I991106,352,3.921601929E7,2025-10-22
I991107,497,6.756591107E7,2025-10-26
I991108,1696,1.5637409861E8,2025-09-12
I991109,324,2.330902139E7,2025-10-26
I991110,145,1.511610898E7,2025-09-05
I991111,380,5.378054692E7,2025-09-20
I991112,546,2.686850337E7,2025-10-31
I991113,758,3.517248495E7,2025-09-07
I991114,1553,9.509919404E7,2025-09-15
I991115,900,1.2847088663E8,2025-09-01
I991116,1725,1.0522345138E8,2025-10-11
I991117,1003,1.4167522259E8,2025-10-03
I991118,732,1.0702033313E8,2025-10-13
I991119,772,7.419455534E7,2025-09-05
I991120,532,1.676721462E7,2025-10-06
I991121,294,7196023.06,2025-10-26
I991122,1519,4.650153855E7,2025-09-18
I991123,737,3.79846565E7,2025-09-04
I991124,967,1.4320666824E8,2025-09-23
I991125,817,1.1801126058E8,2025-09-13
I991126,698,3.217723891E7,2025-10-05
I991127,80,1.007485724E7,2025-09-18
I991128,1471,1.5882575536E8,2025-10-05
I991129,1978,2.6885506873E8,2025-10-31
I991130,922,1.1179107292E8,2025-10-24
I991131,1055,1.5125512475E8,2025-09-03
I991132,1086,4.543363537E7,2025-10-17
I991133,1500,2.494381945E7,2025-09-26
I991134,1353,6.811066916E7,2025-10-02
I991135,1107,5.679814874E7,2025-10-30
I991136,638,4.821012576E7,2025-09-23
I991137,1408,1.9967036085E8,2025-10-31
I991138,1549,1.8512365004E8,2025-10-02
I991139,268,1.995998744E7,2025-09-26
I991140,461,2.640918091E7,2025-09-30
I991141,348,4.469960768E7,2025-10-17
I991142,1620,5.213334794E7,2025-09-16
I991143,875,1.1927538124E8,2025-10-15
I991144,1483,1.834571501E7,2025-09-30
I991145,700,5.811435661E7,2025-09-27
I991146,1965,2.3959412787E8,2025-09-08
I991147,436,1.977439283E7,2025-09-02
I991148,1823,6.470077555E7,2025-10-01
I991149,1635,1.5989940368E8,2025-09-20
I991150,966,1.1891711131E8,2025-10-17
I991151,1493,2.1231095384E8,2025-09-27
I991152,1095,1.267540862E8,2025-10-10
I991153,518,2.12896849E7,2025-09-23
I991154,531,4.529544387E7,2025-10-05
I991155,299,2.002139655E7,2025-10-21
I991156,344,6730657.49,2025-10-05
I991157,1943,1.5422025184E8,2025-09-02
I991158,1472,8.340991739E7,2025-10-23
I991159,1525,1.2448124549E8,2025-10-23
I991160,207,1040694.66,2025-09-11
I991161,171,1.620524913E7,2025-10-03
I991162,1212,1.6743212585E8,2025-10-28
I991163,1561,7.247343129E7,2025-09-21
I991164,1688,1.113330572E7,2025-09-24
I991165,1049,7.391251969E7,2025-10-10
I991166,484,4.594762154E7,2025-09-24
I991167,1587,1.0179570734E8,2025-09-30
I991168,1803,1.0527029892E8,2025-10-21
I991169,296,2.527416303E7,2025-10-24
I991170,968,9.634806661E7,2025-10-01
I991171,840,2.622893405E7,2025-09-18
I991172,1206,1.7043338552E8,2025-10-10
I991173,330,3.423729896E7,2025-10-18
I991174,1863,2.0805674069E8,2025-10-15
I991175,1896,1.5861464518E8,2025-10-20
I991176,1925,5.810897278E7,2025-10-12
I991177,1713,9277946.8,2025-10-17
I991178,739,9.725099112E7,2025-09-09
I991179,1345,3526156.33,2025-10-28
I991180,1488,1.2095949488E8,2025-09-22
I991181,1439,1.2006534514E8,2025-10-29
I991182,1371,7.158884025E7,2025-10-11
I991183,1139,1.4946112518E8,2025-09-21
I991184,1467,6.983312107E7,2025-10-17
I991185,956,4.682675263E7,2025-09-24
I991186,284,3.282461911E7,2025-09-02
I991187,260,2.170864892E7,2025-10-06
I991188,829,8.282599214E7,2025-09-06
I991189,1060,2.884014923E7,2025-09-29
I991190,274,2.8012735E7,2025-09-29
I991191,1661,1.2377025791E8,2025-09-25
I991192,1244,8912651.64,2025-09-17
I991193,1857,1.4416604574E8,2025-10-13
I991194,763,4.034998798E7,2025-10-01
I991195,423,4.313330555E7,2025-09-28
I991196,435,5.914635437E7,2025-10-27
I991197,621,3.427834936E7,2025-10-31
I991198,1496,2.0466215461E8,2025-09-17
I991199,1792,1.85589205E8,2025-10-20
I991200,1896,2.1232382642E8,2025-10-21
I991201,1099,9.970291424E7,2025-09-13
I991202,996,1.3595300623E8,2025-10-04
I991203,144,2593480.82,2025-10-21
I991204,751,2.475097834E7,2025-10-14
I991205,645,9.224517611E7,2025-09-28
I991206,353,2.686264465E7,2025-09-19
I991207,1014,1.2218597365E8,2025-10-28
I991208,785,8.626592139E7,2025-09-10
I991209,1826,1.5351083529E8,2025-10-25
I991210,1021,1.0436347283E8,2025-10-23
I991211,844,1.0908583188E8,2025-10-15
I991212,1557,3.564986457E7,2025-10-22
I991213,926,1.0105447491E8,2025-09-27
I991214,235,3.084588442E7,2025-10-02
I991215,1037,4.238119796E7,2025-10-04
I991216,1746,2.5700930331E8,2025-09-25
I991217,1136,9775967.68,2025-10-26
I991218,1863,1.9811645251E8,2025-09-22
I991219,1878,1.384923193E8,2025-09-02
I991220,1208,1.3088185493E8,2025-10-06
I991221,1198,8545321.25,2025-10-04
I991222,626,3.460031806E7,2025-10-01
I991223,1506,8.69391758E7,2025-10-03
I991224,1179,1.768342158E8,2025-10-22
I991225,1837,1.9459728622E8,2025-10-04
I991226,1179,1.0766255653E8,2025-10-10
I991227,55,5347321.46,2025-10-29
I991228,764,6.385902332E7,2025-10-01
I991229,633,7.887675022E7,2025-10-13
I991230,720,8364437.27,2025-09-28
I991231,58,1816066.69,2025-09-04
I991232,736,7446320.65,2025-09-01
I991233,552,2.95825804E7,2025-09-21
I991234,360,1.384075175E7,2025-10-21
I991235,1081,1.3383560278E8,2025-09-11
I991236,1991,4.191126638E7,2025-10-08
I991237,515,3.41570283E7,2025-10-31
I991238,985,5.007935721E7,2025-10-01
I991239,1274,5.740332307E7,2025-10-11
I991240,1198,2.388247594E7,2025-09-25
I991241,693,1.728394855E7,2025-09-28
I991242,1937,2.2136299047E8,2025-10-09
I991243,1987,3975857.06,2025-09-25
I991244,1365,2.0136237312E8,2025-10-03
I991245,932,1.2539558769E8,2025-09-13
I991246,970,5.200618702E7,2025-09-29
I991247,1130,9.100137768E7,2025-10-17
I991248,1232,1.5733787606E8,2025-09-08
I991249,331,2.047264626E7,2025-09-05
I991250,740,8.973884619E7,2025-09-07
I991251,1597,3.989854198E7,2025-09-18
I991252,126,1.308608102E7,2025-09-23
I991253,1457,2133536.87,2025-10-22
I991254,172,1.694202011E7,2025-10-20
I991255,1683,1.4847043218E8,2025-09-05
I991256,1720,1.7345850472E8,2025-10-15
I991257,258,1428537.16,2025-10-08
I991258,1592,1.9229524426E8,2025-10-09
I991259,572,4.926679433E7,2025-10-21
I991260,1097,1.641368768E8,2025-09-25
I991261,1697,7.330234865E7,2025-10-29
I991262,69,9474060.12,2025-09-19
I991263,1832,1.858594941E7,2025-10-03
I991264,198,2.232912436E7,2025-10-22
I991265,785,3.773736047E7,2025-10-17
I991266,972,4.701985153E7,2025-10-12
I991267,1719,5.089396373E7,2025-10-13
I991268,1865,4.975157169E7,2025-10-13
I991269,1266,6173967.08,2025-10-13
I991270,155,1.742503792E7,2025-10-27
I991271,907,1.0686060952E8,2025-09-16
I991272,803,1.453409413E7,2025-10-18
I991273,1312,1.390387867E8,2025-09-12
I991274,1309,1.239788506E8,2025-10-23
I991275,1888,4.250076286E7,2025-10-28
I991276,998,1.980673565E7,2025-09-13
I991277,1840,1.5446734585E8,2025-10-21
I991278,1157,1.6619695909E8,2025-09-22
I991279,241,1.116754184E7,2025-10-20
I991280,338,2.291124788E7,2025-09-27
I991281,1247,1.0075965841E8,2025-10-20
I991282,1031,6.131893495E7,2025-09-18
I991283,1062,1.0648250429E8,2025-10-11
I991284,675,3.338983573E7,2025-09-16
I991285,1184,1.4760113159E8,2025-09-09
I991286,794,1.043463992E7,2025-09-10
I991287,597,5193155.73,2025-09-04
I991288,725,3.773008173E7,2025-10-06
I991289,1808,2.6560585446E8,2025-09-25
I991290,532,5.630248936E7,2025-09-11
I991291,545,5.096294739E7,2025-10-15
I991292,1388,1.9806558392E8,2025-10-22
I991293,1042,1.4909196953E8,2025-09-08
I991294,1584,4.889502082E7,2025-10-01
I991295,1236,1.6955265058E8,2025-09-05
I991296,447,5.968448172E7,2025-10-15
I991297,1279,7508916.33,2025-09-11
I991298,1154,1.1460043953E8,2025-10-12
I991299,229,1.304035522E7,2025-10-02
I991300,962,3.202828674E7,2025-09-15
I991301,1577,1.3245664485E8,2025-10-07
I991302,219,1.484122305E7,2025-10-29
I991303,1213,9.687933821E7,2025-09-23
I991304,172,5797176.59,2025-10-10
I991305,1578,3.627977761E7,2025-09-11
I991306,1729,5.152840989E7,2025-09-01
I991307,1826,2.972304832E7,2025-09-17
I991308,823,6.739718722E7,2025-09-05
I991309,455,1.246280105E7,2025-09-18
I991310,201,2.553734501E7,2025-09-04
I991311,554,7765985.2,2025-10-16
I991312,522,5.010475894E7,2025-10-25
I991313,923,1.3150753258E8,2025-10-25
I991314,1057,1.40731501E8,2025-09-26
I991315,674,4.572076246E7,2025-10-31
I991316,1431,4.03799934E7,2025-09-21
I991317,508,4.259823995E7,2025-10-25
I991318,1981,9.569743918E7,2025-10-08
I991319,455,3.526297456E7,2025-09-28
I991320,1667,1.5140249023E8,2025-10-29
I991321,1833,1.51155969E7,2025-09-21
I991322,414,3.018910749E7,2025-09-23
I991323,206,1.609768474E7,2025-10-18
I991324,748,1.659209749E7,2025-09-01
I991325,1391,1.1709892397E8,2025-09-16
I991326,1208,1.5989081206E8,2025-09-25
I991327,757,1.0336169754E8,2025-09-15
I991328,1776,2.4553170979E8,2025-10-11
I991329,581,3.795116478E7,2025-09-16
I991330,714,4.18404118E7,2025-10-30
I991331,229,1.650468903E7,2025-09-13
I991332,781,1.551029972E7,2025-09-08
I991333,1613,4.065056164E7,2025-09-27
I991334,1604,2492607.51,2025-09-14
I991335,1815,1.0493441539E8,2025-10-14
I991336,1574,5030487.01,2025-09-30
I991337,189,2701872.19,2025-09-12
I991338,1410,4.283993257E7,2025-10-17
I991339,242,2995318.4,2025-10-05
I991340,749,1.0565778451E8,2025-09-20
I991341,1897,2.2681681439E8,2025-10-26
I991342,1680,1.1397202653E8,2025-09-24
I991343,908,6.477313974E7,2025-10-08
I991344,975,5.670866049E7,2025-10-27
I991345,1148,1.61098018E8,2025-10-17
I991346,585,7.882852436E7,2025-10-09
I991347,1001,4.179420319E7,2025-10-18
I991348,65,8595153.57,2025-10-08
I991349,1052,7.040495586E7,2025-10-07
I991350,990,1.3913162472E8,2025-09-07
I991351,1649,2.3613166994E8,2025-09-24
I991352,1526,1.8526333947E8,2025-09-10
I991353,711,6.5168216E7,2025-10-13
I991354,1832,1.8040273982E8,2025-10-21
I991355,1968,9.484470715E7,2025-10-14
I991356,661,5.097931244E7,2025-10-09
I991357,376,3.632404192E7,2025-10-11
I991358,930,9.789543923E7,2025-09-02
I991359,1286,4.640866647E7,2025-09-02
I991360,1574,1.6954589143E8,2025-10-16
I991361,822,1.1337249394E8,2025-09-28
I991362,1904,1.773873169E7,2025-10-21
I991363,1270,1.6838817984E8,2025-10-03
I991364,1182,9.304884947E7,2025-10-30
I991365,1223,1.2687108088E8,2025-10-21
I991366,1540,7.836451096E7,2025-09-19
I991367,1452,7.211620176E7,2025-10-30
I991368,1376,5.035741685E7,2025-10-01
I991369,286,4.254216565E7,2025-09-22
I991370,1578,6.419860718E7,2025-10-22
I991371,774,5671157.92,2025-10-09
I991372,1602,1.5889097989E8,2025-10-13
I991373,1965,2.3512586562E8,2025-10-05
I991374,1432,1.2810059025E8,2025-09-09
I991375,770,3755006.25,2025-10-30
I991376,1400,1.4419271074E8,2025-09-21
I991377,1184,1.488442926E7,2025-10-09
I991378,455,1.445659955E7,2025-09-01
I991379,453,5.290888376E7,2025-10-05
I991380,50,6431342.91,2025-10-14
I991381,1925,4.464302194E7,2025-09-18
I991382,1884,1.2008151714E8,2025-10-07
I991383,795,4.462615729E7,2025-09-26
I991384,1424,1.5136797085E8,2025-10-07
I991385,564,4.215286543E7,2025-09-30
I991386,445,5498250.04,2025-09-26
I991387,720,2.122170719E7,2025-10-10
I991388,1509,9.439367716E7,2025-10-03
I991389,493,5.273372678E7,2025-10-20
I991390,960,3.924711386E7,2025-09-28
I991391,1629,1.3986128724E8,2025-09-01
I991392,1632,1.3107433604E8,2025-10-15
I991393,594,5.172781611E7,2025-09-17
I991394,1314,6.345252234E7,2025-09-11
I991395,1570,1.4257935612E8,2025-09-24
I991396,742,1.11015117E8,2025-10-11
I991397,1446,2.0743033318E8,2025-09-02
I991398,1684,2.2780234375E8,2025-09-26
I991399,603,3.183904154E7,2025-09-13
I991400,1317,4.771130576E7,2025-10-08
I991401,1808,2.1271072574E8,2025-09-16
I991402,506,9847686.16,2025-10-04
I991403,443,6.560673701E7,2025-10-11
I991404,219,2.165085958E7,2025-10-11
I991405,910,7.406850171E7,2025-09-05
I991406,541,7.285217519E7,2025-10-23
I991407,1945,1.5565449517E8,2025-10-10
I991408,1590,3.843879926E7,2025-10-27
I991409,92,5177558.11,2025-09-17
I991410,1641,4.817544127E7,2025-10-20
I991411,1611,1.174166113E8,2025-09-09
I991412,1395,2.212250424E7,2025-09-28
I991413,279,3.606511096E7,2025-09-27
I991414,1092,5.940236952E7,2025-09-21
I991415,1471,9.616480413E7,2025-09-30
I991416,1123,4.571917858E7,2025-10-26
I991417,1728,1.8340065104E8,2025-10-19
I991418,1165,1.6197248337E8,2025-09-24
I991419,1672,1.7388055676E8,2025-09-14
I991420,1072,3.508168583E7,2025-10-02
I991421,1503,2.0118733011E8,2025-09-15
I991422,1144,1.1806598378E8,2025-09-20
I991423,1018,3.317311985E7,2025-10-30
I991424,1029,1.247423444E8,2025-09-11
I991425,1934,2.7544178769E8,2025-09-06
I991426,870,5866042.51,2025-10-06
I991427,885,6.880578844E7,2025-10-26
I991428,265,3.81189382E7,2025-10-05
I991429,1930,2.018731519E8,2025-09-14
I991430,477,2.826483386E7,2025-10-25
I991431,72,5395345.57,2025-09-23
I991432,1500,1.1573891938E8,2025-09-13
I991433,911,9.608925031E7,2025-10-11
I991434,221,2.043015874E7,2025-09-18
I991435,1582,2.3426547784E8,2025-10-12
I991436,632,7887377.63,2025-10-24
I991437,1528,2.290962743E7,2025-10-28
I991438,1335,1.6643319685E8,2025-09-07
I991439,396,5.230264596E7,2025-10-25
I991440,1672,1.770731249E7,2025-10-25
I991441,1490,1.6247799891E8,2025-10-08
I991442,541,3.545735463E7,2025-09-04
I991443,1797,8.187159431E7,2025-10-27
I991444,795,8.655267861E7,2025-09-21
I991445,1367,1.9128344363E8,2025-10-24
I991446,656,5.405350376E7,2025-10-02
I991447,1312,5.133947348E7,2025-10-25
I991448,1920,2.0941341551E8,2025-09-30
I991449,779,3.524277857E7,2025-09-22
I991450,74,2135621.63,2025-09-26
I991451,1394,5.42382282E7,2025-09-14
I991452,422,4.266964224E7,2025-10-06
I991453,466,4.075949786E7,2025-10-22
I991454,932,4.021644404E7,2025-09-13
I991455,308,1.724065716E7,2025-10-05
I991456,675,5.36203447E7,2025-10-07
I991457,1758,2.5473976472E8,2025-10-04
I991458,1908,5.914189506E7,2025-10-15
I991459,1078,6.779615962E7,2025-09-17
I991460,1438,2.0804942058E8,2025-10-20
I991461,1946,2.295459171E7,2025-09-30
I991462,1188,1.139051454E8,2025-09-01
I991463,221,7878437.26,2025-09-16
I991464,793,9.125328688E7,2025-09-29
I991465,359,2.51904261E7,2025-09-25
I991466,674,4.88898298E7,2025-10-29
I991467,1428,4.802962973E7,2025-10-29
I991468,933,6.101418353E7,2025-10-23
I991469,961,1.214126006E8,2025-09-22
I991470,1957,1.2873354212E8,2025-09-17
I991471,1577,8.870920169E7,2025-10-17
I991472,1840,2.630181639E8,2025-10-14
I991473,957,9.92965431E7,2025-10-09
I991474,672,4.760463654E7,2025-10-25
I991475,1145,1.0945283601E8,2025-09-17
I991476,1817,1.3050727607E8,2025-10-06
I991477,1809,2.2452898297E8,2025-09-04
I991478,673,6282354.45,2025-10-24
I991479,1692,1.2751504451E8,2025-09-12
I991480,1620,8.395973941E7,2025-09-13
I991481,1305,5.209598511E7,2025-09-03
I991482,1990,4.948039153E7,2025-09-30
I991483,1094,7.313780388E7,2025-10-10
I991484,423,6.007905497E7,2025-09-06
I991485,382,2.293653077E7,2025-09-01
I991486,81,1.098500223E7,2025-09-27
I991487,1271,9593912.03,2025-10-19
I991488,328,1.309790918E7,2025-10-07
I991489,1337,2.673777014E7,2025-09-13
I991490,305,2.702138636E7,2025-10-15
I991491,1745,1.0384166438E8,2025-10-20
I991492,105,4665269.01,2025-10-07
I991493,1416,4.885854927E7,2025-10-30
I991494,1436,1.1053609022E8,2025-10-19
I991495,1691,1.7059588893E8,2025-09-23
I991496,453,2.499940505E7,2025-10-21
I991497,549,2.505920077E7,2025-09-12
I991498,605,5.161346893E7,2025-09-10
I991499,375,4.331190652E7,2025-09-05
I991500,1818,1.55193023E8,2025-09-09
I991501,1599,1.841429241E8,2025-10-16
I991502,93,1.161989458E7,2025-10-11
I991503,1490,1.1520662159E8,2025-10-30
I991504,370,1.309628585E7,2025-09-24
I991505,166,2.015313987E7,2025-09-01
I991506,530,1134013.37,2025-09-05
I991507,1476,1.8722893368E8,2025-10-18
I991508,1872,1.2777635194E8,2025-09-18
I991509,1327,2.13570087E7,2025-09-13
I991510,410,5.587938284E7,2025-09-23
I991511,734,1.547016134E7,2025-10-04
I991512,139,4349329.36,2025-09-21
I991513,1570,2.0600883329E8,2025-10-22
I991514,1522,4.325951863E7,2025-09-20
I991515,1910,1.9091087807E8,2025-09-13
I991516,290,3824395.64,2025-10-18
I991517,1907,1.3985792314E8,2025-09-14
I991518,625,7.798259919E7,2025-09-20
I991519,516,3.263799524E7,2025-09-29
I991520,1957,1.1364535563E8,2025-09-27
I991521,1470,2.0390634407E8,2025-10-31
I991522,1622,6.147415399E7,2025-09-16
I991523,1367,1.0770681099E8,2025-10-01
I991524,1322,1.1033530032E8,2025-10-26
I991525,1474,1.6047516312E8,2025-09-13
I991526,1136,3.29385896E7,2025-09-23
I991527,299,1.139804628E7,2025-10-29
I991528,1330,1.7940448092E8,2025-09-08
I991529,858,8.104095199E7,2025-09-13
I991530,1573,1.5335021389E8,2025-09-27
I991531,1227,7.410360249E7,2025-09-28
I991532,1086,8654838.25,2025-10-13
I991533,633,2.510919185E7,2025-09-30
I991534,167,2.142739303E7,2025-10-08
I991535,1472,1.3217478478E8,2025-10-31
I991536,802,8.032989482E7,2025-10-09
I991537,1605,1.6124128596E8,2025-09-26
I991538,1553,2.486688107E7,2025-10-11
I991539,1003,5.243042774E7,2025-09-08
I991540,170,1.571675848E7,2025-10-22
I991541,1160,7.307553633E7,2025-09-17
I991542,1098,1.1921466176E8,2025-10-18
I991543,1637,1.4697049527E8,2025-10-28
I991544,792,4675652.02,2025-10-17
I991545,663,4.122552896E7,2025-10-07
I991546,1920,1.3301274912E8,2025-09-26
I991547,302,2.510315594E7,2025-10-15
I991548,759,1.0556144089E8,2025-10-24
I991549,314,9961765.78,2025-10-17
I991550,833,1.1163588456E8,2025-09-16
I991551,168,1.210239782E7,2025-10-19
I991552,1977,7.390743833E7,2025-10-10
I991553,1188,9.011987013E7,2025-09-09
I991554,614,6751874.17,2025-10-19
I991555,437,2.582686937E7,2025-10-29
I991556,805,9.392743947E7,2025-09-10
I991557,1707,2.796444487E7,2025-10-14
I991558,1760,8803932.69,2025-09-12
I991559,1240,1.4141785843E8,2025-09-20
I991560,859,5.491750215E7,2025-09-07
I991561,1192,3.246291539E7,2025-09-15
I991562,570,2.402960682E7,2025-10-07
I991563,1279,2.994489631E7,2025-10-23
I991564,1230,1.4995421092E8,2025-09-27
I991565,920,4.89809663E7,2025-10-18
I991566,579,3.109938162E7,2025-09-17
I991567,1236,9.658734736E7,2025-10-06
I991568,1407,4.673350357E7,2025-10-28
I991569,1728,2.4092743976E8,2025-10-25
I991570,1424,1.9271675029E8,2025-09-20
I991571,559,1.278362868E7,2025-10-22
I991572,1531,2.0583746817E8,2025-10-27
I991573,1309,3.479661153E7,2025-09-21
I991574,1373,2.0342978559E8,2025-10-21
I991575,267,3.124735833E7,2025-09-19
I991576,932,4742122.17,2025-10-13
I991577,1185,2.417688191E7,2025-09-30
I991578,250,2.523754009E7,2025-09-22
I991579,482,3.456933677E7,2025-10-12
I991580,1556,7.367970698E7,2025-09-30
I991581,1359,2.783022416E7,2025-10-21
I991582,1991,1.2728839043E8,2025-10-05
I991583,1194,3.561234053E7,2025-09-23
I991584,985,1.2708261949E8,2025-09-24
I991585,1461,1.821424396E8,2025-10-08
I991586,1281,3.14698551E7,2025-10-24
I991587,1516,8.516831195E7,2025-10-25
I991588,1472,2.1545571491E8,2025-09-26
I991589,1398,1.1642337868E8,2025-10-05
I991590,927,1.1123376908E8,2025-10-22
I991591,1002,3.595058182E7,2025-09-12
I991592,828,1.1582641279E8,2025-10-11
I991593,1462,1.699294106E8,2025-10-14
I991594,903,1.2614292118E8,2025-09-08
I991595,1891,1.6972629398E8,2025-09-01
I991596,140,7679786.09,2025-10-23
I991597,701,6.422151809E7,2025-09-02
I991598,1267,1.7859564723E8,2025-09-15
I991599,1255,1.0193159903E8,2025-09-02
I991600,807,1.0787163619E8,2025-09-06
I991601,1595,1.9857048426E8,2025-10-06
I991602,296,3.583173491E7,2025-09-14
I991603,1715,2.117386065E8,2025-09-02
I991604,474,3.575001993E7,2025-10-17
I991605,1556,2.2346296494E8,2025-09-08
I991606,1849,1.2582290659E8,2025-09-20
I991607,468,6.065442601E7,2025-09-27
I991608,233,2.676952844E7,2025-09-16
I991609,1755,1.3058768808E8,2025-09-14
I991610,159,3698625.61,2025-10-09
I991611,1222,1.825086134E8,2025-09-10
I991612,853,9369833.82,2025-09-13
I991613,1264,9586410.52,2025-09-22
I991614,1268,1.679408896E8,2025-10-29
I991615,1883,2.4702166678E8,2025-09-27
I991616,1608,7.124834154E7,2025-09-30
I991617,1278,1.1962179748E8,2025-10-14
I991618,878,4407274.24,2025-10-27
I991619,770,5.253061843E7,2025-09-03
I991620,1780,1.381484203E7,2025-10-16
I991621,637,2.274516991E7,2025-09-24
I991622,1518,9.877790727E7,2025-09-27
I991623,660,9.487266791E7,2025-09-20
I991624,566,7.59813532E7,2025-09-27
I991625,138,9388913.27,2025-09-22
I991626,677,5.64974478E7,2025-09-19
I991627,1813,8.982947586E7,2025-09-03
I991628,1899,1.308623923E8,2025-10-31
I991629,1054,8.984586638E7,2025-10-17
I991630,1252,1.1635824855E8,2025-09-08
I991631,286,2442616.28,2025-09-18
I991632,434,2.477483672E7,2025-09-23
I991633,1357,1.8482668919E8,2025-10-11
I991634,671,6.689878753E7,2025-09-02
I991635,175,9347866.66,2025-09-24
I991636,511,2.260782472E7,2025-10-26
I991637,1253,1.8773066432E8,2025-09-11
I991638,558,1.075065399E7,2025-09-04
I991639,1648,3.765422529E7,2025-10-17
I991640,1068,4.85040658E7,2025-09-29
I991641,1923,1.990677283E8,2025-10-22
I991642,1981,2.6679296631E8,2025-09-04
I991643,1381,1.9822441042E8,2025-09-02
I991644,887,1.2053782452E8,2025-10-16
I991645,75,4348600.59,2025-10-07
I991646,349,4.554160218E7,2025-09-03
I991647,1042,1.001487445E8,2025-10-10
I991648,254,2.441770636E7,2025-09-27
I991649,1901,9.538550117E7,2025-10-31
I991650,953,9.45551693E7,2025-10-16
I991651,923,8.134369257E7,2025-09-27
I991652,1626,3.592493151E7,2025-09-07
I991653,1972,6.071321885E7,2025-09-22
I991654,1317,1.5393255178E8,2025-10-25
I991655,815,1.276333323E7,2025-09-25
I991656,489,4.846730699E7,2025-10-18
I991657,937,8.247809401E7,2025-09-18
I991658,1408,2.941396761E7,2025-10-28
I991659,1469,3.069940907E7,2025-10-13
I991660,1517,1.314892697E7,2025-09-18
I991661,72,373307.5,2025-10-29
I991662,718,2.236923141E7,2025-09-24
I991663,1256,1.1761362425E8,2025-10-25
I991664,776,4.826444077E7,2025-10-20
I991665,132,904742.37,2025-09-23
I991666,1787,1.804072199E8,2025-10-23
I991667,806,8.013808741E7,2025-10-01
I991668,1781,3.638546645E7,2025-10-27
I991669,540,3.091524465E7,2025-09-23
I991670,1039,1.586567467E7,2025-09-24
I991671,1100,9.519934994E7,2025-10-11
I991672,1233,1.7938269129E8,2025-09-30
I991673,429,2894036.52,2025-10-21
I991674,1037,2.949500223E7,2025-10-07
I991675,734,1.914353223E7,2025-09-30
I991676,505,4.323923557E7,2025-10-29
I991677,973,2.171402312E7,2025-10-02
I991678,1665,1.0133907495E8,2025-09-28
I991679,733,8.31427209E7,2025-10-19
I991680,1809,1.6813757771E8,2025-09-23
I991681,574,1.442486131E7,2025-09-13
I991682,1809,2.275303883E7,2025-09-15
I991683,1393,1.6502076549E8,2025-10-09
I991684,1888,2.6552655531E8,2025-10-29
I991685,947,9.71317599E7,2025-10-11
I991686,702,1.0294086025E8,2025-10-02
I991687,1117,3.515850878E7,2025-09-23
I991688,113,1576771.91,2025-10-10
I991689,78,7032017.47,2025-10-16
I991690,495,6.220957296E7,2025-09-09
I991691,148,4732022.59,2025-10-11
I991692,1327,1.3872390228E8,2025-10-11
I991693,1189,3.050194667E7,2025-10-29
I991694,1764,7.889430888E7,2025-09-16
I991695,1357,1.0718792165E8,2025-09-04
I991696,1348,1.7129468308E8,2025-10-15
I991697,724,8.215556963E7,2025-10-28
I991698,277,3.875630892E7,2025-10-28
I991699,603,1.013674504E7,2025-10-20
I991700,827,7499761.17,2025-10-22
I991701,1694,1.6645986365E8,2025-10-23
I991702,689,7.474892862E7,2025-10-12
I991703,1176,1.1907145228E8,2025-10-09
I991704,882,9.692473857E7,2025-09-21
I991705,499,1.809582371E7,2025-10-27
I991706,1925,1.5028730234E8,2025-10-03
I991707,431,3.520567563E7,2025-10-31
I991708,594,3.702863369E7,2025-09-19
I991709,1931,5.830543343E7,2025-10-19
I991710,1112,2.126641361E7,2025-09-17
I991711,299,3.124770759E7,2025-09-08
I991712,1505,3.935941971E7,2025-10-14
I991713,431,2.215836592E7,2025-09-20
I991714,594,1.370844375E7,2025-09-02
I991715,1868,8.973492559E7,2025-10-23
I991716,337,3.834325606E7,2025-09-04
I991717,941,1.265845482E8,2025-10-17
I991718,632,7.752890453E7,2025-10-14
I991719,995,1.3381481492E8,2025-09-24
I991720,909,1.3190648823E8,2025-10-14
I991721,288,1074963.73,2025-10-29
I991722,299,496757.9,2025-09-01
I991723,223,2.355744127E7,2025-09-06
I991724,1228,1.1841588926E8,2025-10-25
I991725,1215,7.28587896E7,2025-09-03
I991726,160,1.055958394E7,2025-10-14
I991727,902,8.343316781E7,2025-09-11
I991728,1346,1.0631808468E8,2025-09-09
I991729,433,6.244553972E7,2025-10-05
I991730,406,5.377994121E7,2025-09-22
I991731,408,1681759.59,2025-10-30
I991732,679,6.728526823E7,2025-10-26
I991733,467,5.543496124E7,2025-09-09
I991734,1472,7.148975099E7,2025-10-31
I991735,1865,2.2866203443E8,2025-09-17
I991736,969,1.416916406E7,2025-09-01
I991737,1679,9058607.8,2025-10-25
I991738,1624,6.966881962E7,2025-10-21
I991739,231,1.653570153E7,2025-09-21
I991740,1773,8.076061085E7,2025-10-09
I991741,1066,9.481043571E7,2025-10-11
I991742,689,7.001497403E7,2025-09-13
I991743,348,3.81492081E7,2025-10-19
I991744,1299,9.22676476E7,2025-09-16
I991745,178,6100074.84,2025-09-09
I991746,743,7.461241489E7,2025-10-09
I991747,433,3.750864336E7,2025-09-16
I991748,1467,1.2391824659E8,2025-09-27
I991749,1952,9.290575008E7,2025-10-17
I991750,279,3.8041098E7,2025-10-09
I991751,395,7045302.2,2025-09-04
I991752,1175,1.6611337315E8,2025-09-27
I991753,1644,5309296.6,2025-09-09
I991754,385,2.883849715E7,2025-10-20
I991755,101,8152217.18,2025-09-05
I991756,661,8.750976048E7,2025-10-24
I991757,793,2.411898864E7,2025-09-30
I991758,289,1.093307748E7,2025-09-03
I991759,1345,2.0165873511E8,2025-09-01
I991760,511,7.392388212E7,2025-10-14
I991761,1399,3.432009347E7,2025-09-05
I991762,66,6591571.89,2025-10-21
I991763,1456,9.004975026E7,2025-10-30
I991764,1701,1.8888870784E8,2025-10-07
I991765,87,9221822.31,2025-10-14
I991766,774,8.108058537E7,2025-09-28
I991767,222,2.440845129E7,2025-09-29
I991768,301,2.091307805E7,2025-09-24
I991769,1049,1.4541675212E8,2025-10-24
I991770,1786,2.5066863183E8,2025-10-21
I991771,945,2.52818165E7,2025-09-27
I991772,1146,1.0264239457E8,2025-10-28
I991773,292,1.583459678E7,2025-09-05
I991774,1934,2.8004706856E8,2025-09-01
I991775,588,6.105504252E7,2025-09-22
I991776,1485,1.4694310219E8,2025-10-22
I991777,474,2.836628164E7,2025-09-06
I991778,1513,2.2638502762E8,2025-10-20
I991779,1166,7.300355413E7,2025-09-09
I991780,1120,1.310631356E7,2025-09-02
I991781,1067,8.146727006E7,2025-09-03
I991782,494,3.974721704E7,2025-10-01
I991783,408,1.803290685E7,2025-10-30
I991784,795,7.635598356E7,2025-10-28
I991785,1200,1.511879904E7,2025-10-29
I991786,1315,2.934076161E7,2025-10-09
I991787,1467,2.300330134E7,2025-10-06
I991788,1211,1.1532912194E8,2025-10-21
I991789,1117,6.228591453E7,2025-09-26
I991790,1015,8.517697696E7,2025-09-15
I991791,182,9473464.9,2025-09-26
I991792,1735,5.341936342E7,2025-10-30
I991793,1714,1.8979408565E8,2025-09-25
I991794,1118,1.2736465752E8,2025-10-03
I991795,1124,1.3052508762E8,2025-09-13
I991796,238,2543990.83,2025-10-13
I991797,507,5456710.85,2025-09-20
I991798,1610,5106271.92,2025-10-03
I991799,1928,2.0474215881E8,2025-10-15
I991800,1194,2.253294366E7,2025-09-26
I991801,206,475983.42,2025-10-06
I991802,1221,1.6369439209E8,2025-09-20
I991803,1657,1.6981141898E8,2025-10-27
I991804,1680,1.657916849E7,2025-09-11
I991805,1682,5.33689512E7,2025-09-01
I991806,454,8808185.88,2025-09-29
I991807,1878,1.2563390706E8,2025-09-22
I991808,1937,1.427328103E7,2025-10-21
I991809,1089,1.676859235E7,2025-09-05
I991810,1524,1.0669300536E8,2025-09-24
I991811,1706,2.3972956028E8,2025-10-08
I991812,1067,2.69196868E7,2025-10-10
I991813,1810,2.0035227492E8,2025-09-04
I991814,539,3.032088346E7,2025-09-02
I991815,442,334706.74,2025-10-07
I991816,304,5116484.9,2025-09-01
I991817,910,2.307327091E7,2025-10-08
I991818,292,1.58383722E7,2025-10-29
I991819,1494,1.6240995002E8,2025-09-10
I991820,1142,1.7086104225E8,2025-10-24
I991821,1526,7.349360183E7,2025-09-01
I991822,667,4.93774052E7,2025-09-11
I991823,2000,6.496428553E7,2025-09-16
I991824,1819,1.1814328026E8,2025-10-14
I991825,753,9.381860813E7,2025-10-20
I991826,207,8224988.54,2025-10-23
I991827,1811,1.5721118007E8,2025-09-11
I991828,1142,8.179740195E7,2025-10-18
I991829,1791,4.511055356E7,2025-09-23
I991830,1761,1.4451781963E8,2025-10-10
I991831,665,5.652815829E7,2025-09-21
I991832,1403,5.889052658E7,2025-10-25
I991833,1932,4.169806887E7,2025-09-12
I991834,1380,1.5880470207E8,2025-09-03
I991835,160,2.042339819E7,2025-09-20
I991836,64,5844582.23,2025-10-29
I991837,1103,3.863029332E7,2025-09-20
I991838,975,1.017016326E8,2025-10-19
I991839,1024,1.4669756128E8,2025-10-31
I991840,430,2.363488852E7,2025-09-02
I991841,1336,1.3252909095E8,2025-09-12
I991842,375,3.822860889E7,2025-09-09
I991843,625,1.770633115E7,2025-09-11
I991844,171,9484828.98,2025-09-02
I991845,197,3580145.62,2025-09-13
I991846,942,8.033576975E7,2025-10-27
I991847,803,6.080931255E7,2025-10-12
I991848,356,3.098193562E7,2025-09-09
I991849,1132,5.734798051E7,2025-09-29
I991850,1450,8.398216523E7,2025-10-21
I991851,292,2.558949592E7,2025-10-29
I991852,72,5096318.87,2025-09-11
I991853,1825,1.5736634567E8,2025-10-14
I991854,338,2.966254669E7,2025-10-27
I991855,121,1.746394424E7,2025-09-09
I991856,1653,2.4034368636E8,2025-10-24
I991857,433,3.100341213E7,2025-09-07
I991858,1530,1.0649227663E8,2025-10-19
I991859,383,4.490168024E7,2025-09-22
I991860,1843,1.6268785489E8,2025-09-24
I991861,294,1.952296271E7,2025-10-18
I991862,837,6.48078535E7,2025-10-23
I991863,1556,7.496218431E7,2025-10-31
I991864,1686,1.1405404824E8,2025-09-06
I991865,1594,1.6951389565E8,2025-10-06
I991866,236,2.053690012E7,2025-10-19
I991867,379,5.123309311E7,2025-09-30
I991868,147,1.890981202E7,2025-10-17
I991869,1566,1.6964310111E8,2025-09-22
I991870,910,7.130442274E7,2025-10-08
I991871,1491,1.5069409206E8,2025-10-09
I991872,463,2.990884355E7,2025-10-13
I991873,1379,1.2293193761E8,2025-10-02
I991874,1137,7.919406482E7,2025-10-16
I991875,763,1.1352431353E8,2025-09-18
I991876,83,2176516.82,2025-09-17
I991877,1128,1.438792439E7,2025-10-29
I991878,1232,1.4330454451E8,2025-10-08
I991879,814,1.1364923912E8,2025-10-08
I991880,743,5.374519313E7,2025-10-17
I991881,275,325617.37,2025-10-08
I991882,755,1.955557677E7,2025-09-04
I991883,537,6.939011577E7,2025-09-09
I991884,1255,1.2127448415E8,2025-10-10
I991885,662,6.50794736E7,2025-10-24
I991886,1107,1.820371625E7,2025-10-06
I991887,238,6097921.53,2025-10-23
I991888,941,7.236201219E7,2025-09-28
I991889,210,8181917.68,2025-09-20
I991890,1221,3.285063806E7,2025-10-09
I991891,1209,9138350.36,2025-10-19
I991892,1666,2.474641727E8,2025-09-17
I991893,900,1.3196463103E8,2025-09-12
I991894,1459,1.8274914959E8,2025-09-13
I991895,277,2.450689146E7,2025-10-02
I991896,1254,1.2317053824E8,2025-09-15
I991897,894,1.0009892233E8,2025-09-17
I991898,911,8.914393342E7,2025-09-07
I991899,1173,1.930366681E7,2025-09-12
I991900,1303,9.169493817E7,2025-09-12
I991901,835,6.080072363E7,2025-09-16
I991902,1242,3.092379191E7,2025-09-10
I991903,1911,1.8642003557E8,2025-10-23
I991904,1011,5.006832617E7,2025-09-21
I991905,687,9.038402682E7,2025-09-30
I991906,1998,2356952.38,2025-10-24
I991907,1261,1.8646955417E8,2025-09-17
I991908,1879,3.024355268E7,2025-10-10
I991909,1547,5929032.08,2025-10-30
I991910,85,3724288.08,2025-10-18
I991911,300,1.51336211E7,2025-09-12
I991912,1444,1.1105186049E8,2025-10-15
I991913,652,7.684966259E7,2025-09-29
I991914,1152,1.3487916784E8,2025-10-12
I991915,1091,1.2408864489E8,2025-10-05
I991916,286,1.979986441E7,2025-10-13
I991917,1977,5.821976747E7,2025-10-16
I991918,1798,1783035.53,2025-10-27
I991919,142,6580818.58,2025-09-29
I991920,470,5.349492181E7,2025-09-05
I991921,1266,1.8743472436E8,2025-10-13
I991922,1181,4.651636216E7,2025-10-18
I991923,1567,8.870088832E7,2025-10-13
I991924,365,2852006.84,2025-09-09
I991925,367,2.479903755E7,2025-10-24
I991926,53,3149179.55,2025-09-14
I991927,404,1.172688644E7,2025-09-21
I991928,1057,2.315277459E7,2025-10-11
I991929,1785,2.6294577611E8,2025-09-24
I991930,339,3.256638417E7,2025-10-08
I991931,1969,2.2248210381E8,2025-09-02
I991932,1760,1.4962241553E8,2025-10-18
I991933,397,2.444631346E7,2025-09-18
I991934,1708,3.823384775E7,2025-09-25
I991935,539,6.722818849E7,2025-09-25
I991936,1786,1.469059381E8,2025-10-13
I991937,1712,5706303.78,2025-09-16
I991938,890,6.121886474E7,2025-09-04
I991939,591,7.08440548E7,2025-10-05
I991940,1050,7.974932613E7,2025-10-06
I991941,1477,6.06015608E7,2025-10-10
I991942,1194,1.7805376293E8,2025-10-30
I991943,1864,1.6839979546E8,2025-10-21
I991944,1549,1.8482854786E8,2025-10-03
I991945,1397,6029196.6,2025-09-13
I991946,583,9346354.93,2025-09-07
I991947,437,1.072130175E7,2025-10-05
I991948,443,5.36448249E7,2025-10-31
I991949,1438,1.2474087473E8,2025-10-24
I991950,635,6.044693598E7,2025-10-09
I991951,1793,1.7221179795E8,2025-09-24
I991952,355,4.388565651E7,2025-10-11
I991953,795,1.1123294672E8,2025-10-22
I991954,1783,2.6654631427E8,2025-10-05
I991955,1977,1.6875270651E8,2025-10-20
I991956,192,1.560327495E7,2025-09-09
I991957,893,8.422923803E7,2025-09-15
I991958,784,9.945643842E7,2025-09-19
I991959,1148,4.573712005E7,2025-10-16
I991960,158,9166079.07,2025-09-13
I991961,855,7.968467998E7,2025-09-14
I991962,1406,1.017320727E8,2025-10-23
I991963,1156,5.555293626E7,2025-09-10
I991964,1530,2.2564064984E8,2025-10-16
I991965,294,5198802.55,2025-09-30
I991966,1140,1.320884472E7,2025-10-21
I991967,783,5312209.51,2025-10-08
I991968,818,2.635630427E7,2025-09-02
I991969,521,5.579128786E7,2025-09-04
I991970,261,3443974.12,2025-09-05
I991971,1510,3.530305025E7,2025-10-11
I991972,568,2472824.27,2025-09-11
I991973,1280,1.2007968865E8,2025-09-17
I991974,1045,6.702533445E7,2025-10-14
I991975,172,2.245627033E7,2025-10-14
I991976,990,9.388102314E7,2025-10-01
I991977,1516,6.469256661E7,2025-10-08
I991978,1898,4.518632413E7,2025-09-16
I991979,893,7.380777853E7,2025-10-08
I991980,1473,2.1550314074E8,2025-10-01
I991981,569,5.933788831E7,2025-09-02
I991982,541,1.171543855E7,2025-09-26
I991983,819,4.598407899E7,2025-10-24
I991984,1882,2.1091770433E8,2025-09-12
I991985,1098,9.297842524E7,2025-09-14
I991986,680,4.425547633E7,2025-09-10
I991987,1622,4.595250695E7,2025-10-25
I991988,1828,1.7458949442E8,2025-09-30
I991989,936,3.428262143E7,2025-10-31
I991990,941,7.738826441E7,2025-10-27
I991991,399,5.729514875E7,2025-09-27
I991992,1373,1.662460247E7,2025-10-18
I991993,1655,8.732613623E7,2025-10-12
I991994,1562,2.1358359554E8,2025-09-02
I991995,1271,1.1092521675E8,2025-10-19
I991996,1397,7.950436637E7,2025-10-03
I991997,1674,2.0047390057E8,2025-09-14
I991998,862,779233.33,2025-09-27
I991999,330,2.744326773E7,2025-09-12
I992000,1220,1074419.66,2025-10-02
I992001,1969,1.954321477E8,2025-09-05
I992002,1700,1.3637711205E8,2025-10-07
I992003,1724,1.5196401034E8,2025-09-21
I992004,605,8.971653642E7,2025-10-13
I992005,449,6.587619896E7,2025-10-05
I992006,305,2.768838271E7,2025-10-30
I992007,1472,1.9160889806E8,2025-10-07
I992008,111,2524335.95,2025-10-22
I992009,1091,1.4723198212E8,2025-10-03
I992010,488,6.432407708E7,2025-10-23
I992011,753,3.132898304E7,2025-09-11
I992012,190,3164594.49,2025-09-29
I992013,1210,1.3552995715E8,2025-10-05
I992014,359,3.891140598E7,2025-10-01
I992015,778,8.964667957E7,2025-10-19
I992016,1934,2.7747055845E8,2025-10-07
I992017,1563,2.0413450721E8,2025-10-15
I992018,1139,1.1368356543E8,2025-09-09
I992019,1723,1.8686258778E8,2025-09-02
I992020,473,6.738782945E7,2025-10-21
I992021,2000,8.256617629E7,2025-09-08
I992022,1661,2.0925181644E8,2025-10-24
I992023,146,1.872998046E7,2025-09-11
I992024,577,1.164610136E7,2025-10-13
I992025,946,6.761863531E7,2025-10-18
I992026,1168,1.4684649266E8,2025-09-27
I992027,125,1.507140703E7,2025-09-30
I992028,1011,1595198.43,2025-10-05
I992029,1734,2.4718520659E8,2025-10-20
I992030,1169,2.635926616E7,2025-10-04
I992031,822,3.918993259E7,2025-10-23
I992032,1121,1.3123899386E8,2025-10-31
I992033,1529,6.533952676E7,2025-10-13
I992034,865,2.986375663E7,2025-09-28
I992035,1756,9.184091803E7,2025-10-02
I992036,466,3.310455322E7,2025-10-17
I992037,1539,7.437762283E7,2025-10-31
I992038,621,5.066439967E7,2025-09-10
I992039,830,1.783263755E7,2025-10-03
I992040,1510,3.964697516E7,2025-09-16
I992041,527,5.43709999E7,2025-09-23
I992042,469,4.44353545E7,2025-09-23
I992043,1136,1.112658754E8,2025-09-06
I992044,892,8.119073274E7,2025-10-08
I992045,1459,3420227.23,2025-09-20
I992046,149,1.818026994E7,2025-09-06
I992047,1091,1.669300412E7,2025-10-11
I992048,538,6.676401554E7,2025-09-06
I992049,517,1.366554238E7,2025-09-18
I992050,1366,8.5386383E7,2025-10-24
I992051,1904,1.4616081908E8,2025-10-24
I992052,176,6449083.73,2025-10-29
I992053,1615,1.1122763825E8,2025-10-07
I992054,1695,9.925600358E7,2025-10-31
I992055,340,1.086111988E7,2025-10-12
I992056,198,1.008179789E7,2025-10-01
I992057,1722,2.62638579E7,2025-09-03
I992058,1665,1.5586150173E8,2025-09-06
I992059,1680,2.5184046918E8,2025-09-09
I992060,882,7.597644234E7,2025-09-15
I992061,109,1.342697451E7,2025-09-17
I992062,1835,6.164605871E7,2025-10-28
I992063,602,2.64751936E7,2025-10-17
I992064,145,9552862.95,2025-10-25
I992065,1697,2.2218610796E8,2025-10-02
I992066,697,7.310808177E7,2025-09-26
I992067,1564,1.4452660901E8,2025-10-09
I992068,160,1.538085453E7,2025-09-13
I992069,571,1076901.09,2025-10-07
I992070,1190,1.101821214E8,2025-09-09
I992071,350,2.034296776E7,2025-10-17
I992072,394,5.464512483E7,2025-10-27
I992073,1459,2.0742443708E8,2025-09-19
I992074,1676,1.9340287865E8,2025-09-23
I992075,410,3.343531573E7,2025-10-19
I992076,546,4.868723838E7,2025-10-22
I992077,867,8622024.56,2025-09-20
I992078,810,1.713089355E7,2025-10-07
I992079,419,1.889485601E7,2025-09-21
I992080,1027,1.0205785367E8,2025-09-07
I992081,1393,1.3022806679E8,2025-09-01
I992082,328,3.291157502E7,2025-09-23
I992083,1027,6.447807471E7,2025-09-22
I992084,744,7.236102018E7,2025-10-19
I992085,1142,1.0393133758E8,2025-10-12
I992086,1041,1.1685620587E8,2025-09-15
I992087,121,4424957.81,2025-10-06
I992088,1764,1.675220138E8,2025-10-27
I992089,1349,1.814290864E7,2025-09-01
I992090,832,7.68649885E7,2025-09-06
I992091,1268,1.2633150941E8,2025-10-12
I992092,368,2.270590481E7,2025-10-16
I992093,982,1.3965194906E8,2025-10-29
I992094,723,2.247081299E7,2025-10-01
I992095,779,1.0684325403E8,2025-09-07
I992096,1411,1.3935048808E8,2025-09-13
I992097,135,1.05703345E7,2025-09-07
I992098,1902,2.5966690198E8,2025-10-22
I992099,708,4.87742011E7,2025-10-12
I992100,1405,1.6187750537E8,2025-09-17
I992101,408,2.073183263E7,2025-09-16
I992102,686,8.348965008E7,2025-10-23
I992103,833,8.719364722E7,2025-10-13
I992104,886,1.076845222E8,2025-10-08
I992105,339,3.682098372E7,2025-09-29
I992106,1065,2.963348358E7,2025-09-18
I992107,1954,2.8520407237E8,2025-09-06
I992108,1852,2.7432433989E8,2025-09-05
I992109,179,1.476350901E7,2025-10-19
I992110,276,2.464599479E7,2025-09-29
I992111,72,4354418.3,2025-10-23
I992112,1313,4.865576635E7,2025-09-28
I992113,1582,2.022538061E7,2025-09-20
I992114,1659,1.6735555671E8,2025-10-10
I992115,750,9.696923246E7,2025-09-18
I992116,1909,1657103.5,2025-10-18
I992117,1462,7.829855738E7,2025-10-17
I992118,1008,4.071642267E7,2025-09-01
I992119,286,989717.08,2025-09-13
I992120,1331,1.9319580437E8,2025-09-24
I992121,1610,2.0187797867E8,2025-10-01
I992122,497,606956.49,2025-09-28
I992123,1969,2.2558676802E8,2025-09-27
I992124,1672,1.5248961589E8,2025-09-05
I992125,135,4847781.62,2025-10-19
I992126,1714,1.5857549408E8,2025-10-27
I992127,1433,1.9666376001E8,2025-09-11
I992128,784,1.1194923081E8,2025-10-30
I992129,1822,3360972.81,2025-10-24
I992130,1565,1.2356441602E8,2025-09-28
I992131,1625,1.3539168471E8,2025-10-28
I992132,89,7976270.41,2025-09-11
I992133,429,2375873.05,2025-10-10
I992134,68,164040.31,2025-09-28
I992135,574,6.159973928E7,2025-10-21
I992136,244,1.319723984E7,2025-10-31
I992137,133,9131058.56,2025-10-23
I992138,1612,2.1816407378E8,2025-10-06
I992139,1928,7.165154969E7,2025-09-02
I992140,660,8.151310894E7,2025-10-03
I992141,1946,1.4187395339E8,2025-10-03
I992142,900,9.169078904E7,2025-09-20
I992143,1236,2782832.79,2025-09-05
I992144,759,1.0670181463E8,2025-10-10
I992145,1698,2.1071963826E8,2025-09-06
I992146,1600,9.575145815E7,2025-10-04
I992147,1989,1.7154884433E8,2025-10-31
I992148,1505,1.3502820064E8,2025-10-17
I992149,1071,8.841994811E7,2025-09-24
I992150,1706,6.816388563E7,2025-09-07
I992151,470,4.744315337E7,2025-10-05
I992152,452,4.527446211E7,2025-10-24
I992153,1845,1.6068105163E8,2025-10-02
I992154,171,4523974.05,2025-10-12
I992155,1530,1.742307589E8,2025-09-23
I992156,1727,1.8125052632E8,2025-09-06
I992157,1795,1.3104431145E8,2025-10-03
I992158,320,7805106.06,2025-09-26
I992159,1479,4.804944628E7,2025-09-29
I992160,1862,1.9319412194E8,2025-09-10
I992161,149,6231999.55,2025-09-23
I992162,1705,1.5376512462E8,2025-10-03
I992163,1157,681491.53,2025-10-22
I992164,693,6.656324972E7,2025-09-08
I992165,974,7.028327233E7,2025-10-23
I992166,243,2.383663245E7,2025-09-28
I992167,991,9.160579428E7,2025-09-10
I992168,966,2.3559638E7,2025-09-15
I992169,1724,2.2884910594E8,2025-09-29
I992170,1730,1.721750312E8,2025-09-30
I992171,1392,3.855500288E7,2025-10-22
I992172,896,7426082.83,2025-10-07
I992173,549,7.683206067E7,2025-09-20
I992174,755,1.48841333E7,2025-09-30
I992175,1234,9.771600196E7,2025-09-09
I992176,1671,1.5578814625E8,2025-10-08
I992177,1321,1.2899350037E8,2025-10-01
I992178,1011,1.1260820725E8,2025-09-30
I992179,1822,9.775575221E7,2025-10-06
I992180,1308,4.334987483E7,2025-10-17
I992181,725,7.870779786E7,2025-09-13
I992182,1948,1.6149324223E8,2025-09-19
I992183,732,7.612287156E7,2025-10-19
I992184,1317,1.4862487217E8,2025-09-12
I992185,606,2.786078418E7,2025-09-21
I992186,491,2.903313191E7,2025-09-07
I992187,1362,3.02077779E7,2025-09-20
I992188,1415,8.879990206E7,2025-09-25
I992189,1832,2.719213441E7,2025-10-16
I992190,1311,2.943617049E7,2025-09-18
I992191,203,1.51900971E7,2025-09-02
I992192,331,4.852587775E7,2025-10-27
I992193,1811,1.8484164721E8,2025-09-01
I992194,1409,1.8043751407E8,2025-10-22
I992195,289,4.296126123E7,2025-10-20
I992196,559,3.937786365E7,2025-10-25
I992197,1961,1.1604642735E8,2025-10-24
I992198,891,8.420073392E7,2025-10-24
I992199,515,5.387914373E7,2025-09-25
I992200,657,1.39203876E7,2025-09-07
I992201,488,6.027860289E7,2025-10-06
I992202,1098,3.762027769E7,2025-10-11
I992203,395,2.973602295E7,2025-09-12
I992204,1434,5934588.74,2025-10-31
I992205,1954,1.9939023217E8,2025-10-17
I992206,704,4.86743229E7,2025-10-27
I992207,614,8.171389919E7,2025-10-30
I992208,1838,3.007062692E7,2025-10-24
I992209,1036,1.2272575371E8,2025-10-02
I992210,1094,1.4272971936E8,2025-09-30
I992211,91,1.065674736E7,2025-09-02
I992212,1369,1.7305716839E8,2025-09-12
I992213,191,2.379523171E7,2025-10-17
I992214,56,6243664.08,2025-09-14
I992215,1587,2.1671362057E8,2025-09-22
I992216,1797,2.6613022807E8,2025-09-19
I992217,1646,1.4828099869E8,2025-10-03
I992218,1567,1.6230371694E8,2025-10-14
I992219,1207,1.7217737626E8,2025-09-20
I992220,70,3406442.95,2025-10-19
I992221,258,2.329125268E7,2025-09-16
I992222,1831,1.0963311362E8,2025-10-05
I992223,482,2.544625727E7,2025-09-27
I992224,1405,1.0279548314E8,2025-10-22
I992225,194,2.24229336E7,2025-09-24
I992226,987,2.534348831E7,2025-10-29
I992227,1900,2.4440768705E8,2025-09-27
I992228,296,6717243.79,2025-09-30
I992229,790,5.28135432E7,2025-10-29
I992230,1834,2.2965785846E8,2025-09-29
I992231,881,1.2441954421E8,2025-10-03
I992232,761,1.0033815194E8,2025-09-03
I992233,1946,1.9533797143E8,2025-09-12
I992234,1879,1.2545432677E8,2025-09-17
I992235,575,3.53421074E7,2025-09-06
I992236,467,5.506875825E7,2025-10-27
I992237,686,2.41147827E7,2025-10-09
I992238,838,4.896613251E7,2025-10-11
I992239,467,1755902.72,2025-10-30
I992240,1487,1.4719488264E8,2025-10-01
I992241,82,2658852.13,2025-10-18
I992242,759,8.164291547E7,2025-10-24
I992243,446,2.620479211E7,2025-10-24
I992244,283,2.828045214E7,2025-09-30
I992245,443,4.538315907E7,2025-09-30
I992246,270,3.52532206E7,2025-09-19
I992247,1465,4.452397379E7,2025-10-20
I992248,77,3965274.64,2025-09-07
I992249,1034,1.3262858835E8,2025-09-14
I992250,1075,8.037677001E7,2025-09-02
I992251,1346,2848416.66,2025-09-25
I992252,808,9292993.82,2025-09-03
I992253,781,6.821907631E7,2025-10-05
I992254,1992,3.227296109E7,2025-10-02
I992255,417,9086239.82,2025-10-19
I992256,349,4.145833189E7,2025-09-26
I992257,56,7137185.07,2025-09-03
I992258,1390,1.2671976291E8,2025-10-24
I992259,919,1.792269523E7,2025-09-25
I992260,1357,1.6877781451E8,2025-09-27
I992261,1598,4.22694668E7,2025-10-19
I992262,1367,7.644834999E7,2025-10-01
I992263,1588,2.2138811724E8,2025-09-27
I992264,1611,4.498617625E7,2025-10-27
I992265,1056,1.30731477E8,2025-09-25
I992266,1168,2.519051335E7,2025-09-16
I992267,1939,8.4282883E7,2025-10-24
I992268,632,6.634927352E7,2025-09-19
I992269,406,251758.47,2025-09-08
I992270,434,4.569937582E7,2025-10-17
I992271,219,3.20000234E7,2025-10-13
I992272,170,1.137416515E7,2025-10-18
I992273,1487,2.1909175066E8,2025-09-15
I992274,922,3.021162344E7,2025-09-01
I992275,1327,9.03055372E7,2025-09-12
I992276,1929,2.2277545718E8,2025-10-03
I992277,711,9.751700749E7,2025-10-02
I992278,784,4.078994701E7,2025-10-20
I992279,1299,1.3715054972E8,2025-09-14
I992280,1737,1.0737073617E8,2025-09-16
I992281,666,9.095884435E7,2025-09-18
I992282,1778,1.7747889598E8,2025-10-09
I992283,1358,8.717698164E7,2025-10-17
I992284,1947,1.769704796E8,2025-10-14
I992285,406,5672315.56,2025-09-04
I992286,745,5.238612585E7,2025-09-25
I992287,57,2308616.15,2025-10-12
I992288,595,413089.59,2025-10-17
I992289,170,6648648.47,2025-09-02
I992290,1490,1.6294384748E8,2025-09-05
I992291,1765,1.4230124796E8,2025-09-05
I992292,1181,6.394490961E7,2025-09-01
I992293,344,7494004.28,2025-10-28
I992294,1960,2.4548074558E8,2025-10-14
I992295,1136,2335612.6,2025-09-09
I992296,1346,1.3451325883E8,2025-09-19
I992297,163,1.39982285E7,2025-09-22
I992298,1081,1.3272467859E8,2025-10-23
I992299,238,2.912605752E7,2025-09-26
I992300,518,4.350070234E7,2025-10-13
I992301,1900,2.777145742E8,2025-09-12
I992302,940,2.513535587E7,2025-09-08
I992303,1461,3380281.06,2025-09-07
I992304,1639,3.605688237E7,2025-10-16
I992305,347,2.431435195E7,2025-10-16
I992306,655,4.640258093E7,2025-09-24
I992307,1128,1.2024507618E8,2025-10-12
I992308,954,1.08214711E8,2025-10-18
I992309,809,1.0620621738E8,2025-09-01
I992310,681,1.328691826E7,2025-10-19
I992311,176,2.106590922E7,2025-09-18
I992312,1514,4.06638144E7,2025-09-30
I992313,278,2.32326451E7,2025-09-15
I992314,847,1.137554946E8,2025-10-31
I992315,1169,1.0896963646E8,2025-09-26
I992316,1284,7.516898291E7,2025-10-13
I992317,482,6.543139068E7,2025-10-12
I992318,1197,1.444588167E7,2025-10-08
I992319,485,6.223934205E7,2025-10-06
I992320,1040,2.091599319E7,2025-09-11
I992321,436,4.00847758E7,2025-09-09
I992322,542,1.415314101E7,2025-10-14
I992323,1595,1.5646085148E8,2025-10-03
I992324,759,1.0952788177E8,2025-09-11
I992325,494,5.627729057E7,2025-09-22
I992326,1125,1.1200105341E8,2025-10-28
I992327,1468,1.2189167753E8,2025-10-17
I992328,1520,1.1902024067E8,2025-09-28
I992329,1684,2.5091070339E8,2025-09-19
I992330,851,1.8566962E7,2025-10-19
I992331,1918,1.0516422721E8,2025-10-31
I992332,73,7306744.6,2025-10-18
I992333,1484,1.1922793204E8,2025-10-26
I992334,404,7344706.05,2025-09-30
I992335,1551,1.6567437411E8,2025-09-16
I992336,527,1.068640112E7,2025-10-27
I992337,450,6.456151918E7,2025-09-17
I992338,104,8373767.74,2025-09-13
I992339,1413,1.5358014355E8,2025-10-06
I992340,253,2.148242019E7,2025-10-18
I992341,1741,1.9062902598E8,2025-10-27
I992342,188,1.86522588E7,2025-10-26
I992343,983,1.4610573713E8,2025-10-28
I992344,2000,2.398484087E8,2025-09-11
I992345,709,5.520778215E7,2025-10-23
I992346,681,9.210392675E7,2025-10-12
I992347,341,7247771.56,2025-09-18
I992348,254,6121126.0,2025-09-11
I992349,1613,1.119500084E8,2025-10-20
I992350,142,1.548530594E7,2025-10-17
I992351,1070,1.985668486E7,2025-09-28
I992352,1999,1.7276754197E8,2025-09-04
I992353,652,4.84004238E7,2025-10-17
I992354,1748,1.9095835073E8,2025-10-31
I992355,1342,1.7767628457E8,2025-09-25
I992356,618,3.500975339E7,2025-10-18
I992357,276,1965369.18,2025-10-17
I992358,134,1.679764444E7,2025-09-03
I992359,1675,1.8121223917E8,2025-10-23
I992360,99,1934831.1,2025-10-20
I992361,294,6747815.34,2025-10-26
I992362,795,3.386295732E7,2025-10-10
I992363,1600,1.2149333835E8,2025-10-28
I992364,1468,1.6779878392E8,2025-09-18
I992365,1461,1.1227486062E8,2025-09-17
I992366,1650,1.5543069669E8,2025-09-15
I992367,1163,2.088593556E7,2025-10-18
I992368,1648,2.3049321464E8,2025-09-19
I992369,1519,2.03654973E7,2025-10-23
I992370,289,3.532448922E7,2025-10-30
I992371,290,1.297056825E7,2025-09-14
I992372,965,9.019604022E7,2025-09-25
I992373,371,2.349392479E7,2025-09-16
I992374,1106,1.4468555431E8,2025-09-22
I992375,1144,7.828709612E7,2025-09-26
I992376,1241,3.363223646E7,2025-10-16
I992377,1074,6.154771533E7,2025-10-05
I992378,462,1.345212556E7,2025-09-01
I992379,1713,1.1173814409E8,2025-10-17
I992380,275,1.502583538E7,2025-09-10
I992381,1629,2.196372356E7,2025-10-27
I992382,461,6.241924624E7,2025-10-04
I992383,115,1.129792655E7,2025-10-09
I992384,1893,1.1789916632E8,2025-09-12
I992385,1025,2.767531661E7,2025-10-11
I992386,242,5768443.21,2025-09-19
I992387,1580,5.651157217E7,2025-10-22
I992388,1402,9.109370659E7,2025-10-08
I992389,505,2.384968388E7,2025-09-11
I992390,331,5532275.82,2025-10-22
I992391,67,4672443.36,2025-09-09
I992392,989,4.34926428E7,2025-09-14
I992393,1929,7.737875026E7,2025-10-04
I992394,133,6208737.31,2025-09-16
I992395,60,477417.78,2025-09-02
I992396,826,2.654745679E7,2025-09-05
I992397,557,3.409946726E7,2025-09-14
I992398,91,1.151780528E7,2025-10-14
I992399,392,3.188177198E7,2025-09-13
I992400,1262,4.202648238E7,2025-09-15
I992401,956,9.855502602E7,2025-09-08
I992402,1966,8.423534727E7,2025-09-19
I992403,1586,1.7301791018E8,2025-09-07
I992404,1144,1.5716820038E8,2025-09-15
I992405,548,3.877487352E7,2025-09-05
I992406,1013,3.384430975E7,2025-09-08
I992407,1268,6.811994336E7,2025-10-04
I992408,831,1.0007785752E8,2025-09-29
I992409,1023,9.202440411E7,2025-09-27
I992410,1389,2.886947796E7,2025-10-02
I992411,439,4.203794886E7,2025-10-06
I992412,1329,4.330909696E7,2025-09-21
I992413,1249,6.902239624E7,2025-10-07
I992414,1683,1.2858057715E8,2025-09-17
I992415,1377,1.1061940943E8,2025-09-23
I992416,1562,6.86710863E7,2025-10-12
I992417,1634,8.718153789E7,2025-10-25
I992418,260,3.048028991E7,2025-09-27
I992419,1438,1.8910986234E8,2025-10-05
I992420,1371,2.570130263E7,2025-10-04
I992421,1328,1.6257493839E8,2025-09-21
I992422,1862,9.7628558E7,2025-09-07
I992423,1428,1.2204029097E8,2025-09-18
I992424,1154,886650.71,2025-09-23
I992425,1042,1.895249383E7,2025-10-16
I992426,767,3.045726786E7,2025-10-30
I992427,1933,4.385982125E7,2025-10-23
I992428,1225,6.343495238E7,2025-09-13
I992429,373,8587111.55,2025-09-30
I992430,1524,2.0363053094E8,2025-10-24
I992431,729,8.978655817E7,2025-10-20
I992432,1316,1.3628976723E8,2025-09-14
I992433,1043,1.4144526426E8,2025-10-25
I992434,1857,2.1696955294E8,2025-09-15
I992435,1561,1.87844943E8,2025-09-05
I992436,1094,3.506808571E7,2025-10-10
I992437,179,3575782.64,2025-10-19
I992438,1722,7.555946482E7,2025-09-09
I992439,412,3.461695373E7,2025-09-07
I992440,300,3355894.4,2025-09-28
I992441,563,6.670383294E7,2025-10-15
I992442,702,1199644.07,2025-10-22
I992443,1110,1.246598912E8,2025-09-29
I992444,113,1.204646984E7,2025-09-17
I992445,1397,1.8157824679E8,2025-10-18
I992446,1478,4.038252699E7,2025-10-14
I992447,1518,6.228300709E7,2025-09-05
I992448,1021,1.0238641159E8,2025-10-23
I992449,971,2.654700723E7,2025-10-19
I992450,133,9313422.23,2025-09-29
I992451,369,1.02533495E7,2025-09-18
I992452,1049,1.326412787E7,2025-09-13
I992453,429,1484420.86,2025-10-15
I992454,1843,3.704117221E7,2025-10-26
I992455,1714,2.3500072593E8,2025-10-04
I992456,1809,1.5073767869E8,2025-09-13
I992457,421,3.345651011E7,2025-09-19
I992458,1569,1.1797156173E8,2025-10-02
I992459,1721,1.6399096771E8,2025-09-05
I992460,1084,1.3292969601E8,2025-09-18
I992461,1939,1.4269735359E8,2025-10-28
I992462,1397,8.185817782E7,2025-10-29
I992463,1817,1.0527743869E8,2025-10-05
I992464,1768,2.487824933E7,2025-09-09
I992465,1181,7.016146087E7,2025-09-29
I992466,678,6121528.2,2025-10-20
I992467,1538,1.6460822553E8,2025-10-27
I992468,1076,1.5007282484E8,2025-10-04
I992469,1613,1.4376587626E8,2025-10-26
I992470,1674,1.0404521413E8,2025-09-19
I992471,1478,2.0398006579E8,2025-09-12
I992472,1378,1.9938276459E8,2025-10-03
I992473,1220,2.618827151E7,2025-10-03
I992474,1347,1.3347877225E8,2025-10-30
I992475,1893,2.6783140833E8,2025-09-19
I992476,207,2.31561759E7,2025-09-10
I992477,1951,6.997207996E7,2025-09-19
I992478,1173,8.472282646E7,2025-10-16
I992479,402,2.617605098E7,2025-09-14
I992480,882,3.010068547E7,2025-09-09
I992481,1219,1.4784420512E8,2025-10-09
I992482,926,1.3714028934E8,2025-09-10
I992483,1837,6247797.8,2025-09-10
I992484,1697,1.580715421E7,2025-10-24
I992485,946,4.559160161E7,2025-10-13
I992486,1639,2.753371751E7,2025-09-04
I992487,556,8.038215691E7,2025-10-10
I992488,1014,9.271179339E7,2025-10-11
I992489,458,3.942251823E7,2025-10-31
I992490,1303,782468.38,2025-09-15
I992491,1902,4.193821517E7,2025-09-09
I992492,973,1.0751110875E8,2025-10-09
I992493,311,2.830672822E7,2025-09-06
I992494,1281,1.6555363732E8,2025-09-26
I992495,800,1.0105248471E8,2025-10-15
I992496,408,4.548379341E7,2025-10-09
I992497,586,8.350263301E7,2025-10-27
I992498,1452,1.1855419852E8,2025-09-12
I992499,445,2.441486463E7,2025-09-01
I992500,1318,7.531900234E7,2025-10-02
I992501,1078,8.408995954E7,2025-10-16
I992502,615,2.790706159E7,2025-10-18
I992503,739,1.0670996436E8,2025-10-21
I992504,1293,1.0576228278E8,2025-10-06
I992505,1793,2.6773779354E8,2025-10-08
I992506,479,4.726703797E7,2025-10-08
I992507,366,4.329073833E7,2025-09-30
I992508,1536,1.5945442386E8,2025-09-05
I992509,277,2.386653656E7,2025-09-14
I992510,1823,9.055135949E7,2025-09-12
I992511,604,3.321046935E7,2025-09-18
I992512,1945,1.616469923E7,2025-09-16
I992513,154,2.292739675E7,2025-10-18
I992514,1736,5.604893749E7,2025-10-10
I992515,1829,2.033940897E7,2025-09-08
I992516,1409,2.520846491E7,2025-09-27
I992517,246,1.595360058E7,2025-09-09
I992518,1946,2.615357211E7,2025-09-22
I992519,1607,2.2708287118E8,2025-09-23
I992520,393,2.150403429E7,2025-10-27
I992521,1090,1.565145906E8,2025-09-02
I992522,963,7.471545838E7,2025-09-08
I992523,997,1.0833717372E8,2025-09-04
I992524,956,4601909.33,2025-09-21
I992525,979,9.553309447E7,2025-10-13
I992526,1287,1.3426440991E8,2025-10-25
I992527,1551,1.9994354237E8,2025-10-11
I992528,1410,7.628244301E7,2025-10-27
I992529,1668,1.7037130989E8,2025-09-11
I992530,1072,8.586855396E7,2025-10-02
I992531,209,2.678722054E7,2025-10-03
I992532,1277,7.947035515E7,2025-09-20
I992533,1669,5.459541648E7,2025-10-16
I992534,867,5.451857943E7,2025-10-16
I992535,637,8.021469046E7,2025-10-23
I992536,1145,1.290314999E7,2025-09-01
I992537,1802,2.0494815684E8,2025-09-23
I992538,537,7.66924262E7,2025-09-03
I992539,993,1.0489293123E8,2025-09-26
I992540,1562,5.70750834E7,2025-10-06
I992541,1736,3.627180521E7,2025-10-22
I992542,1591,1.831731838E8,2025-10-20
I992543,211,1.9481404E7,2025-09-01
I992544,250,2.066698513E7,2025-09-24
I992545,681,6.956527836E7,2025-10-24
I992546,677,5.323409973E7,2025-10-15
I992547,1784,8.547930671E7,2025-10-26
I992548,1334,7.983739476E7,2025-10-15
I992549,865,1.1356828213E8,2025-09-12
I992550,1985,5.391570356E7,2025-10-04
I992551,892,1.3194354678E8,2025-09-27
I992552,1462,1.709080156E8,2025-09-10
I992553,240,1.106576476E7,2025-10-17
I992554,1940,1.9586228248E8,2025-09-26
I992555,499,4.175168224E7,2025-09-07
I992556,508,3.689921216E7,2025-10-27
I992557,854,1305113.47,2025-10-30
I992558,914,4.353418223E7,2025-10-12
I992559,1643,1.302184173E7,2025-10-24
I992560,911,1.71658909E7,2025-10-21
I992561,1614,2.0975434776E8,2025-09-14
I992562,991,4.751866356E7,2025-09-16
I992563,1659,1.3336985257E8,2025-09-25
I992564,1698,1.4363655094E8,2025-10-06
I992565,1049,8.154369525E7,2025-10-08
I992566,1165,7089095.03,2025-10-26
I992567,1144,1756791.83,2025-10-01
I992568,138,7715635.24,2025-09-17
I992569,1982,2.3222006237E8,2025-09-23
I992570,1428,1.4566185643E8,2025-10-09
I992571,334,6310801.34,2025-09-02
I992572,1792,6.994206513E7,2025-10-20
I992573,1804,3.384204253E7,2025-10-14
I992574,241,1.289835398E7,2025-09-06
I992575,1146,1.3555100887E8,2025-09-24
I992576,1782,1.6948379985E8,2025-09-04
I992577,498,3.361779537E7,2025-10-13
I992578,1589,6.203709185E7,2025-09-20
I992579,1861,5426911.72,2025-10-05
I992580,945,2.063406646E7,2025-09-23
I992581,989,3.791591742E7,2025-10-16
I992582,1319,4403423.94,2025-10-06
I992583,1148,2.338525111E7,2025-10-03
I992584,1276,1.6411011212E8,2025-10-03
I992585,1902,1.9062859498E8,2025-09-21
I992586,840,9.893470428E7,2025-09-30
I992587,170,1.615814854E7,2025-10-09
I992588,1937,2.5394709296E8,2025-09-22
I992589,1326,1.639501345E8,2025-10-27
I992590,401,1.04340775E7,2025-10-11
I992591,1296,1.3908444231E8,2025-10-18
I992592,1368,7.717783919E7,2025-09-09
I992593,1181,1.0360545399E8,2025-10-15
I992594,267,3.540181168E7,2025-10-20
I992595,69,3525241.51,2025-09-19
I992596,463,7960587.57,2025-10-19
I992597,617,3.799156227E7,2025-10-06
I992598,1139,8.195322016E7,2025-09-15
I992599,1474,7.987123445E7,2025-10-29
I992600,1573,1.6064814368E8,2025-10-19
I992601,658,4.903616475E7,2025-09-26
I992602,1635,1.151062801E8,2025-09-18
I992603,1792,2.2227716281E8,2025-10-24
I992604,1765,1.2431832764E8,2025-10-23
I992605,263,2.709256771E7,2025-09-19
I992606,1833,3.13600847E7,2025-10-01
I992607,747,4.333177349E7,2025-10-20
I992608,370,3.60995194E7,2025-10-18
I992609,336,1910297.22,2025-10-24
I992610,1110,7.150234403E7,2025-09-14
I992611,1114,1.524028754E7,2025-09-05
I992612,694,5.467101536E7,2025-10-24
I992613,584,5.374358942E7,2025-10-04
I992614,868,5.514498996E7,2025-10-07
I992615,967,1.2545094155E8,2025-09-03
I992616,1871,2.0243377824E8,2025-09-01
I992617,1244,1.0886620621E8,2025-10-22
I992618,1956,2.3492072924E8,2025-09-10
I992619,349,1.312057105E7,2025-09-08
I992620,1296,5.614486848E7,2025-10-09
I992621,527,6.470182138E7,2025-10-29
I992622,1619,1.7932981548E8,2025-09-22
I992623,757,8591947.76,2025-09-27
I992624,1257,1.84021021E7,2025-09-25
I992625,470,6171594.63,2025-10-31
I992626,378,3.911366749E7,2025-09-14
I992627,98,1.278214303E7,2025-09-04
I992628,1753,1.7190459945E8,2025-10-20
I992629,1023,1.3535980087E8,2025-10-17
I992630,1484,1.4605582638E8,2025-10-24
I992631,265,2.030775185E7,2025-09-15
I992632,748,5.759568095E7,2025-09-04
I992633,1450,1.5488558663E8,2025-10-09
I992634,246,1.646019187E7,2025-10-16
I992635,1182,1.2019613701E8,2025-09-22
I992636,1679,1.563587291E7,2025-10-05
I992637,1103,2.57094199E7,2025-09-21
I992638,1275,1.7798754217E8,2025-10-25
I992639,392,805453.4,2025-10-16
I992640,621,2.186741426E7,2025-09-16
I992641,188,2787935.24,2025-09-14
I992642,393,5.85129222E7,2025-09-04
I992643,827,7.281822373E7,2025-10-30
I992644,1908,3.238585383E7,2025-09-22
I992645,197,2.363624168E7,2025-09-08
I992646,902,1.205286066E8,2025-09-29
I992647,904,5.018315967E7,2025-09-07
I992648,1649,8.828751734E7,2025-10-23
I992649,917,4.506107083E7,2025-10-29
I992650,1113,1.2841223679E8,2025-09-10
I992651,618,9.157632552E7,2025-10-26
I992652,1083,9.614691136E7,2025-10-17
I992653,478,3.1621316E7,2025-09-26
I992654,472,7.072949049E7,2025-09-09
I992655,1046,9.994600043E7,2025-09-04
I992656,1697,3.926166812E7,2025-09-16
I992657,1483,1.9296896296E8,2025-09-24
I992658,841,1423783.79,2025-10-26
I992659,1527,2.1217550754E8,2025-09-29
I992660,425,1.260845001E7,2025-10-07
I992661,331,7956592.47,2025-09-13
I992662,1107,1.2029075952E8,2025-09-24
I992663,74,3719507.6,2025-10-29
I992664,155,1.500045717E7,2025-10-15
I992665,722,1.056673486E7,2025-10-27
I992666,1317,1.104521587E8,2025-10-14
I992667,164,1.608731013E7,2025-09-21
I992668,722,5.773960401E7,2025-09-26
I992669,577,8.116958106E7,2025-09-05
I992670,425,4.520683836E7,2025-09-06
I992671,760,1.1059527537E8,2025-10-11
I992672,403,5.995791651E7,2025-09-01
I992673,1031,8.126411161E7,2025-10-12
I992674,1097,2.656861069E7,2025-09-13
I992675,103,9118169.2,2025-10-23
I992676,429,5797377.09,2025-09-07
I992677,277,3.618695353E7,2025-09-24
I992678,1877,1.0775945617E8,2025-09-23
I992679,1871,2.7540879514E8,2025-10-15
I992680,1244,7.817867416E7,2025-09-06
I992681,1625,6.80104374E7,2025-09-01
I992682,1783,5.678466768E7,2025-09-09
I992683,1284,4.896032053E7,2025-09-28
I992684,159,7809427.97,2025-09-21
I992685,248,7789424.04,2025-10-18
I992686,381,2.070010208E7,2025-09-10
I992687,104,1.212906302E7,2025-10-30
I992688,622,4.229374723E7,2025-09-26
I992689,274,758093.4,2025-09-19
I992690,1451,1.6105254605E8,2025-09-05
I992691,1977,2.657399425E7,2025-09-13
I992692,988,1.0325273889E8,2025-10-02
I992693,1828,3.327902772E7,2025-10-07
I992694,1087,3.481176002E7,2025-10-15
I992695,360,4.88616596E7,2025-10-26
I992696,1322,3.878105777E7,2025-10-31
I992697,177,2.266037792E7,2025-09-08
I992698,1999,2.9415746439E8,2025-09-04
I992699,1135,1.5791979412E8,2025-09-09
I992700,1031,8.734973522E7,2025-09-01
I992701,1204,1.171179037E7,2025-10-16
I992702,1516,1.7790088227E8,2025-10-11
I992703,1925,1.8517883333E8,2025-09-08
I992704,1617,5.91354016E7,2025-09-01
I992705,399,3856448.95,2025-10-11
I992706,555,731381.08,2025-09-02
I992707,1326,3.906131631E7,2025-10-31
I992708,872,2.872841789E7,2025-10-04
I992709,1561,2.2532436972E8,2025-10-04
I992710,1215,1.496029035E8,2025-09-27
I992711,621,8.340532624E7,2025-09-13
I992712,822,2.381811892E7,2025-09-07
I992713,1448,7.059018699E7,2025-10-18
I992714,804,8.972963298E7,2025-10-03
I992715,1583,7575127.72,2025-09-14
I992716,548,3486940.66,2025-09-01
I992717,1795,2.5993364322E8,2025-10-18
I992718,753,1.0491044012E8,2025-09-27
I992719,1039,6.3914767E7,2025-09-22
I992720,1671,8.803030427E7,2025-10-04
I992721,1023,9.262131955E7,2025-09-22
I992722,651,5.552043571E7,2025-10-07
I992723,221,1.741907943E7,2025-09-02
I992724,1274,9.756964015E7,2025-09-30
I992725,120,412359.91,2025-09-12
I992726,1493,1.5291097376E8,2025-10-12
I992727,950,4.462310805E7,2025-10-27
I992728,1496,7.110329752E7,2025-09-20
I992729,222,4141683.95,2025-09-29
I992730,596,4.833688863E7,2025-10-08
I992731,170,2.460305719E7,2025-10-15
I992732,968,2.519452991E7,2025-09-15
I992733,1714,2.3915589899E8,2025-09-03
I992734,354,4.198659054E7,2025-10-30
I992735,1574,1.834614454E7,2025-09-03
I992736,81,5961034.9,2025-09-27
I992737,747,1.0124141709E8,2025-09-22
I992738,1531,1.9952197623E8,2025-09-23
I992739,1113,6039559.94,2025-10-31
I992740,641,1.942558496E7,2025-09-06
I992741,848,2.327840492E7,2025-09-08
I992742,1773,1.6327516053E8,2025-09-24
I992743,678,9.388235369E7,2025-10-18
I992744,552,6.9821873E7,2025-10-09
I992745,724,6.283130706E7,2025-10-30
I992746,611,6.739696662E7,2025-09-10
I992747,954,5.039923822E7,2025-10-14
I992748,102,4741305.98,2025-09-22
I992749,139,1.118168131E7,2025-10-12
I992750,1283,2.734854308E7,2025-09-02
I992751,1448,5.418421087E7,2025-09-21
I992752,1586,2.040126093E8,2025-09-10
I992753,418,5.420240705E7,2025-09-30
I992754,82,9910442.55,2025-10-05
I992755,1965,2.609997341E7,2025-10-06
I992756,293,3.782747404E7,2025-09-22
I992757,887,4.686784526E7,2025-10-30
I992758,196,1.690221136E7,2025-09-11
I992759,472,5.715814385E7,2025-10-19
I992760,1996,1.7144116462E8,2025-09-30
I992761,827,9.693560574E7,2025-10-07
I992762,1202,8.825521194E7,2025-09-12
I992763,750,1.047044496E8,2025-09-15
I992764,658,1.71828068E7,2025-10-20
I992765,1159,1.744856118E7,2025-09-17
I992766,1227,8.413150529E7,2025-10-30
I992767,124,1.508067122E7,2025-09-30
I992768,186,1.877563602E7,2025-10-17
I992769,154,1.543645832E7,2025-09-17
I992770,258,3.817482684E7,2025-09-27
I992771,584,8.297607153E7,2025-09-01
I992772,1552,1.9355930833E8,2025-09-24
I992773,706,6.604448916E7,2025-10-05
I992774,1754,6.57865726E7,2025-10-31
I992775,285,1.93291799E7,2025-09-08
I992776,935,5.400496656E7,2025-09-15
I992777,1930,2.483583532E8,2025-10-15
I992778,1198,1.0181375614E8,2025-10-25
I992779,458,2.024172732E7,2025-10-12
I992780,1647,1.6337640587E8,2025-10-05
I992781,300,3581378.08,2025-10-17
I992782,1068,1.338419693E7,2025-09-24
I992783,301,3663663.77,2025-09-19
I992784,280,2.94710012E7,2025-10-26
I992785,1548,1.9946922824E8,2025-09-07
I992786,1747,1.6291467898E8,2025-10-22
I992787,80,9941375.3,2025-10-09
I992788,634,3.463828134E7,2025-10-04
I992789,586,6936955.41,2025-09-21
I992790,1241,1.3017104038E8,2025-09-30
I992791,267,1.620849253E7,2025-09-16
I992792,881,2.82277489E7,2025-09-01
I992793,987,1.3465646806E8,2025-10-10
I992794,77,3373741.03,2025-09-24
I992795,1397,1.9345441888E8,2025-10-28
I992796,1457,2.1312873963E8,2025-10-09
I992797,1433,2.0964683812E8,2025-09-07
I992798,583,2730640.8,2025-09-22
I992799,243,1.399487198E7,2025-10-18
I992800,372,1.421921525E7,2025-10-08
I992801,922,1.680307428E7,2025-10-31
I992802,1809,2.5158884149E8,2025-09-19
I992803,1717,1.4834028293E8,2025-10-11
I992804,1747,4.843872383E7,2025-09-03
I992805,454,3.134491456E7,2025-10-02
I992806,1374,1.5780285477E8,2025-10-01
I992807,1398,1.0351656552E8,2025-10-06
I992808,1149,9.425376309E7,2025-09-19
I992809,411,4.334824567E7,2025-10-26
I992810,1894,2.718324999E8,2025-10-20
I992811,1831,1.9425853321E8,2025-10-10
I992812,1268,4.572078447E7,2025-09-17
I992813,882,6109618.19,2025-10-26
I992814,275,1.301967079E7,2025-09-18
I992815,1220,9.383950623E7,2025-09-07
I992816,99,8451996.36,2025-09-13
I992817,1288,1.3062486569E8,2025-10-22
I992818,590,5.595951146E7,2025-10-29
I992819,188,3148705.93,2025-10-25
I992820,677,8377479.43,2025-10-06
I992821,543,3.905371163E7,2025-09-28
I992822,1612,8.38494088E7,2025-10-04
I992823,1901,2.150243313E7,2025-09-07
I992824,1707,2.2561294916E8,2025-09-05
I992825,739,1.358066659E7,2025-10-21
I992826,1103,1.3372303913E8,2025-09-01
I992827,217,1.155280093E7,2025-10-31
I992828,469,1.514852973E7,2025-10-14
I992829,994,3.456334868E7,2025-10-14
I992830,901,5.685921048E7,2025-10-23
I992831,557,1.118801511E7,2025-09-01
I992832,163,1.612983238E7,2025-10-22
I992833,850,9.982006695E7,2025-09-22
I992834,396,571463.51,2025-09-12
I992835,106,4619715.01,2025-10-25
I992836,938,1.2559096689E8,2025-10-01
I992837,908,1.1290229792E8,2025-09-12
I992838,1226,1.1262928006E8,2025-09-27
I992839,969,1.3796869458E8,2025-10-05
I992840,1865,1.8675134278E8,2025-09-06
I992841,598,7.800710117E7,2025-10-04
I992842,1832,1.7538282925E8,2025-09-03
I992843,880,2.443644625E7,2025-10-01
I992844,979,1.3090204851E8,2025-09-15
I992845,1761,9270468.31,2025-10-25
I992846,1064,5.367555494E7,2025-09-26
I992847,482,5.561702096E7,2025-10-31
I992848,1603,1.926403555E8,2025-09-13
I992849,1004,1.2880367065E8,2025-09-28
I992850,962,1.0395064485E8,2025-09-25
I992851,1675,8.358742487E7,2025-10-06
I992852,686,6.961352097E7,2025-09-12
I992853,1569,1.551479691E8,2025-09-17
I992854,1068,3.27009026E7,2025-10-03
I992855,781,3.740942216E7,2025-09-05
I992856,234,3481990.54,2025-09-19
I992857,1841,2.0182381908E8,2025-10-26
I992858,1121,1.6110672261E8,2025-10-23
I992859,1027,2.818516482E7,2025-10-27
I992860,1654,1.7074037911E8,2025-10-21
I992861,534,4.378915175E7,2025-09-30
I992862,1760,5.003143836E7,2025-09-06
I992863,1913,1.5123632409E8,2025-10-07
I992864,419,6.16909152E7,2025-10-08
I992865,1387,9.851189402E7,2025-09-17
I992866,1991,2.2244224004E8,2025-09-05
I992867,1859,6661602.54,2025-09-02
I992868,943,2.692970732E7,2025-09-11
I992869,1631,2.894557926E7,2025-09-08
I992870,597,6.489923673E7,2025-10-22
I992871,489,7.001985905E7,2025-09-27
I992872,1736,1.3423166972E8,2025-10-25
I992873,1094,1.4406943374E8,2025-09-21
I992874,528,5.204369783E7,2025-10-15
I992875,859,1.2097244863E8,2025-09-26
I992876,510,7.17312171E7,2025-09-29
I992877,720,8.149785993E7,2025-10-16
I992878,1635,6.267887977E7,2025-09-05
I992879,1801,2.0381463614E8,2025-10-20
I992880,1570,1.3942095751E8,2025-10-13
I992881,1125,3146455.39,2025-10-08
I992882,1719,1.3135105926E8,2025-09-07
I992883,211,514135.49,2025-09-04
I992884,553,5.306846505E7,2025-10-23
I992885,537,1.110685579E7,2025-10-23
I992886,431,5.662063417E7,2025-10-07
I992887,1753,2.5509212176E8,2025-10-11
I992888,802,5.523375681E7,2025-09-26
I992889,1922,1.5398303005E8,2025-09-28
I992890,1981,2.7078642591E8,2025-10-27
I992891,367,1795254.14,2025-10-16
I992892,1686,1.689478034E7,2025-09-27
I992893,1023,3.652076161E7,2025-10-01
I992894,1559,6803319.49,2025-10-05
I992895,211,1.287639825E7,2025-09-09
I992896,74,8685871.9,2025-10-21
I992897,1685,1.4572863005E8,2025-10-20
I992898,868,3.415600603E7,2025-10-22
I992899,1638,1.913745043E7,2025-10-21
I992900,1934,2.0379190293E8,2025-09-07
I992901,217,7801495.3,2025-10-21
I992902,483,1.088214071E7,2025-10-27
I992903,1836,3.292659426E7,2025-09-11
I992904,561,6.892013217E7,2025-09-15
I992905,1608,2.897336067E7,2025-09-02
I992906,111,8420351.23,2025-10-22
I992907,1542,4.156745285E7,2025-09-11
I992908,1890,1.3727203417E8,2025-09-23
I992909,175,8182456.05,2025-10-10
I992910,1542,5.587570877E7,2025-09-06
I992911,1247,1.5722563559E8,2025-09-21
I992912,454,8793473.37,2025-10-09
I992913,688,2.464315945E7,2025-10-16
I992914,922,3.950648671E7,2025-09-11
I992915,1764,4656919.23,2025-10-25
I992916,1163,1.056965303E8,2025-10-03
I992917,901,6.604764478E7,2025-09-21
I992918,1371,7.327177015E7,2025-09-03
I992919,390,5.206583093E7,2025-09-22
I992920,1744,6.528869905E7,2025-10-06
I992921,1034,2.121327033E7,2025-10-19
I992922,1406,4375317.0,2025-09-03
I992923,823,9.558026772E7,2025-10-04
I992924,1604,6.978332859E7,2025-09-07
I992925,1764,2.3236606558E8,2025-10-15
I992926,669,2.494318209E7,2025-10-17
I992927,1761,1.9692694749E8,2025-09-06
I992928,104,1.346474497E7,2025-10-29
I992929,1917,4.957698692E7,2025-09-26
I992930,948,4386530.97,2025-10-14
I992931,754,7.450324997E7,2025-09-18
I992932,1477,1.820679825E7,2025-10-01
I992933,350,3.912969213E7,2025-10-19
I992934,76,8195119.29,2025-09-15
I992935,596,4.687844988E7,2025-09-02
I992936,617,8.119881077E7,2025-10-21
I992937,1791,2.6715945186E8,2025-09-19
I992938,728,9380841.06,2025-10-23
I992939,1656,1.7366336664E8,2025-09-02
I992940,1129,4.832136894E7,2025-10-20
I992941,650,5.658079156E7,2025-10-04
I992942,966,2.237571925E7,2025-10-13
I992943,1828,1.7325445721E8,2025-09-25
I992944,924,5.950421478E7,2025-09-17
I992945,847,1.2058347393E8,2025-09-25
I992946,91,3098313.63,2025-09-01
I992947,1783,1.5962683724E8,2025-09-20
I992948,1117,1.6720735234E8,2025-09-06
I992949,1268,1.1833802085E8,2025-10-13
I992950,836,8.711283658E7,2025-09-02
I992951,251,5250020.34,2025-09-25
I992952,236,734888.33,2025-09-25
I992953,171,1081679.14,2025-09-23
I992954,1263,4.116703781E7,2025-10-12
I992955,928,5.973256144E7,2025-10-31
I992956,1651,1.697465301E8,2025-10-13
I992957,434,1.604325855E7,2025-09-04
I992958,1930,1.1694456909E8,2025-10-24
I992959,1680,1.0287711925E8,2025-09-09
I992960,1679,1.0241946561E8,2025-09-07
I992961,952,3.208476142E7,2025-10-26
I992962,1067,6881335.71,2025-10-15
I992963,243,3.213511512E7,2025-10-11
I992964,1099,6.097964386E7,2025-09-26
I992965,1339,4.678295518E7,2025-09-29
I992966,548,4.01426489E7,2025-10-20
I992967,67,1905568.67,2025-09-23
I992968,420,4541782.76,2025-10-18
I992969,182,1.723232955E7,2025-09-13
I992970,1169,9093256.59,2025-10-15
I992971,1675,6.23661831E7,2025-09-06
I992972,1141,2.977818395E7,2025-09-17
I992973,1105,1.13319083E8,2025-09-11
I992974,1722,1459515.58,2025-10-12
I992975,281,3223791.21,2025-10-03
I992976,1416,2.104894977E8,2025-09-25
I992977,366,349014.0,2025-10-06
I992978,1104,5170422.1,2025-10-21
I992979,615,3014958.91,2025-09-28
I992980,419,4.381559329E7,2025-10-21
I992981,811,5.022992706E7,2025-09-30
I992982,1493,5.836900833E7,2025-10-23
I992983,1472,2.0603494317E8,2025-10-13
I992984,410,5.598735772E7,2025-10-28
I992985,1537,6.028707173E7,2025-10-23
I992986,953,9.461109211E7,2025-10-07
I992987,1470,1.6487971684E8,2025-09-10
I992988,123,1600823.4,2025-09-27
I992989,649,6.813787142E7,2025-09-03
I992990,1572,1.6263815312E8,2025-10-29
I992991,879,5.520430356E7,2025-09-20
I992992,1749,1.9751855245E8,2025-10-24
I992993,331,4.028854275E7,2025-09-12
I992994,891,2.721451624E7,2025-09-10
I992995,574,8957953.34,2025-09-20
I992996,1098,3.253977169E7,2025-10-16
I992997,513,6.486568555E7,2025-09-13
I992998,698,9.944684051E7,2025-09-03
I992999,1630,2.0073954949E8,2025-10-26
I993000,492,4.361539777E7,2025-10-30
I993001,1030,8.422000316E7,2025-10-30
I993002,1190,1.7441397015E8,2025-10-23
I993003,1235,1.542706299E7,2025-10-07
I993004,1938,1.2537127055E8,2025-10-07
I993005,1184,6.502606896E7,2025-10-30
I993006,944,9873669.81,2025-10-18
I993007,871,1.1857080773E8,2025-10-11
I993008,612,4.520820133E7,2025-10-12
I993009,902,4.73866716E7,2025-09-27
I993010,975,1.007189748E7,2025-10-07
I993011,1672,1.675781135E8,2025-09-29
I993012,874,9.899913399E7,2025-09-24
I993013,761,6.212122764E7,2025-09-04
I993014,78,1369629.35,2025-10-21
I993015,430,4.05728435E7,2025-09-09
I993016,873,4.126497062E7,2025-09-18
I993017,1657,8.974748732E7,2025-10-06
I993018,1431,6.221189036E7,2025-10-10
I993019,1186,1.7073852103E8,2025-10-02
I993020,407,3.66758485E7,2025-09-03
I993021,634,3343401.53,2025-10-10
I993022,1202,1.4042639604E8,2025-10-21
I993023,1748,2.4631428551E8,2025-10-10
I993024,65,2960277.12,2025-09-13
I993025,1719,1.9529636318E8,2025-09-16
I993026,1263,1.8490253328E8,2025-10-14
I993027,410,1.803895437E7,2025-10-06
I993028,2000,3.834649542E7,2025-10-05
I993029,1740,2.2737446518E8,2025-09-14
I993030,1246,2.864875372E7,2025-09-15
I993031,907,1.094273741E7,2025-10-13
I993032,1066,1.0737952979E8,2025-10-11
I993033,159,7937686.61,2025-10-31
I993034,238,9217056.78,2025-09-25
I993035,1723,1.6580139759E8,2025-09-08
I993036,1654,1.0828951845E8,2025-09-17
I993037,946,6.079352649E7,2025-09-30
I993038,1727,2.2079237752E8,2025-09-26
I993039,67,1713150.66,2025-09-14
I993040,522,2.95217129E7,2025-10-24
I993041,1757,2.130157907E8,2025-09-27
I993042,1276,2.201883569E7,2025-09-04
I993043,407,1.627827097E7,2025-09-15
I993044,538,2.447790534E7,2025-10-14
I993045,1690,1.4254490263E8,2025-09-14
I993046,1933,3.385385248E7,2025-10-03
I993047,559,3.900739191E7,2025-09-07
I993048,422,5.508058035E7,2025-10-18
I993049,1004,1.0756929886E8,2025-09-16
I993050,1748,2.5047871852E8,2025-10-04
I993051,1027,6.968943357E7,2025-10-29
I993052,1301,1.2140586839E8,2025-09-10
I993053,92,5567019.98,2025-10-26
I993054,1324,1.2445528891E8,2025-10-11
I993055,638,5.982560545E7,2025-09-26
I993056,1907,2.4746999393E8,2025-10-07
I993057,1286,2972182.42,2025-09-01
I993058,418,5.28011599E7,2025-09-30
I993059,571,3.844303822E7,2025-09-28
I993060,769,1.1237194914E8,2025-10-24
I993061,1841,6.979996091E7,2025-09-03
I993062,1141,1.1683581523E8,2025-09-24
I993063,1525,1.2910014876E8,2025-10-28
I993064,308,1273422.66,2025-10-13
I993065,812,9.617564827E7,2025-10-07
I993066,1200,6649510.42,2025-10-05
I993067,818,2.70853758E7,2025-10-12
I993068,1259,1.5673904357E8,2025-09-10
I993069,448,2.550705235E7,2025-10-17
I993070,154,4158453.66,2025-09-26
I993071,1334,2.908250221E7,2025-09-13
I993072,1877,5.343834055E7,2025-09-08
I993073,1011,8.87923018E7,2025-10-20
I993074,629,8.955557445E7,2025-09-13
I993075,527,7.598493742E7,2025-09-11
I993076,1427,7.354487916E7,2025-10-11
I993077,1282,1.3544615714E8,2025-09-26
I993078,827,9.279048468E7,2025-10-20
I993079,709,1.314718053E7,2025-09-18
I993080,1582,1.7594579593E8,2025-10-01
I993081,1022,9.699193418E7,2025-10-13
I993082,1862,6197888.34,2025-10-19
I993083,1997,1.799576179E7,2025-10-05
I993084,1414,1.5297084814E8,2025-09-28
I993085,1728,4.647339496E7,2025-09-29
I993086,816,4.10857631E7,2025-10-30
I993087,550,1.367837016E7,2025-10-05
I993088,757,2.056987223E7,2025-09-20
I993089,762,1.0779028588E8,2025-09-09
I993090,1829,2704994.31,2025-10-23
I993091,1164,1.2202358169E8,2025-10-19
I993092,1015,3.246693499E7,2025-10-24
I993093,819,5.71426655E7,2025-10-17
I993094,963,2.640243839E7,2025-09-02
I993095,530,2.828724241E7,2025-09-05
I993096,168,8732982.03,2025-10-10
I993097,89,3332654.37,2025-10-04
I993098,1775,2.0028362934E8,2025-09-08
I993099,1040,6.403265132E7,2025-10-06
I993100,1601,1.001767021E8,2025-09-25
I993101,1436,1.6366240813E8,2025-10-01
I993102,1905,2.620549566E7,2025-09-09
I993103,1647,2.3730103465E8,2025-10-22
I993104,893,8.354867837E7,2025-09-15
I993105,1691,6.44355341E7,2025-10-30
I993106,838,1.242065428E7,2025-09-13
I993107,1993,1.7175892503E8,2025-10-28
I993108,1656,1.2206898813E8,2025-09-29
I993109,1832,1.3158016858E8,2025-10-25
I993110,1269,4.644409991E7,2025-10-07
I993111,774,4.106451784E7,2025-09-20
I993112,1575,1.0105723895E8,2025-10-13
I993113,516,7.071416782E7,2025-10-20
I993114,630,4.714483426E7,2025-09-20
I993115,219,3.013837262E7,2025-09-26
I993116,431,7716898.49,2025-09-12
I993117,551,8.019021262E7,2025-10-08
I993118,1507,1.7161109577E8,2025-09-03
I993119,837,4.457288629E7,2025-09-08
I993120,1899,2.0526389614E8,2025-10-14
I993121,541,5.946605181E7,2025-09-08
I993122,745,6.89427668E7,2025-09-17
I993123,1701,1.441770282E7,2025-09-02
I993124,1158,4.696910245E7,2025-09-15
I993125,164,1.244720596E7,2025-10-06
I993126,1650,2.008387292E7,2025-10-26
I993127,1509,5093806.52,2025-09-29
I993128,949,1.1789891969E8,2025-09-30
I993129,498,2.276274321E7,2025-10-12
I993130,607,7.172379829E7,2025-09-04
I993131,854,8.168020354E7,2025-09-11
I993132,1631,2.0729638948E8,2025-10-21
I993133,128,7302814.64,2025-09-02
I993134,764,1.0918966916E8,2025-10-20
I993135,731,5.333493942E7,2025-09-13
I993136,1364,1.2629264643E8,2025-09-21
I993137,1060,6.345253151E7,2025-10-21
I993138,1515,5.511807292E7,2025-09-14
I993139,1206,9.13833906E7,2025-10-02
I993140,51,5399879.77,2025-10-21
I993141,625,7.53595541E7,2025-10-31
I993142,450,3.203962053E7,2025-09-10
I993143,216,9011791.44,2025-10-15
I993144,1610,1.8013698363E8,2025-09-20
I993145,1260,1.4460018937E8,2025-10-02
I993146,694,2.945657219E7,2025-09-20
I993147,1162,2749434.63,2025-09-27
I993148,1016,1.2785484484E8,2025-09-27
I993149,764,8.301123236E7,2025-10-23
I993150,1522,2.2148641307E8,2025-09-13
I993151,1561,1.879906396E7,2025-09-25
I993152,1671,9.080509233E7,2025-10-01
I993153,1410,1.9975048106E8,2025-10-11
I993154,1041,7.362047165E7,2025-09-10
I993155,492,3.639247873E7,2025-10-24
I993156,1716,1273135.86,2025-09-29
I993157,288,4.056149976E7,2025-09-08
I993158,1141,8.604908859E7,2025-10-24
I993159,877,8.754308869E7,2025-09-07
I993160,1558,1.7295276377E8,2025-09-11
I993161,803,3.484102723E7,2025-09-02
I993162,1071,1.2118740118E8,2025-10-11
I993163,1139,7908807.6,2025-10-21
I993164,1774,5.715130977E7,2025-10-10
I993165,524,4875674.36,2025-10-28
I993166,1043,1.0489583465E8,2025-10-02
I993167,170,1.836070634E7,2025-09-27
I993168,1991,6.226839952E7,2025-09-30
I993169,1802,7565016.13,2025-09-01
I993170,215,2.584192848E7,2025-09-30
I993171,783,3.3598475E7,2025-10-22
I993172,836,9715259.82,2025-10-21
I993173,199,2.301714524E7,2025-09-18
I993174,1668,2.248892613E7,2025-10-10
I993175,1469,1.1684778743E8,2025-09-24
I993176,1151,7.044985821E7,2025-09-03
I993177,626,7.462202558E7,2025-09-23
I993178,464,2112522.73,2025-09-23
I993179,1993,1.6925032238E8,2025-10-10
I993180,694,5.165782132E7,2025-09-08
I993181,1086,1.1048173744E8,2025-10-12
I993182,157,2.342697443E7,2025-09-07
I993183,1383,1.3269099351E8,2025-10-15
I993184,211,3.005162112E7,2025-10-25
I993185,1651,2.4471686245E8,2025-09-11
I993186,873,2.779449069E7,2025-09-01
I993187,686,1.005066943E8,2025-10-19
I993188,1179,1.3046975897E8,2025-09-12
I993189,111,8457926.85,2025-10-16
I993190,1652,2.2772883691E8,2025-09-14
I993191,1285,1.8805007594E8,2025-10-21
I993192,676,6.122429494E7,2025-09-11
I993193,1357,1.4854663E7,2025-09-24
I993194,726,2.697169332E7,2025-10-17
I993195,789,2.36897698E7,2025-09-13
I993196,66,2909566.97,2025-09-12
I993197,1047,4.566911686E7,2025-10-16
I993198,499,6.182212869E7,2025-10-10
I993199,1535,1.2176587254E8,2025-09-01
I993200,777,4.720253699E7,2025-10-17
I993201,1510,2.1984258227E8,2025-09-06
I993202,1605,6.621140497E7,2025-09-05
I993203,1809,1.6960365473E8,2025-09-24
I993204,1964,1599016.29,2025-09-10
I993205,1491,1.3636283471E8,2025-09-18
I993206,1874,5.758905852E7,2025-09-24
I993207,1482,3774998.36,2025-10-31
I993208,393,5.865090857E7,2025-09-05
I993209,287,1.799484159E7,2025-10-19
I993210,822,4.698737209E7,2025-10-29
I993211,1303,9.40516952E7,2025-10-02
I993212,562,2.533614038E7,2025-09-25
I993213,1806,1.1905041583E8,2025-09-25
I993214,1727,4.053090113E7,2025-10-12
I993215,320,4.482055469E7,2025-09-04
I993216,1035,1.5305497114E8,2025-09-23
I993217,1229,1.3205334062E8,2025-09-27
I993218,623,2.46065334E7,2025-10-16
I993219,990,7.05358406E7,2025-10-28
I993220,1652,1.4669620523E8,2025-10-11
I993221,1136,1.6516331567E8,2025-09-21
I993222,1079,9.480294748E7,2025-10-04
I993223,1073,1.1496278946E8,2025-10-08
I993224,200,2.317577918E7,2025-09-26
I993225,1053,7.23427168E7,2025-09-26
I993226,1169,1.7142648594E8,2025-10-17
I993227,565,2.177194921E7,2025-09-05
I993228,1647,1.609257555E8,2025-09-16
I993229,351,1.829130331E7,2025-09-18
I993230,765,1.103712821E8,2025-09-04
I993231,222,2.85375444E7,2025-09-27
I993232,500,3846909.66,2025-09-25
I993233,1573,7.835235649E7,2025-10-20
I993234,1835,1.5273222329E8,2025-10-13
I993235,1529,1.0875311225E8,2025-09-10
I993236,1159,1.2220281412E8,2025-10-14
I993237,767,2.515649454E7,2025-09-01
I993238,1660,4.892495915E7,2025-10-23
I993239,156,1.166549152E7,2025-10-08
I993240,1656,5.279292832E7,2025-10-07
I993241,142,3465901.71,2025-10-04
I993242,1603,1.7314940928E8,2025-09-27
I993243,1690,1.5386074819E8,2025-09-13
I993244,989,1.184827483E8,2025-09-17
I993245,1000,5106061.35,2025-10-05
I993246,1363,1.7468821805E8,2025-10-17
I993247,1954,1.015643057E8,2025-09-16
I993248,931,6.27681468E7,2025-10-15
I993249,1314,1.5469937481E8,2025-10-30
I993250,1085,1.875051886E7,2025-10-15
I993251,195,2.614227263E7,2025-10-26
I993252,1657,7.145653848E7,2025-10-31
I993253,1195,8.409334141E7,2025-09-04
I993254,497,3.888693022E7,2025-09-28
I993255,1732,1.6626439906E8,2025-10-01
I993256,874,3.431809807E7,2025-09-12
I993257,1774,2.941601613E7,2025-09-13
I993258,512,5.841456339E7,2025-10-12
I993259,122,6457044.93,2025-10-30
I993260,1436,9.840692363E7,2025-10-03
I993261,1286,6.433530707E7,2025-09-03
I993262,744,5.765588382E7,2025-10-29
I993263,1282,1.5098820844E8,2025-10-25
I993264,53,3322303.67,2025-10-31
I993265,1521,4.123927248E7,2025-09-04
I993266,1616,2.1881684054E8,2025-10-22
I993267,319,2.785854544E7,2025-09-29
I993268,684,7.372498578E7,2025-10-02
I993269,654,5.916054602E7,2025-10-31
I993270,1130,1.1852683012E8,2025-09-13
I993271,1046,1.193087981E7,2025-10-13
I993272,1072,3.531494587E7,2025-10-24
I993273,763,9.538631542E7,2025-09-11
I993274,956,7140373.09,2025-09-06
I993275,1408,5.54226621E7,2025-10-07
I993276,144,2.071138874E7,2025-09-06
I993277,1208,1.0427473336E8,2025-10-28
I993278,878,8.084405412E7,2025-10-09
I993279,663,4.366722308E7,2025-09-25
I993280,129,5998080.46,2025-10-21
I993281,411,2.885568859E7,2025-10-27
I993282,1006,9.51827408E7,2025-10-18
I993283,1628,2.077750806E8,2025-10-27
I993284,90,830777.62,2025-10-08
I993285,1354,1.5475871213E8,2025-09-03
I993286,1900,9.941533428E7,2025-10-18
I993287,1395,1.8258887574E8,2025-09-09
I993288,1718,1.7677706787E8,2025-09-25
I993289,1869,4.150944779E7,2025-10-10
I993290,1277,1.5945092243E8,2025-10-29
I993291,473,6.0572228E7,2025-10-28
I993292,349,3.086807245E7,2025-10-12
I993293,884,1.1414468331E8,2025-10-02
I993294,716,8.633785222E7,2025-09-12
I993295,658,5.756431137E7,2025-09-28
I993296,423,3.358238993E7,2025-09-13
I993297,1090,2.43678357E7,2025-09-02
I993298,1803,2.1816200656E8,2025-10-04
I993299,1791,1.05592079E7,2025-10-08
I993300,773,1.0082791668E8,2025-09-10
I993301,69,5746172.32,2025-10-03
I993302,1966,3.764290053E7,2025-10-10
I993303,362,3.456564649E7,2025-09-25
I993304,1465,1.5293805923E8,2025-09-06
I993305,1985,6.941807533E7,2025-09-10
I993306,351,2.966585767E7,2025-10-21
I993307,1021,1.1042740613E8,2025-09-13
I993308,846,7.331469111E7,2025-10-23
I993309,1952,2.005210878E8,2025-10-06
I993310,421,6.237572068E7,2025-10-01
I993311,1665,1.237469054E7,2025-10-27
I993312,879,1.3119701481E8,2025-09-03
I993313,399,3551094.37,2025-10-31
I993314,752,4.089115453E7,2025-09-08
I993315,1728,5.751892899E7,2025-10-10
I993316,848,1.0610189844E8,2025-09-27
I993317,365,2.058405262E7,2025-10-11
I993318,319,2.80140832E7,2025-09-29
I993319,875,8.773234653E7,2025-09-14
I993320,472,1.452919482E7,2025-10-13
I993321,86,1230755.27,2025-10-12
I993322,1442,2.1016989301E8,2025-09-11
I993323,1543,5.769818119E7,2025-10-17
I993324,1510,1.257486009E8,2025-10-08
I993325,1765,1.8995396846E8,2025-10-29
I993326,555,2.958310528E7,2025-09-12
I993327,992,2.663875688E7,2025-10-27
I993328,193,436124.23,2025-09-10
I993329,404,1.063754473E7,2025-09-18
I993330,258,6661853.82,2025-10-04
I993331,633,6.110353395E7,2025-10-22
I993332,1523,1.6515880612E8,2025-09-28
I993333,414,1.906169587E7,2025-09-13
I993334,1349,1.6670989937E8,2025-10-20
I993335,207,9381937.61,2025-10-30
I993336,1899,5.550058484E7,2025-10-26
I993337,1674,4.675112631E7,2025-09-09
I993338,128,1.693021733E7,2025-10-23
I993339,536,3.242657922E7,2025-10-13
I993340,865,9.519323783E7,2025-10-26
I993341,232,3611220.96,2025-10-02
I993342,561,6.268469236E7,2025-10-03
I993343,1705,8.703293937E7,2025-10-07
I993344,1415,2.0274992196E8,2025-09-20
I993345,1142,1.895122026E7,2025-10-15
I993346,1397,1.0016082773E8,2025-10-23
I993347,1295,4.746541657E7,2025-10-21
I993348,971,6.510323633E7,2025-10-07
I993349,981,5.488678732E7,2025-09-17
I993350,1860,5.974597888E7,2025-09-16
I993351,919,1.2401022432E8,2025-10-10
I993352,718,4.792708571E7,2025-09-13
I993353,477,3.968500997E7,2025-10-31
I993354,1131,1.6566927775E8,2025-10-04
I993355,594,7.831997389E7,2025-09-18
I993356,1325,1.277692577E7,2025-10-27
I993357,438,584485.92,2025-09-09
I993358,991,6561616.05,2025-10-23
I993359,315,2.634138348E7,2025-10-03
I993360,1684,2.4583564608E8,2025-10-28
I993361,428,2.202306196E7,2025-10-09
I993362,1152,1.2330053722E8,2025-10-22
I993363,1406,2.0374553082E8,2025-09-15
I993364,286,4.202101375E7,2025-10-17
I993365,287,2.342976843E7,2025-09-17
I993366,105,1.571102762E7,2025-10-12
I993367,661,4.126336582E7,2025-09-10
I993368,1167,1.1415584905E8,2025-09-15
I993369,1246,6.929881704E7,2025-10-19
I993370,1939,7.835624443E7,2025-10-09
I993371,84,7127486.52,2025-09-14
I993372,455,1.512841199E7,2025-09-20
I993373,104,1.36801351E7,2025-10-19
I993374,1363,1.6964606019E8,2025-09-19
I993375,767,7.732905024E7,2025-10-14
I993376,1858,1.265506745E8,2025-09-26
I993377,1891,1.974724431E7,2025-09-22
I993378,631,4.605864826E7,2025-09-25
I993379,441,5.025492457E7,2025-09-23
I993380,700,1.141018996E7,2025-10-18
I993381,370,9205571.52,2025-09-21
I993382,207,1.452193248E7,2025-09-16
I993383,1774,5.256320602E7,2025-10-24
I993384,1361,1.4382764963E8,2025-10-24
I993385,1032,1.4897086151E8,2025-10-30
I993386,160,1.553282572E7,2025-10-08
I993387,393,921235.48,2025-10-05
I993388,1908,8.518997604E7,2025-10-03
I993389,1598,2.1832497019E8,2025-09-16
I993390,1854,2.1968490335E8,2025-09-30
I993391,633,3.452643486E7,2025-09-13
I993392,320,2.725665681E7,2025-10-01
I993393,1538,1.2967011123E8,2025-10-02
I993394,65,3215946.19,2025-10-15
I993395,197,1.10676869E7,2025-10-15
I993396,376,5646963.38,2025-09-12
I993397,261,3.885303195E7,2025-09-09
I993398,121,1.332887343E7,2025-10-31
I993399,1997,2.224443533E7,2025-09-24
I993400,1296,9.770422344E7,2025-10-08
I993401,1006,1.0972421661E8,2025-09-23
I993402,605,2.802088444E7,2025-10-31
I993403,1500,1.7209300817E8,2025-10-28
I993404,732,3.975376786E7,2025-10-24
I993405,981,2.402081429E7,2025-09-01
I993406,1999,2.529541039E7,2025-09-18
I993407,1876,1.8028733811E8,2025-09-22
I993408,1665,5.776619352E7,2025-10-07
I993409,1923,2.306785859E7,2025-10-24
I993410,554,8.01957189E7,2025-10-06
I993411,499,5.659363371E7,2025-10-02
I993412,104,1.241716281E7,2025-09-10
I993413,622,4.29008449E7,2025-09-14
I993414,1418,5.881571955E7,2025-10-02
I993415,1501,1.1771517707E8,2025-09-20
I993416,1656,9.692607783E7,2025-10-02
I993417,1400,1.332631207E7,2025-09-07
I993418,764,7.050622354E7,2025-09-14
I993419,147,1.869497256E7,2025-09-06
I993420,1799,2.0951284263E8,2025-09-02
I993421,1931,1.697018348E7,2025-09-08
I993422,1953,3194224.53,2025-09-10
I993423,1574,1.3641573429E8,2025-09-13
I993424,937,8.700794708E7,2025-10-25
I993425,859,2.536809245E7,2025-09-30
I993426,1623,1.9885147469E8,2025-09-09
I993427,1082,1.6038164246E8,2025-09-13
I993428,813,1.1244218057E8,2025-09-29
I993429,414,8244623.69,2025-09-26
I993430,1457,1.9861326455E8,2025-09-19
I993431,1718,2.5704661518E8,2025-09-29
I993432,1879,1.1796322687E8,2025-09-26
I993433,487,7.06996576E7,2025-10-08
I993434,1012,6.319553572E7,2025-10-29
I993435,383,2.586528519E7,2025-10-28
I993436,1059,1.2639248277E8,2025-09-21
I993437,1818,7.714281109E7,2025-10-14
I993438,606,1.80415606E7,2025-10-29
I993439,1942,2.6623511212E8,2025-09-10
I993440,587,8.430807129E7,2025-10-15
I993441,1165,1.3952639051E8,2025-09-22
I993442,1830,5.37356587E7,2025-09-23
I993443,1203,1.1042277961E8,2025-09-03
I993444,837,1.2439703041E8,2025-10-28
I993445,546,6.775164979E7,2025-09-22
I993446,1792,8.270635355E7,2025-10-29
I993447,1444,1.764604586E7,2025-10-20
I993448,602,1.402416216E7,2025-09-24
I993449,58,8351517.36,2025-09-10
I993450,1943,6.415564363E7,2025-09-23
I993451,801,7.264880127E7,2025-09-05
I993452,117,1.181173294E7,2025-09-20
I993453,772,9.996832775E7,2025-10-16
I993454,481,6424560.15,2025-09-29
I993455,1123,1.6001201041E8,2025-09-01
I993456,1161,7.318723256E7,2025-10-11
I993457,1934,2.8620089003E8,2025-10-13
I993458,892,1.2649967034E8,2025-10-07
I993459,1922,1.45287113E8,2025-09-17
I993460,1293,1.2674759117E8,2025-09-25
I993461,446,4.222389857E7,2025-10-13
I993462,1372,1.344333948E8,2025-10-11
I993463,1301,1.177845052E7,2025-10-10
I993464,1610,9.817016107E7,2025-10-08
I993465,1488,2.1105138819E8,2025-10-03
I993466,573,8.424422136E7,2025-09-07
I993467,256,1.134202802E7,2025-09-07
I993468,894,2.131647994E7,2025-09-07
I993469,607,2.521817812E7,2025-09-06
I993470,1102,1940768.88,2025-09-10
I993471,696,3791735.52,2025-10-21
I993472,1536,1.640267299E7,2025-10-08
I993473,190,1.297520135E7,2025-10-27
I993474,1739,1.8053237019E8,2025-09-22
I993475,1031,1.4462891889E8,2025-09-13
I993476,705,1.815678372E7,2025-09-19
I993477,1191,2.351354127E7,2025-10-10
I993478,1251,7.603997694E7,2025-09-24
I993479,1310,3.895193597E7,2025-09-17
I993480,809,5.171624502E7,2025-09-28
I993481,94,1.180886911E7,2025-09-01
I993482,1038,8.540526424E7,2025-09-16
I993483,406,3.141428393E7,2025-10-26
I993484,447,1.166339873E7,2025-09-06
I993485,1991,4.915794438E7,2025-09-18
I993486,1127,3.317172391E7,2025-10-03
I993487,946,1.147341271E8,2025-10-26
I993488,352,2.268802013E7,2025-10-07
I993489,194,1.388821767E7,2025-10-27
I993490,1168,1.3124007354E8,2025-09-17
I993491,179,2.444791574E7,2025-10-22
I993492,900,5.219453961E7,2025-10-29
I993493,1102,1.210027465E7,2025-10-11
I993494,172,1.710784035E7,2025-09-13
I993495,674,2.772903622E7,2025-10-02
I993496,662,9.202204788E7,2025-09-05
I993497,697,5.51341014E7,2025-10-29
I993498,1469,1.6836058133E8,2025-09-10
I993499,535,7.750138421E7,2025-09-20
I993500,1816,4.390354481E7,2025-09-02
I993501,984,1.1408184233E8,2025-09-20
I993502,999,8.540678971E7,2025-10-22
I993503,1249,1.5951229392E8,2025-09-17
I993504,1166,7.262147731E7,2025-09-06
I993505,1098,1.1578481901E8,2025-09-18
I993506,1336,1.6651746289E8,2025-09-03
I993507,702,7.827378395E7,2025-09-05
I993508,823,9.112084098E7,2025-10-29
I993509,352,3.703973035E7,2025-09-30
I993510,279,3.648846189E7,2025-10-27
I993511,1519,2.2015007208E8,2025-10-10
I993512,753,7.993080895E7,2025-10-16
I993513,1885,2.7224344335E8,2025-10-11
I993514,1519,6.466358847E7,2025-09-10
I993515,1072,1.4797397438E8,2025-09-07
I993516,1539,1.8757992462E8,2025-10-27
I993517,1267,1.0430028579E8,2025-10-17
I993518,1978,2.5846100849E8,2025-10-03
I993519,1693,6677905.98,2025-10-22
I993520,964,5.90622549E7,2025-09-23
I993521,1170,4.27607005E7,2025-09-22
I993522,560,1.431930088E7,2025-10-31
I993523,1938,2.608602304E7,2025-09-29
I993524,253,2.328980917E7,2025-10-04
I993525,801,6.202534687E7,2025-10-03
I993526,911,6.208563319E7,2025-09-21
I993527,661,6.432392773E7,2025-09-26
I993528,942,9.332885069E7,2025-10-01
I993529,293,4556836.45,2025-09-25
I993530,67,4267893.67,2025-09-20
I993531,1859,6.940839648E7,2025-09-30
I993532,1244,1.5423746578E8,2025-10-24
I993533,1810,2.1664202013E8,2025-10-24
I993534,1008,1.049987023E8,2025-10-24
I993535,612,3.655754417E7,2025-10-08
I993536,651,5542851.47,2025-10-25
I993537,1480,3.741149021E7,2025-09-13
I993538,1210,5.200008058E7,2025-10-03
I993539,180,2.670799649E7,2025-09-26
I993540,1582,6.039354888E7,2025-09-22
I993541,845,3.634795914E7,2025-09-12
I993542,479,1.337588077E7,2025-09-19
I993543,1431,4.203281124E7,2025-10-13
I993544,1329,1.6615290338E8,2025-09-08
I993545,662,7.262485055E7,2025-10-17
I993546,771,2.222983272E7,2025-09-14
I993547,1795,1.5210791979E8,2025-10-08
I993548,1772,8.99681426E7,2025-09-28
I993549,1755,1.2316504089E8,2025-10-05
I993550,1239,1.2703158047E8,2025-10-03
I993551,175,8143747.22,2025-10-11
I993552,1963,1.5411955533E8,2025-10-14
I993553,1544,786597.55,2025-09-25
I993554,121,1.548298666E7,2025-09-12
I993555,718,6.816605631E7,2025-10-02
I993556,1535,6.096126259E7,2025-10-23
I993557,1752,2.2080348932E8,2025-10-21
I993558,1703,2.3869973027E8,2025-10-04
I993559,1081,1.3268776299E8,2025-09-20
I993560,1930,2.1746761901E8,2025-09-14
I993561,1181,7.467389399E7,2025-09-08
I993562,79,6663849.84,2025-10-04
I993563,1643,2.1500709449E8,2025-09-14
I993564,1119,1.6268627717E8,2025-10-26
I993565,1546,1.0231670684E8,2025-10-29
I993566,1839,1.5225391431E8,2025-09-30
I993567,1721,6582554.04,2025-10-07
I993568,62,3201435.28,2025-10-24
I993569,1934,8.010438004E7,2025-09-02
I993570,60,6863853.24,2025-10-04
I993571,1221,1.0951669312E8,2025-09-10
I993572,449,1.226529494E7,2025-10-26
I993573,1456,9.290771442E7,2025-10-08
I993574,499,6.189846441E7,2025-10-11
I993575,521,1286209.5,2025-09-07
I993576,1136,1.4397089812E8,2025-10-19
I993577,120,619203.37,2025-09-13
I993578,470,2519339.08,2025-10-13
I993579,1202,1.3486620636E8,2025-09-17
I993580,1663,1.1349775757E8,2025-10-10
I993581,867,1.0688659746E8,2025-10-06
I993582,406,1.272890289E7,2025-09-18
I993583,812,1.0413667406E8,2025-10-17
I993584,1647,2.4090899521E8,2025-09-17
I993585,788,2.173165938E7,2025-09-23
I993586,323,4.425355048E7,2025-10-27
I993587,1577,2.0697773771E8,2025-09-05
I993588,1211,1.1861105109E8,2025-10-09
I993589,1555,1421618.97,2025-09-25
I993590,180,4576598.19,2025-10-02
I993591,833,3752687.89,2025-09-28
I993592,294,2739924.66,2025-09-29
I993593,1514,1.004640596E7,2025-09-23
I993594,1616,1.794684217E7,2025-10-05
I993595,1453,1.9332354845E8,2025-09-22
I993596,1714,1.079991397E8,2025-09-09
I993597,742,6.284536628E7,2025-09-18
I993598,1773,1.7646759295E8,2025-09-22
I993599,293,1.88498134E7,2025-09-04
I993600,1983,2.045994114E7,2025-10-15
I993601,233,2.728782851E7,2025-10-22
I993602,619,9.02754914E7,2025-09-27
I993603,954,1.2620192318E8,2025-10-14
I993604,1631,5.250850877E7,2025-10-26
I993605,206,9211013.29,2025-09-11
I993606,1596,5.303027134E7,2025-10-28
I993607,1056,1.2476260224E8,2025-09-23
I993608,337,1.244452305E7,2025-09-07
I993609,1950,2.8464386094E8,2025-10-31
I993610,416,2.420799303E7,2025-09-20
I993611,886,7.300231521E7,2025-09-20
I993612,1758,2.5231481229E8,2025-10-06
I993613,1655,2.165343822E8,2025-09-18
I993614,877,1.1496394144E8,2025-10-15
I993615,429,2.377535248E7,2025-10-28
I993616,1663,1.6491338202E8,2025-09-21
I993617,1713,1.7544332515E8,2025-10-11
I993618,1072,1.3729899508E8,2025-10-08
I993619,1710,5.014419766E7,2025-10-17
I993620,1205,8.036580224E7,2025-09-20
I993621,238,3.251910644E7,2025-10-14
I993622,1443,4.164809009E7,2025-10-18
I993623,203,7753478.01,2025-09-04
I993624,737,5.888052923E7,2025-09-27
I993625,1241,1.8606440105E8,2025-09-26
I993626,430,5.344032297E7,2025-10-06
I993627,1443,5.301292631E7,2025-10-24
I993628,1721,2.0729681604E8,2025-10-08
I993629,1216,1.5418306776E8,2025-10-16
I993630,339,6768399.39,2025-09-16
I993631,1654,1.7461887368E8,2025-09-30
I993632,1773,1.9898225497E8,2025-10-21
I993633,329,3.542718065E7,2025-09-17
I993634,347,9126353.01,2025-09-09
I993635,1609,9.952809854E7,2025-10-15
I993636,1774,2.313121893E8,2025-10-09
I993637,1301,1.0035284516E8,2025-09-18
I993638,448,1.639803657E7,2025-09-14
I993639,1706,2.117174363E8,2025-09-25
I993640,187,1.386934533E7,2025-10-23
I993641,1188,1292927.96,2025-09-16
I993642,1137,3.969112991E7,2025-10-14
I993643,942,5.064482083E7,2025-09-02
I993644,336,785969.18,2025-10-15
I993645,1345,1.5799104787E8,2025-09-16
I993646,1897,1.3552787247E8,2025-10-26
I993647,1158,8.922970063E7,2025-09-21
I993648,1529,2.1726806776E8,2025-09-03
I993649,50,3612416.42,2025-10-18
I993650,1969,2.4974638579E8,2025-09-21
I993651,639,3.785569338E7,2025-09-20
I993652,860,1.2064854863E8,2025-09-28
I993653,690,2.351479825E7,2025-10-26
I993654,1983,1.3550406304E8,2025-10-31
I993655,990,3.258983688E7,2025-10-29
I993656,116,1.581062851E7,2025-10-30
I993657,1171,1.043667224E8,2025-09-07
I993658,90,1.194455205E7,2025-10-20
I993659,582,3.225734898E7,2025-09-23
I993660,991,4.470875741E7,2025-09-29
I993661,1916,2.3299070903E8,2025-10-27
I993662,439,6.337686759E7,2025-10-16
I993663,1100,1.3713993166E8,2025-09-14
I993664,1044,9.348305595E7,2025-10-05
I993665,1912,2.6853220386E8,2025-10-18
I993666,130,9837914.82,2025-09-01
I993667,944,1.410143572E7,2025-10-09
I993668,1833,1.9883777934E8,2025-09-21
I993669,369,4.187829391E7,2025-09-12
I993670,1729,8.802555456E7,2025-10-28
I993671,771,6.077894687E7,2025-10-24
I993672,454,5.484616295E7,2025-09-13
I993673,1695,4.64799005E7,2025-09-29
I993674,423,3.535161E7,2025-09-02
I993675,1823,4.213548791E7,2025-09-06
I993676,1638,2.900728501E7,2025-10-19
I993677,1041,1.5360190878E8,2025-10-29
I993678,1786,1.7356333186E8,2025-10-30
I993679,426,3.075542622E7,2025-10-14
I993680,1581,1.1684495284E8,2025-10-06
I993681,1889,1.73597969E8,2025-10-04
I993682,1989,1.9557836367E8,2025-10-21
I993683,688,4.153892026E7,2025-10-16
I993684,587,7.147790418E7,2025-10-04
I993685,1483,1.0665358915E8,2025-10-31
I993686,1133,1.5166145795E8,2025-09-26
I993687,736,7.051685719E7,2025-09-19
I993688,359,4.392142817E7,2025-10-29
I993689,504,7.502331176E7,2025-09-29
I993690,641,9.376228606E7,2025-09-03
I993691,56,3872935.15,2025-09-04
I993692,333,4.083395333E7,2025-10-09
I993693,1811,2.1055884573E8,2025-09-18
I993694,304,2.544157495E7,2025-10-05
I993695,1068,5.24740272E7,2025-10-15
I993696,225,2.502164768E7,2025-09-12
I993697,620,6.965211151E7,2025-09-13
I993698,1287,1.1636638045E8,2025-09-29
I993699,1504,1.8748797328E8,2025-09-10
I993700,447,4.240481446E7,2025-09-23
I993701,355,5.294824256E7,2025-09-03
I993702,1471,3.697581282E7,2025-10-02
I993703,912,7.655947178E7,2025-10-15
I993704,1430,1.6225134248E8,2025-10-21
I993705,1843,1.3700779606E8,2025-09-02
I993706,1188,8.225039175E7,2025-09-03
I993707,437,3.866586058E7,2025-09-21
I993708,1431,1.8110515004E8,2025-10-20
I993709,1891,1.2042962983E8,2025-10-16
I993710,1661,2.433544944E8,2025-10-16
I993711,761,3.380381727E7,2025-10-13
I993712,190,1.694447626E7,2025-10-17
I993713,157,9797510.69,2025-10-08
I993714,587,7.410371067E7,2025-09-03
I993715,338,4.82138013E7,2025-09-27
I993716,717,6.396100372E7,2025-09-27
I993717,515,7.354035789E7,2025-10-07
I993718,123,5495184.32,2025-09-26
I993719,651,4.031230242E7,2025-09-22
I993720,1267,4.842749741E7,2025-09-03
I993721,1427,7.091537446E7,2025-10-26
I993722,1453,8.973774367E7,2025-10-09
I993723,927,603516.14,2025-09-18
I993724,1415,2.854255417E7,2025-10-03
I993725,1045,1.0790163125E8,2025-09-03
I993726,193,2.66779099E7,2025-10-06
I993727,1582,1.6154261297E8,2025-09-27
I993728,1998,1.0743113865E8,2025-09-21
I993729,1574,1.6050957631E8,2025-09-22
I993730,1598,1.1035228177E8,2025-09-14
I993731,174,2.345612087E7,2025-09-29
I993732,466,5.586632547E7,2025-09-03
I993733,1721,5.37559724E7,2025-10-04
I993734,1441,1.5349734319E8,2025-10-08
I993735,573,3.858678101E7,2025-09-03
I993736,1858,1.8163495781E8,2025-09-28
I993737,1862,1.1053568394E8,2025-09-06
I993738,408,4.04988772E7,2025-09-07
I993739,1434,9.926733725E7,2025-09-15
I993740,829,9489561.11,2025-09-12
I993741,1118,1.4669423649E8,2025-09-26
I993742,828,5.244840976E7,2025-09-03
I993743,855,7423891.17,2025-10-08
I993744,762,2582525.03,2025-10-03
I993745,1413,4.624828772E7,2025-10-04
I993746,960,1.1027955672E8,2025-10-07
I993747,1516,1.3738567111E8,2025-09-10
I993748,1870,1.4615183437E8,2025-09-18
I993749,1208,1.6891333798E8,2025-10-15
I993750,896,6.832932572E7,2025-10-13
I993751,1275,8.406841339E7,2025-09-09
I993752,618,8.087141775E7,2025-09-12
I993753,1611,7.889689549E7,2025-10-22
I993754,787,3.286683372E7,2025-09-01
I993755,1636,2.3733370588E8,2025-09-05
I993756,589,1.559526042E7,2025-10-31
I993757,1058,1.4224860467E8,2025-10-31
I993758,1202,1.666001493E7,2025-09-24
I993759,442,6.347697624E7,2025-10-24
I993760,853,4.905418762E7,2025-09-28
I993761,1913,1.5213956535E8,2025-09-18
I993762,1128,4.328911186E7,2025-10-06
I993763,304,1.858781911E7,2025-10-14
I993764,1884,7.064910273E7,2025-09-01
I993765,1086,7.055738048E7,2025-09-07
I993766,1777,1.2650514307E8,2025-09-20
I993767,1670,1.441019047E8,2025-10-05
I993768,283,4.10140457E7,2025-10-15
I993769,1463,1.8177198508E8,2025-09-18
I993770,1558,4.036377439E7,2025-10-20
I993771,985,8.512733159E7,2025-09-18
I993772,1355,4.754927441E7,2025-10-13
I993773,1223,4.228049846E7,2025-09-05
I993774,1715,8.546747547E7,2025-09-04
I993775,320,4.711978608E7,2025-09-15
I993776,575,6.814129093E7,2025-09-06
I993777,1512,1.3894600664E8,2025-09-23
I993778,217,1.632855425E7,2025-10-17
I993779,1546,1.385178135E8,2025-09-14
I993780,306,3.271627914E7,2025-10-20
I993781,1501,1.4245558493E8,2025-10-14
I993782,825,3.629874067E7,2025-09-01
I993783,790,4.375474039E7,2025-09-12
I993784,1673,3.088806423E7,2025-09-02
I993785,1098,7.938369864E7,2025-09-27
I993786,1554,6.180315058E7,2025-09-23
I993787,82,2755733.19,2025-09-15
I993788,912,1.0861295694E8,2025-10-11
I993789,559,1.556761127E7,2025-09-05
I993790,548,2.893119087E7,2025-10-25
I993791,1580,4552071.82,2025-10-13
I993792,665,2.761125573E7,2025-10-13
I993793,330,3.414883294E7,2025-09-22
I993794,1582,4.810736384E7,2025-09-09
I993795,1613,1.4182937827E8,2025-09-21
I993796,180,8270597.23,2025-10-27
I993797,1616,1.7136377493E8,2025-10-22
I993798,1841,2.6712770675E8,2025-10-30
I993799,1608,9.406689548E7,2025-09-27
I993800,1209,1.3012786874E8,2025-09-14
I993801,590,5.159665101E7,2025-09-16
I993802,768,4.136750305E7,2025-09-29
I993803,321,4.479132739E7,2025-09-16
I993804,436,5.596016157E7,2025-09-20
I993805,902,3.71400636E7,2025-09-11
I993806,243,273606.83,2025-10-19
I993807,1445,1.2355443386E8,2025-09-15
I993808,1684,1.5038245814E8,2025-09-21
I993809,809,1.0934673603E8,2025-09-22
I993810,842,7.961119667E7,2025-10-31
I993811,1950,2.071158208E7,2025-10-18
I993812,195,2.742052647E7,2025-09-11
I993813,506,5.280462376E7,2025-10-04
I993814,752,8.384907717E7,2025-10-31
I993815,770,7.910337918E7,2025-09-05
I993816,1440,1.8350844113E8,2025-10-11
I993817,666,1.993534169E7,2025-09-02
I993818,1514,9283487.88,2025-09-28
I993819,1255,5.785372863E7,2025-10-12
I993820,391,2.188083326E7,2025-10-28
I993821,1801,5.243940847E7,2025-09-06
I993822,1605,1.6980818433E8,2025-10-06
I993823,180,7203768.1,2025-10-23
I993824,1485,1.165142828E7,2025-10-16
I993825,1902,1.4079485782E8,2025-10-27
I993826,1148,1.1369633742E8,2025-10-24
I993827,778,6.655717721E7,2025-10-03
I993828,780,7.338250433E7,2025-09-06
I993829,958,1.2536973342E8,2025-10-28
I993830,211,2.759722038E7,2025-10-10
I993831,430,4512292.72,2025-10-15
I993832,1598,9608992.5,2025-09-11
I993833,1137,1.3135226154E8,2025-09-05
I993834,1138,1.7069584735E8,2025-09-04
I993835,703,5.006571024E7,2025-10-10
I993836,1215,1.8190055609E8,2025-10-19
I993837,1608,4.861313521E7,2025-10-02
I993838,1657,1.107277619E8,2025-10-17
I993839,1753,2.4662502054E8,2025-10-07
I993840,1877,1.4116058045E8,2025-10-04
I993841,265,3.894769796E7,2025-09-04
I993842,603,8.832122522E7,2025-09-22
I993843,1895,2.3426230889E8,2025-10-23
I993844,1209,8.712771841E7,2025-09-18
I993845,686,3.546647695E7,2025-09-22
I993846,1891,1.8671356459E8,2025-09-06
I993847,1894,2.2607459851E8,2025-10-30
I993848,677,3.269760697E7,2025-09-27
I993849,1815,1.3448353081E8,2025-09-15
I993850,566,8.285924813E7,2025-09-10
I993851,606,3.586191971E7,2025-09-24
I993852,1632,1.2378783287E8,2025-10-07
I993853,1289,5955072.44,2025-10-31
I993854,727,5.404499362E7,2025-10-01
I993855,1622,1.9957600543E8,2025-09-29
I993856,1850,3.568591533E7,2025-10-09
I993857,1773,2.1290155471E8,2025-10-05
I993858,402,1.950274366E7,2025-10-17
I993859,1186,4.939510605E7,2025-10-06
I993860,836,4.080659889E7,2025-09-02
I993861,1316,1.8139036614E8,2025-10-17
I993862,955,5.058494542E7,2025-09-29
I993863,984,4.103629783E7,2025-09-15
I993864,1105,1.2417926573E8,2025-10-02
I993865,1946,2.2556756439E8,2025-10-09
I993866,884,3.65070503E7,2025-10-26
I993867,938,3.905912055E7,2025-10-08
I993868,1727,2.3016118795E8,2025-10-09
I993869,734,5.781908221E7,2025-10-04
I993870,1294,4.039515821E7,2025-09-30
I993871,1260,1.5307570301E8,2025-09-08
I993872,87,6441864.15,2025-09-08
I993873,1828,1.3869320573E8,2025-09-19
I993874,433,1.964085498E7,2025-10-04
I993875,1317,2.530810769E7,2025-10-19
I993876,1972,1.4764208828E8,2025-09-23
I993877,162,1935781.44,2025-09-18
I993878,464,6.121732468E7,2025-09-24
I993879,1456,2.952568328E7,2025-09-30
I993880,1990,2.3479974968E8,2025-09-19
I993881,1914,4.571571865E7,2025-09-24
I993882,1831,1.606648713E8,2025-09-17
I993883,1692,4.254163121E7,2025-10-09
I993884,1093,1.4950561383E8,2025-10-06
I993885,282,2.825007633E7,2025-10-10
I993886,1172,2.979653088E7,2025-09-14
I993887,1442,2.70028629E7,2025-10-04
I993888,192,2.82047444E7,2025-09-28
I993889,598,4.146814791E7,2025-09-14
I993890,686,2.511741561E7,2025-09-03
I993891,1711,8349909.33,2025-09-28
I993892,119,9149205.32,2025-09-24
I993893,1184,1.4996587551E8,2025-10-18
I993894,1359,4.228648091E7,2025-10-29
I993895,328,1855648.14,2025-09-08
I993896,1647,2.1502838546E8,2025-09-25
I993897,896,1.0853686211E8,2025-10-15
I993898,792,8.358620785E7,2025-09-25
I993899,855,1436311.37,2025-09-04
I993900,1101,6.980485261E7,2025-10-01
I993901,113,1.626186753E7,2025-10-23
I993902,1398,2.0911665277E8,2025-09-21
I993903,1277,1.1187924814E8,2025-10-31
I993904,662,7108999.74,2025-09-13
I993905,1103,1.5926466059E8,2025-09-24
I993906,223,2.698816568E7,2025-09-12
I993907,1942,2.421039801E7,2025-09-01
I993908,395,2.499564541E7,2025-10-28
I993909,1183,1.2091977578E8,2025-10-13
I993910,1313,1.7177315857E8,2025-10-06
I993911,402,3.356359838E7,2025-10-22
I993912,1542,1.7354920405E8,2025-10-06
I993913,789,5.22675257E7,2025-10-31
I993914,554,4.561616035E7,2025-09-26
I993915,800,4.485513358E7,2025-10-14
I993916,406,4.026638555E7,2025-10-19
I993917,1261,1.6273536086E8,2025-10-16
I993918,640,6.956830867E7,2025-09-08
I993919,489,3.941646179E7,2025-10-08
I993920,919,9.161403523E7,2025-09-07
I993921,1358,1.6622829616E8,2025-09-29
I993922,1018,4.721940426E7,2025-10-19
I993923,759,8.167958212E7,2025-10-28
I993924,310,1681109.77,2025-09-23
I993925,1084,8.562716985E7,2025-09-28
I993926,1914,2.4629665011E8,2025-09-11
I993927,1963,2.9189744415E8,2025-09-14
I993928,1064,8283177.42,2025-10-13
I993929,702,6491414.81,2025-09-08
I993930,1262,8.101717381E7,2025-10-29
I993931,852,1.110014686E7,2025-09-08
I993932,1980,9.951328417E7,2025-09-02
I993933,355,4.550675024E7,2025-10-09
I993934,1846,2.89679771E7,2025-10-06
I993935,388,2956486.43,2025-09-02
I993936,1325,2.383581858E7,2025-09-22
I993937,1061,1.567862146E8,2025-09-21
I993938,395,1.322219868E7,2025-10-25
I993939,159,2450907.86,2025-10-06
I993940,1019,8.980679824E7,2025-09-19
I993941,1501,7.836615033E7,2025-09-15
I993942,1409,1.3284048832E8,2025-10-10
I993943,808,2.731943502E7,2025-10-15
I993944,1105,6.420682278E7,2025-09-16
I993945,930,1.0670574964E8,2025-09-29
I993946,893,7.524929567E7,2025-09-13
I993947,486,7993094.78,2025-10-24
I993948,1912,2.516924237E7,2025-09-29
I993949,889,8.845108832E7,2025-09-28
I993950,162,1.621730107E7,2025-10-31
I993951,1278,3.782471879E7,2025-09-15
I993952,1169,9.119844807E7,2025-09-15
I993953,1259,2.343645536E7,2025-09-06
I993954,1428,6.21215836E7,2025-09-30
I993955,1007,1.01763298E7,2025-10-16
I993956,408,5.160735529E7,2025-10-16
I993957,193,6568228.24,2025-09-23
I993958,1074,1.4983442428E8,2025-10-18
I993959,191,9506246.04,2025-09-20
I993960,1891,1.5263193555E8,2025-10-10
I993961,595,7.962695908E7,2025-10-19
I993962,1573,1.0435701234E8,2025-10-05
I993963,1714,1.5786219607E8,2025-09-09
I993964,162,1.940949053E7,2025-10-10
I993965,1134,1.5751126713E8,2025-10-04
I993966,93,7600199.68,2025-10-22
I993967,1809,1.8375075829E8,2025-09-22
I993968,1387,4.014615998E7,2025-10-04
I993969,1934,8.483901932E7,2025-10-18
I993970,126,7171843.84,2025-09-20
I993971,223,1.307096584E7,2025-10-12
I993972,878,1.2689218403E8,2025-09-03
I993973,1206,7.149866273E7,2025-09-05
I993974,1111,5393916.36,2025-10-05
I993975,1720,1.945286003E7,2025-10-29
I993976,541,6.361892272E7,2025-10-27
I993977,1190,1.3326457254E8,2025-10-05
I993978,716,9.77172652E7,2025-10-19
I993979,1058,1.5395556793E8,2025-09-06
I993980,1732,9.206008383E7,2025-09-29
I993981,431,1.970684837E7,2025-09-25
I993982,1803,9.203653625E7,2025-09-20
I993983,1942,5.554868127E7,2025-09-07
I993984,170,5470983.81,2025-09-29
I993985,1969,9.08098819E7,2025-10-11
I993986,182,1.888590868E7,2025-09-22
I993987,1076,1.0057312617E8,2025-10-25
I993988,251,1.052468574E7,2025-10-10
I993989,1842,1.7220794092E8,2025-10-24
I993990,953,6.116656012E7,2025-10-11
I993991,1426,1.4812522075E8,2025-09-30
I993992,1149,5897276.63,2025-09-03
I993993,1183,1.710222046E7,2025-09-21
I993994,1093,1.427611046E8,2025-09-28
I993995,107,6253703.23,2025-09-10
I993996,386,2.212692801E7,2025-10-02
I993997,1436,1.9706696625E8,2025-10-16
I993998,720,1.0428225854E8,2025-09-16
I993999,1957,1.3310112897E8,2025-10-13
I994000,1476,1.6126541168E8,2025-10-25
I994001,1501,4.310691956E7,2025-10-13
I994002,972,6.756917409E7,2025-09-29
I994003,732,1.350041479E7,2025-09-22
I994004,810,4.564704696E7,2025-09-10
I994005,531,6.674271504E7,2025-10-28
I994006,680,9.431616076E7,2025-10-10
I994007,606,8.139388494E7,2025-10-20
I994008,661,7.885071048E7,2025-09-21
I994009,121,2578932.3,2025-09-17
I994010,702,5.73995935E7,2025-09-06
I994011,1651,2.428595035E7,2025-10-07
I994012,1329,1.332794987E7,2025-10-25
I994013,751,6.556448259E7,2025-09-01
I994014,1782,9.822293436E7,2025-09-12
I994015,895,3.17322367E7,2025-10-14
I994016,1480,1.4456414661E8,2025-10-25
I994017,403,5.471392248E7,2025-09-17
I994018,455,4333373.71,2025-10-12
I994019,1512,1.2854222092E8,2025-09-08
I994020,1364,1.6154622388E8,2025-10-27
I994021,865,8.574178813E7,2025-09-01
I994022,725,8.162554488E7,2025-09-06
I994023,1679,1.3821196122E8,2025-10-09
I994024,1079,1.1616925486E8,2025-09-21
I994025,180,2.442806775E7,2025-10-08
I994026,1056,3.267651514E7,2025-09-04
I994027,699,2.362874728E7,2025-09-10
I994028,781,2.003354453E7,2025-10-05
I994029,1100,9.946354314E7,2025-10-31
I994030,1104,1.4898895905E8,2025-09-30
I994031,1690,1.5385417708E8,2025-09-23
I994032,1098,1.166202017E8,2025-10-06
I994033,1444,1.8715470855E8,2025-09-28
I994034,1481,9.439957005E7,2025-09-19
I994035,1704,2.2762971604E8,2025-09-08
I994036,1583,1.0145851456E8,2025-09-22
I994037,1952,2.2538213843E8,2025-10-04
I994038,1713,1.7342842312E8,2025-09-07
I994039,941,1.1191440586E8,2025-09-30
I994040,101,7966138.03,2025-09-28
I994041,858,8834064.01,2025-10-24
I994042,1992,7978492.22,2025-09-24
I994043,1098,1.3478092659E8,2025-10-15
I994044,874,1.0006740303E8,2025-10-16
I994045,832,1.1840888238E8,2025-09-10
I994046,1232,1.7811465435E8,2025-09-10
I994047,1814,2.5977050095E8,2025-09-03
I994048,1183,4.883162409E7,2025-09-18
I994049,465,5.360842223E7,2025-10-16
I994050,326,2290330.24,2025-10-17
I994051,1832,1.0664512677E8,2025-09-22
I994052,1154,5.96053199E7,2025-09-27
I994053,950,3.306190336E7,2025-10-03
I994054,1619,2.0119734227E8,2025-09-11
I994055,1686,3.898214985E7,2025-09-29
I994056,808,4.166901618E7,2025-10-13
I994057,216,4046319.55,2025-10-02
I994058,922,9142525.67,2025-09-18
I994059,1353,6.700803486E7,2025-10-24
I994060,1035,2267833.56,2025-10-01
I994061,1026,4.670717636E7,2025-09-01
I994062,179,2.158213232E7,2025-09-13
I994063,229,2.766608425E7,2025-09-11
I994064,1507,4.53291601E7,2025-10-25
I994065,532,6.220687273E7,2025-10-28
I994066,852,1.622508824E7,2025-10-04
I994067,150,1.696595582E7,2025-09-09
I994068,1110,1.0455483056E8,2025-10-18
I994069,273,1.604260276E7,2025-09-01
I994070,270,2.868835706E7,2025-10-05
I994071,895,4.068923191E7,2025-09-20
I994072,536,7.442633066E7,2025-09-01
I994073,466,6.903001023E7,2025-10-22
I994074,1489,1.8958195429E8,2025-09-21
I994075,1040,2.620928987E7,2025-09-09
I994076,1184,1.092647519E7,2025-09-26
I994077,145,7781090.88,2025-10-14
I994078,735,6.256547597E7,2025-10-23
I994079,1041,1.3690542617E8,2025-10-27
I994080,619,3.4541523E7,2025-10-07
I994081,1460,8.945208726E7,2025-09-27
I994082,658,4.792208209E7,2025-09-23
I994083,1996,5.355818722E7,2025-10-23
I994084,1165,1.7474763513E8,2025-10-09
I994085,1325,1.1085446858E8,2025-10-18
I994086,150,2286149.77,2025-09-21
I994087,906,8.456030287E7,2025-10-26
I994088,276,3.01958545E7,2025-10-31
I994089,829,3.621824212E7,2025-10-13
I994090,1077,1.0121847051E8,2025-10-30
I994091,63,5361279.51,2025-09-10
I994092,168,1.272851556E7,2025-10-04
I994093,186,5462144.68,2025-10-02
I994094,806,6.336007208E7,2025-10-15
I994095,680,4.983977209E7,2025-09-03
I994096,516,7.182994913E7,2025-10-01
I994097,1119,7.70779622E7,2025-10-10
I994098,1705,1.2570563121E8,2025-10-07
I994099,1508,2.290730151E7,2025-09-30
I994100,1371,1.8575834902E8,2025-10-23
I994101,548,3.158020936E7,2025-10-31
I994102,835,5.131377662E7,2025-10-28
I994103,1148,1.323695363E7,2025-09-05
I994104,1084,1.466393132E7,2025-10-31
I994105,1537,1.9397495555E8,2025-09-25
I994106,445,1.768973833E7,2025-10-10
I994107,1942,2.494244964E7,2025-10-31
I994108,1729,1.7535005702E8,2025-09-08
I994109,338,4.470659385E7,2025-10-05
I994110,1513,1.5773419059E8,2025-10-19
I994111,1389,8.567429704E7,2025-09-27
I994112,1540,1.4435051739E8,2025-09-10
I994113,507,5.703465132E7,2025-09-18
I994114,866,4.0872395E7,2025-09-29
I994115,1282,1.3590256108E8,2025-10-03
I994116,1035,6.736270769E7,2025-09-02
I994117,1727,1.1955545745E8,2025-10-29
I994118,1672,5.444738664E7,2025-09-13
I994119,351,1.399969404E7,2025-10-01
I994120,58,8010481.94,2025-09-20
I994121,499,1.284569091E7,2025-10-11
I994122,462,3.230802709E7,2025-09-05
I994123,1175,6.297565606E7,2025-10-30
I994124,572,2.893315139E7,2025-09-24
I994125,1072,3.664152904E7,2025-09-02
I994126,1457,1.2750223177E8,2025-10-22
I994127,1830,8.261362004E7,2025-09-20
I994128,812,2.733381719E7,2025-10-07
I994129,488,3.319462549E7,2025-10-13
I994130,443,4772309.07,2025-10-08
I994131,617,2.414838042E7,2025-09-22
I994132,1579,1.5988930094E8,2025-10-09
I994133,1288,1.2066100629E8,2025-09-07
I994134,1601,6.203988545E7,2025-09-10
I994135,1413,1.921733352E8,2025-10-05
I994136,1656,2.0292428026E8,2025-09-17
I994137,776,2.960341448E7,2025-10-10
I994138,1560,1.3430331094E8,2025-10-20
I994139,1745,1.5868478789E8,2025-10-06
I994140,1511,6.05529373E7,2025-10-14
I994141,1137,6.22427264E7,2025-09-09
I994142,1389,3.376079206E7,2025-09-12
I994143,1349,1.9290289678E8,2025-10-24
I994144,1973,2.0679174068E8,2025-10-18
I994145,1826,2.6867884739E8,2025-10-29
I994146,1918,2.227152851E8,2025-10-18
I994147,930,2213760.67,2025-09-03
I994148,1325,1.0252834534E8,2025-10-04
I994149,136,1.397911337E7,2025-10-04
I994150,1392,1.5995953875E8,2025-10-21
I994151,1379,1.2516252283E8,2025-09-08
I994152,1661,2.049685324E8,2025-10-14
I994153,523,1.696066207E7,2025-10-18
I994154,567,7.018853607E7,2025-10-11
I994155,472,1.947144626E7,2025-10-17
I994156,1475,1.2066436431E8,2025-10-29
I994157,1730,1.7642550093E8,2025-10-21
I994158,65,7352246.0,2025-09-02
I994159,725,8421621.97,2025-09-29
I994160,1649,7.667920921E7,2025-09-04
I994161,1735,2.394965057E7,2025-10-03
I994162,1016,3.935655546E7,2025-09-10
I994163,1438,2554566.17,2025-09-12
I994164,135,7840882.93,2025-09-24
I994165,442,2.615465905E7,2025-10-26
I994166,1077,1.058230281E8,2025-10-26
I994167,1734,9.381670606E7,2025-10-08
I994168,1588,1.394693057E7,2025-10-31
I994169,1004,9.875921901E7,2025-09-19
I994170,522,4.26988614E7,2025-10-19
I994171,492,1.54361924E7,2025-09-16
I994172,1787,8.418585435E7,2025-10-25
I994173,1866,2.0420567248E8,2025-09-18
I994174,1274,9.719433072E7,2025-09-19
I994175,908,1.3310082291E8,2025-10-05
I994176,1250,7.828863084E7,2025-09-26
I994177,871,7.106749248E7,2025-10-08
I994178,97,1.30393331E7,2025-10-10
I994179,751,5.715593101E7,2025-09-03
I994180,1053,1.2340136669E8,2025-10-27
I994181,1550,5.517550883E7,2025-10-29
I994182,425,3.544274386E7,2025-09-24
I994183,1940,2.4919879137E8,2025-09-05
I994184,1689,1.659689863E7,2025-09-01
I994185,1803,5.810330577E7,2025-10-22
I994186,465,5.592710652E7,2025-09-24
I994187,58,4565372.29,2025-10-10
I994188,870,1.1263586766E8,2025-10-06
I994189,1336,4.55620149E7,2025-09-02
I994190,721,5.625096529E7,2025-09-10
I994191,214,9512613.95,2025-10-04
I994192,273,6648789.25,2025-09-30
I994193,1950,2.2121634467E8,2025-09-10
I994194,950,1.3220243211E8,2025-10-04
I994195,1607,1.445254313E8,2025-09-07
I994196,794,5.94102747E7,2025-10-22
I994197,1068,1.441780058E7,2025-09-15
I994198,658,4.972601487E7,2025-09-28
I994199,1421,8.175703027E7,2025-09-07
I994200,602,3.438452872E7,2025-10-17
I994201,1665,2.489716985E7,2025-10-14
I994202,1361,1.2484931722E8,2025-09-07
I994203,770,5.001557957E7,2025-10-11
I994204,1318,1.5760920535E8,2025-09-18
I994205,1506,9.254497825E7,2025-10-02
I994206,1713,7.128471688E7,2025-10-11
I994207,1650,5.483847621E7,2025-09-22
I994208,1583,6.943731835E7,2025-09-21
I994209,1930,2.3146030145E8,2025-09-17
I994210,191,1.68125183E7,2025-09-13
I994211,772,9.718648129E7,2025-09-01
I994212,1368,9823211.93,2025-09-06
I994213,941,9.35970661E7,2025-09-19
I994214,211,4638339.7,2025-10-20
I994215,785,4.771902185E7,2025-10-28
I994216,585,1.638763374E7,2025-09-05
I994217,153,2027123.47,2025-10-17
I994218,722,7.297165169E7,2025-09-14
I994219,636,3.600951992E7,2025-10-21
I994220,493,1930756.02,2025-09-30
I994221,1825,2.597217414E7,2025-09-15
I994222,1353,8.398651761E7,2025-09-08
I994223,1958,2.7060703698E8,2025-10-14
I994224,1458,1.3851703798E8,2025-10-27
I994225,1405,1.8837373426E8,2025-09-03
I994226,1883,6.955037294E7,2025-09-18
I994227,1994,1.677180996E8,2025-09-26
I994228,720,1.513786987E7,2025-09-24
I994229,433,5.642198322E7,2025-09-20
I994230,1614,1.3359901136E8,2025-10-06
I994231,630,8.998139856E7,2025-09-05
I994232,1851,2.1964254318E8,2025-09-07
I994233,1765,7.845703784E7,2025-10-30
I994234,130,1.692089095E7,2025-09-04
I994235,91,1.249752503E7,2025-10-24
I994236,1845,2.6113667119E8,2025-09-09
I994237,1182,9.794693217E7,2025-10-11
I994238,322,4.737201647E7,2025-09-10
I994239,770,1.1435971955E8,2025-10-10
I994240,623,7.401632232E7,2025-09-19
I994241,1680,1.3358669963E8,2025-09-04
I994242,1954,6595673.53,2025-09-16
I994243,649,8.516844351E7,2025-09-16
I994244,1962,4.627733521E7,2025-09-05
I994245,1583,2.2287077537E8,2025-10-10
I994246,406,2.234379692E7,2025-09-24
I994247,423,3.652986321E7,2025-10-16
I994248,1283,9.001286224E7,2025-09-27
I994249,1323,7.924570819E7,2025-09-15
I994250,1968,2.8357971107E8,2025-09-29
I994251,1918,3.228672502E7,2025-09-10
I994252,1323,6.176765121E7,2025-10-04
I994253,1181,1.3741953033E8,2025-09-12
I994254,243,8981340.56,2025-10-28
I994255,1454,1.1685091884E8,2025-10-21
I994256,563,2.373142802E7,2025-09-01
I994257,1586,1.3563443307E8,2025-09-18
I994258,565,7895120.43,2025-09-22
I994259,373,2.346330322E7,2025-10-29
I994260,139,1.543523569E7,2025-10-22
I994261,1960,1.7023476674E8,2025-10-12
I994262,1164,1.3971768457E8,2025-10-12
I994263,1349,1.2938760558E8,2025-09-10
I994264,857,4.908217014E7,2025-09-22
I994265,1052,4.288729264E7,2025-10-26
I994266,1903,2.0565120918E8,2025-10-12
I994267,1170,6.023269739E7,2025-09-30
I994268,1707,2.3275250406E8,2025-09-24
I994269,1876,2.3568022595E8,2025-09-07
I994270,1228,1.2919610897E8,2025-10-04
I994271,61,6854179.36,2025-10-18
I994272,1544,8.122365745E7,2025-09-02
I994273,1266,9.166811128E7,2025-10-10
I994274,1692,5.55677149E7,2025-09-10
I994275,1743,1.441834953E7,2025-10-20
I994276,1160,1.5489864551E8,2025-09-10
I994277,1290,1.3403927019E8,2025-10-02
I994278,913,7091678.53,2025-09-28
I994279,60,7874468.14,2025-10-20
I994280,799,2.902293164E7,2025-10-26
I994281,575,7.835682682E7,2025-09-12
I994282,1461,5.105125538E7,2025-10-14
I994283,546,6.78833473E7,2025-10-15
I994284,259,3805730.48,2025-09-14
I994285,516,5.652520261E7,2025-10-23
I994286,1790,1.4475544911E8,2025-10-18
I994287,802,2113428.88,2025-09-23
I994288,1324,1.5352043622E8,2025-09-07
I994289,1401,1.1610047286E8,2025-09-19
I994290,1485,5.754686961E7,2025-09-21
I994291,767,2.92980018E7,2025-10-02
I994292,1401,1.6766519735E8,2025-09-23
I994293,78,974990.08,2025-10-29
I994294,1315,1.0804783247E8,2025-09-12
I994295,1665,1.5290846543E8,2025-09-14
I994296,268,2.622290083E7,2025-09-20
I994297,105,4066585.3,2025-09-20
I994298,1919,2.5911553678E8,2025-09-10
I994299,1729,1.6806960861E8,2025-09-02
I994300,883,1.226144093E7,2025-09-22
I994301,996,1.1121701058E8,2025-09-14
I994302,1142,1.3275960035E8,2025-10-18
I994303,922,9.997044699E7,2025-09-18
I994304,596,1.013561664E7,2025-10-30
I994305,281,3.476439687E7,2025-10-02
I994306,1775,1.6631789874E8,2025-09-21
I994307,511,3.358301176E7,2025-10-01
I994308,1379,1.0500342493E8,2025-10-09
I994309,1790,3.038253534E7,2025-10-02
I994310,1643,1.6798001454E8,2025-10-28
I994311,1595,7.550191495E7,2025-10-25
I994312,1012,4.28733299E7,2025-10-15
I994313,1943,1.8508550047E8,2025-09-30
I994314,498,2.797752512E7,2025-09-11
I994315,182,1.7003849E7,2025-09-29
I994316,1590,6.513057459E7,2025-10-12
I994317,1573,4855295.29,2025-10-21
I994318,251,3.688593238E7,2025-10-14
I994319,1486,1.1451088036E8,2025-10-14
I994320,1413,7.611964087E7,2025-10-25
I994321,1589,1.9657579004E8,2025-09-12
I994322,1724,2.693734568E7,2025-09-21
I994323,1352,1.8216128741E8,2025-09-09
I994324,1839,2.5367259666E8,2025-10-01
I994325,337,2.329588378E7,2025-10-13
I994326,737,2.502243975E7,2025-10-16
I994327,1811,1.1347058756E8,2025-10-15
I994328,1327,1765320.1,2025-09-05
I994329,1004,7.911675408E7,2025-09-12
I994330,605,610861.13,2025-09-21
I994331,1331,3.382658939E7,2025-10-08
I994332,1384,1.9520954791E8,2025-10-28
I994333,997,1.3299979941E8,2025-09-02
I994334,1360,1.034311354E7,2025-10-14
I994335,995,1.1449100695E8,2025-10-28
I994336,1029,5.744604373E7,2025-09-12
I994337,1274,1.1089950075E8,2025-10-10
I994338,598,2.355660741E7,2025-09-02
I994339,1232,6.674428013E7,2025-09-11
I994340,604,8.345968114E7,2025-10-10
I994341,391,2328114.09,2025-09-15
I994342,214,9252422.19,2025-10-24
I994343,128,1.629142196E7,2025-10-21
I994344,1026,1.4356741718E8,2025-09-07
I994345,272,1.942486333E7,2025-09-19
I994346,1025,1.4434400223E8,2025-09-22
I994347,287,4.071310203E7,2025-09-09
I994348,767,5.655802457E7,2025-09-30
I994349,1512,2.227548078E7,2025-10-25
I994350,1597,1.5872414063E8,2025-09-21
I994351,909,1.462948621E7,2025-10-12
I994352,1915,1.6708117453E8,2025-10-13
I994353,1352,4.856170831E7,2025-09-22
I994354,1354,4.898280128E7,2025-10-02
I994355,867,3789020.15,2025-10-21
I994356,1099,1.2826025E7,2025-10-02
I994357,938,9.334717852E7,2025-09-26
I994358,304,4.133904163E7,2025-10-12
I994359,453,5.50454033E7,2025-10-08
I994360,1728,6.601051445E7,2025-10-13
I994361,729,4.755350978E7,2025-10-21
I994362,681,3.318799472E7,2025-10-24
I994363,1223,1.5422248124E8,2025-09-07
I994364,1713,3.200808541E7,2025-09-10
I994365,1058,1.083710817E7,2025-09-10
I994366,1114,4.266115694E7,2025-10-18
I994367,1501,1.1815353014E8,2025-09-07
I994368,1652,9.644741577E7,2025-09-22
I994369,638,5589061.33,2025-09-07
I994370,75,9896102.72,2025-09-15
I994371,924,6.535099009E7,2025-09-29
I994372,155,9577249.48,2025-09-28
I994373,1016,1.0077503192E8,2025-10-12
I994374,597,4.508845995E7,2025-09-05
I994375,774,4.662266296E7,2025-10-17
I994376,889,8.256154226E7,2025-10-19
I994377,1592,2.3692033219E8,2025-09-18
I994378,386,2.853274127E7,2025-10-10
I994379,1304,1.8898114939E8,2025-10-19
I994380,1228,1.5066013305E8,2025-09-28
I994381,1940,5945342.62,2025-09-16
I994382,436,6277553.28,2025-10-17
I994383,481,6.213941353E7,2025-10-24
I994384,1588,1.3877051378E8,2025-10-07
I994385,705,4.737870026E7,2025-09-19
I994386,1416,8.959614958E7,2025-09-24
I994387,960,2.16173352E7,2025-09-27
I994388,1180,1.4380377877E8,2025-09-21
I994389,1392,1.8921676685E8,2025-10-27
I994390,1945,1.0418421858E8,2025-10-13
I994391,300,3.21665112E7,2025-09-27
I994392,1815,3.07557797E7,2025-10-25
I994393,116,664306.65,2025-09-05
I994394,1814,2.0595192222E8,2025-09-03
I994395,855,2987937.49,2025-10-08
I994396,1713,5.152759359E7,2025-09-24
I994397,901,1.0443199048E8,2025-09-05
I994398,1789,1.4183802174E8,2025-09-08
I994399,1098,1.030316989E8,2025-09-26
I994400,1088,3.310941777E7,2025-09-03
I994401,1903,6.253327507E7,2025-09-10
I994402,1205,1.661903054E7,2025-10-26
I994403,86,1.191363154E7,2025-10-29
I994404,1872,1.7711537084E8,2025-09-13
I994405,1913,2.1899228215E8,2025-10-05
I994406,338,8824055.47,2025-09-10
I994407,1398,2345147.24,2025-10-19
I994408,1934,8796781.38,2025-10-27
I994409,186,4861553.33,2025-09-13
I994410,1200,5.743069714E7,2025-10-29
I994411,1335,8.686011197E7,2025-10-17
I994412,1713,1.2582756052E8,2025-09-12
I994413,1515,2.2222790342E8,2025-10-24
I994414,1211,1.2973090819E8,2025-09-21
I994415,1013,1.1866278864E8,2025-10-31
I994416,470,2.065737075E7,2025-10-03
I994417,550,2.794278584E7,2025-10-28
I994418,1387,2426510.14,2025-09-24
I994419,385,3.905756063E7,2025-09-03
I994420,962,1.4209277507E8,2025-09-27
I994421,158,1.104584339E7,2025-10-14
I994422,486,2.886543389E7,2025-10-19
I994423,1659,4.315994267E7,2025-10-07
I994424,1018,6.917056371E7,2025-09-05
I994425,1341,1.3765177227E8,2025-10-26
I994426,1091,5893647.57,2025-10-28
I994427,1496,3.178415766E7,2025-09-19
I994428,1445,1.3526961535E8,2025-09-13
I994429,360,6940283.66,2025-10-02
I994430,591,5.702284005E7,2025-10-30
I994431,300,8129355.74,2025-09-10
I994432,476,6.790601855E7,2025-09-24
I994433,1077,1.55539047E7,2025-10-12
I994434,1895,1.3009904616E8,2025-10-13
I994435,865,2.127022428E7,2025-10-03
I994436,1755,1.1986258505E8,2025-09-04
I994437,892,1.0805928934E8,2025-10-03
I994438,686,8.846933876E7,2025-10-16
I994439,782,6.916976917E7,2025-09-06
I994440,1719,5.850685828E7,2025-09-11
I994441,1724,2.77300655E7,2025-10-03
I994442,1324,1.6232309654E8,2025-09-09
I994443,1433,1.4193537772E8,2025-09-12
I994444,799,5.223714922E7,2025-10-01
I994445,855,9.808097034E7,2025-09-20
I994446,1172,9.183984325E7,2025-10-07
I994447,373,4.78903156E7,2025-10-24
I994448,1032,1.1019268638E8,2025-10-23
I994449,1354,1.302000427E7,2025-09-30
I994450,1526,1.7542194708E8,2025-09-12
I994451,102,6851790.81,2025-09-16
I994452,153,2.05843291E7,2025-09-05
I994453,175,1914944.81,2025-10-22
I994454,723,4.637358224E7,2025-09-24
I994455,204,2.166830307E7,2025-10-25
I994456,1842,1.5917432379E8,2025-09-24
I994457,696,9.913285462E7,2025-10-30
I994458,246,1.789798084E7,2025-10-07
I994459,1900,2.886734379E7,2025-10-12
I994460,1545,1.2575128923E8,2025-09-30
I994461,496,1.717923097E7,2025-10-16
I994462,474,6.420489851E7,2025-09-27
I994463,1592,1.9137518073E8,2025-09-18
I994464,1200,1.2548245057E8,2025-10-31
I994465,1252,1.645136975E7,2025-09-01
I994466,1487,1.6777753543E8,2025-10-08
I994467,1575,2.189348727E7,2025-09-06
I994468,1093,2.815386689E7,2025-10-07
I994469,1364,1.5041955524E8,2025-10-31
I994470,80,5136545.02,2025-09-24
I994471,787,8.54020435E7,2025-09-22
I994472,510,1664825.11,2025-09-19
I994473,1991,1.4039645853E8,2025-09-08
I994474,1777,1.6477896618E8,2025-10-14
I994475,68,4692137.01,2025-10-04
I994476,925,3.324980531E7,2025-09-25
I994477,1202,2.659853017E7,2025-10-07
I994478,1943,4.712789501E7,2025-09-07
I994479,1528,8.790461383E7,2025-10-03
I994480,1824,9.114843215E7,2025-10-22
I994481,1513,9.704994844E7,2025-10-07
I994482,177,1.420027523E7,2025-10-04
I994483,1540,9.579634264E7,2025-10-13
I994484,1211,635962.43,2025-10-09
I994485,1338,4.84242504E7,2025-09-04
I994486,1919,1.2352215259E8,2025-10-05
I994487,193,1.68363812E7,2025-10-22
I994488,470,6.282992211E7,2025-09-27
I994489,1883,1.2287764217E8,2025-09-15
I994490,643,5.403887571E7,2025-09-13
I994491,1852,2.0751473691E8,2025-09-07
I994492,1843,6.636012781E7,2025-10-07
I994493,1024,1.2597670164E8,2025-09-09
I994494,1371,3.232797797E7,2025-09-28
I994495,432,6.168098532E7,2025-10-19
I994496,992,7.792725947E7,2025-10-05
I994497,1964,4.929339986E7,2025-09-16
I994498,1191,1.4977322922E8,2025-09-17
I994499,265,2330765.75,2025-10-12
I994500,916,6.821568216E7,2025-09-24
I994501,1826,5.184858148E7,2025-09-03
I994502,485,6715268.11,2025-09-18
I994503,790,5.007251957E7,2025-10-04
I994504,1135,6.204439196E7,2025-10-27
I994505,1120,1.4733992955E8,2025-09-07
I994506,1296,1.4817280784E8,2025-10-26
I994507,1589,1.1244342626E8,2025-09-19
I994508,1326,1.3218630409E8,2025-10-07
I994509,102,400264.68,2025-09-11
I994510,1013,7.346382023E7,2025-10-20
I994511,344,2.03512481E7,2025-09-10
I994512,494,5.318761846E7,2025-09-17
I994513,1381,7.45901827E7,2025-10-06
I994514,1610,1.8238608358E8,2025-10-09
I994515,1677,6.272865353E7,2025-10-15
I994516,732,3.990033121E7,2025-10-17
I994517,1966,2.2984920588E8,2025-10-20
I994518,598,6.597120285E7,2025-09-05
I994519,1155,3.125602066E7,2025-10-20
I994520,204,2.948946672E7,2025-09-14
I994521,1015,1.441766662E7,2025-09-28
I994522,1530,2.1674880389E8,2025-10-05
I994523,153,1.267878343E7,2025-09-12
I994524,655,1.686814978E7,2025-10-08
I994525,902,3.894342809E7,2025-10-29
I994526,1219,8.486283449E7,2025-09-03
I994527,1979,1.7200203639E8,2025-10-23
I994528,1769,4.642931606E7,2025-09-29
I994529,458,3569219.37,2025-10-06
I994530,1063,1.002000398E7,2025-10-22
I994531,1143,4.59067369E7,2025-09-15
I994532,1496,1.386494716E8,2025-10-21
I994533,1032,7.569022787E7,2025-10-04
I994534,1712,2.4333477163E8,2025-09-20
I994535,1255,1.7759968168E8,2025-09-02
I994536,122,6620937.4,2025-09-26
I994537,329,4.831436133E7,2025-09-12
I994538,1901,2.3786564083E8,2025-10-06
I994539,1571,1.3564543841E8,2025-09-27
I994540,646,5.087416679E7,2025-10-03
I994541,1269,1.1319581964E8,2025-09-14
I994542,1527,1.8838955829E8,2025-10-13
I994543,1784,2.631111019E7,2025-10-25
I994544,1703,2.5400747759E8,2025-10-02
I994545,1065,1.2630661925E8,2025-10-27
I994546,579,6.60411287E7,2025-09-26
I994547,598,769693.67,2025-09-25
I994548,1676,1.1148089889E8,2025-10-22
I994549,1558,1.4342877513E8,2025-09-02
I994550,1817,1.6276151353E8,2025-09-25
I994551,767,1.715266565E7,2025-09-11
I994552,165,7042753.75,2025-09-24
I994553,102,7984011.64,2025-10-24
I994554,1314,1.259828491E8,2025-10-21
I994555,592,4.23516299E7,2025-09-07
I994556,1491,1.0813276369E8,2025-10-02
I994557,1995,9.960306617E7,2025-10-07
I994558,707,3.268214847E7,2025-09-25
I994559,1093,1.971949242E7,2025-10-20
I994560,413,4.299586754E7,2025-09-13
I994561,1462,1.5787956501E8,2025-10-18
I994562,709,1.61740356E7,2025-09-14
I994563,488,3.190267066E7,2025-10-23
I994564,708,8.813768529E7,2025-10-06
I994565,838,1.1243540975E8,2025-09-15
I994566,565,7.346934456E7,2025-09-09
I994567,1610,4877279.73,2025-09-21
I994568,480,8358667.15,2025-09-25
I994569,1307,1.3415817989E8,2025-09-10
I994570,1096,1.162233105E8,2025-09-20
I994571,585,1.917739185E7,2025-10-19
I994572,1664,2.3550628613E8,2025-09-21
I994573,836,969712.16,2025-09-04
I994574,368,3.116534093E7,2025-09-02
I994575,186,1.626737859E7,2025-10-17
I994576,999,7.776585156E7,2025-09-23
I994577,1482,1.7188267924E8,2025-10-16
I994578,1013,7.056779433E7,2025-09-28
I994579,444,3.742853304E7,2025-10-04
I994580,624,6.795816298E7,2025-09-13
I994581,454,5.138056842E7,2025-10-08
I994582,1223,1.3236938333E8,2025-10-05
I994583,1282,4.877504078E7,2025-09-23
I994584,737,8.990408167E7,2025-09-10
I994585,1395,1.6699018832E8,2025-09-02
I994586,181,6439137.67,2025-10-29
I994587,291,3.998252992E7,2025-09-13
I994588,1796,2.3216979884E8,2025-09-12
I994589,1722,1.8957710141E8,2025-09-02
I994590,1975,1.4716827199E8,2025-09-20
I994591,475,6.496897688E7,2025-09-17
I994592,1884,1550419.39,2025-09-23
I994593,341,1.652772544E7,2025-10-21
I994594,974,6.16874587E7,2025-09-26
I994595,294,1.551290895E7,2025-10-31
I994596,1128,1.0741009666E8,2025-10-01
I994597,144,1.979737013E7,2025-10-10
I994598,1158,6.718873968E7,2025-09-09
I994599,555,3.933418056E7,2025-10-27
I994600,258,1.948489271E7,2025-10-08
I994601,1683,7.995972416E7,2025-10-12
I994602,1653,7.719766441E7,2025-09-15
I994603,1271,1.5345629539E8,2025-09-14
I994604,316,3.616030136E7,2025-09-17
I994605,798,3.75260305E7,2025-09-07
I994606,1135,4.659660382E7,2025-10-14
I994607,1116,5.456990337E7,2025-09-04
I994608,433,2.080261712E7,2025-09-17
I994609,221,9880002.29,2025-10-07
I994610,871,1.2682322223E8,2025-09-24
I994611,462,1367060.92,2025-10-07
I994612,167,1.048312618E7,2025-10-20
I994613,1040,7.573077557E7,2025-09-30
I994614,1128,3.524499654E7,2025-10-24
I994615,605,7.48814282E7,2025-09-11
I994616,1395,4.713325113E7,2025-09-17
I994617,223,8762034.54,2025-09-27
I994618,106,9531476.01,2025-10-19
I994619,119,5953553.02,2025-09-11
I994620,750,7.599295992E7,2025-09-09
I994621,802,3.969246714E7,2025-10-25
I994622,1736,1.894634226E7,2025-10-11
I994623,1027,1.2917386759E8,2025-09-23
I994624,1438,4.156856815E7,2025-10-02
I994625,1844,1.4615266903E8,2025-10-05
I994626,1493,6.62604129E7,2025-10-26
I994627,754,6.970876703E7,2025-10-10
I994628,1146,5.052934974E7,2025-09-17
I994629,1754,4.781605881E7,2025-09-09
I994630,912,1.03972259E8,2025-10-20
I994631,1430,1.3326689379E8,2025-09-08
I994632,943,2.551704905E7,2025-10-07
I994633,1311,3.215987817E7,2025-09-24
I994634,1864,1.8892665379E8,2025-09-11
I994635,1170,6.516662084E7,2025-10-28
I994636,636,3.100148286E7,2025-10-22
I994637,337,1.47314164E7,2025-10-05
I994638,729,4.30291577E7,2025-10-29
I994639,1404,1.5618173749E8,2025-10-20
I994640,1153,1.3047965146E8,2025-09-18
I994641,1379,1.3166032185E8,2025-10-17
I994642,1168,1.2504483183E8,2025-09-14
I994643,1222,9.267468438E7,2025-10-23
I994644,1620,1.5826474595E8,2025-09-15
I994645,67,4687571.08,2025-10-21
I994646,1168,1.2809779162E8,2025-09-10
I994647,723,3.266174436E7,2025-09-08
I994648,404,4.802367289E7,2025-10-11
I994649,949,5.254298404E7,2025-10-21
I994650,201,2.775124011E7,2025-09-27
I994651,446,1.648048789E7,2025-09-23
I994652,861,4.753074677E7,2025-09-23
I994653,586,1.707029027E7,2025-09-06
I994654,113,7481323.08,2025-10-24
I994655,1687,2.1149255192E8,2025-10-31
I994656,245,6261533.05,2025-09-07
I994657,1618,1.6567900275E8,2025-10-02
I994658,1448,1.1024658213E8,2025-09-24
I994659,1988,2.276982041E7,2025-09-02
I994660,132,1.751078929E7,2025-09-20
I994661,795,8.713088225E7,2025-10-16
I994662,1337,5.313699048E7,2025-09-07
I994663,1845,1.4335110394E8,2025-09-03
I994664,1467,1.606474458E8,2025-09-11
I994665,1471,1.0953550941E8,2025-10-11
I994666,1041,1.3203660437E8,2025-09-20
I994667,692,8.573295172E7,2025-10-24
I994668,1114,6.071719132E7,2025-09-07
I994669,629,3.481439394E7,2025-09-22
I994670,1438,1.4415140561E8,2025-09-04
I994671,1078,1.0629507128E8,2025-10-26
I994672,1912,1.6979275811E8,2025-09-23
I994673,1612,8.16437392E7,2025-10-02
I994674,1759,1.2664829566E8,2025-10-14
I994675,230,1.560195788E7,2025-09-23
I994676,644,8.177200807E7,2025-10-16
I994677,512,1.39089888E7,2025-10-09
I994678,270,3.930069194E7,2025-09-18
I994679,376,4.918057746E7,2025-10-25
I994680,1393,1.529309492E7,2025-09-13
I994681,1380,3.596902706E7,2025-10-30
I994682,991,1.2341628915E8,2025-09-14
I994683,828,1.0228392033E8,2025-10-12
I994684,84,9854936.33,2025-09-02
I994685,1625,1.5346214224E8,2025-09-11
I994686,508,6.163319649E7,2025-10-14
I994687,700,7761208.25,2025-10-03
I994688,1072,1.1492503939E8,2025-10-27
I994689,1830,2.5735714641E8,2025-10-16
I994690,752,5.143564969E7,2025-09-05
I994691,1342,1.3834156053E8,2025-10-11
I994692,1828,2.0187774404E8,2025-10-04
I994693,1479,7.226844964E7,2025-09-18
I994694,1240,1.8052536435E8,2025-09-18
I994695,936,1.452130964E7,2025-09-27
I994696,292,2.059594673E7,2025-10-11
I994697,1604,1.9515009373E8,2025-09-03
I994698,1257,1.8615866581E8,2025-09-09
I994699,950,4.143867216E7,2025-09-26
I994700,873,1.227006569E8,2025-09-09
I994701,338,1.57152078E7,2025-10-26
I994702,1384,1.9123392459E8,2025-09-04
I994703,592,7.43309991E7,2025-09-07
I994704,772,7.031075272E7,2025-10-13
I994705,1158,2.935926507E7,2025-10-01
I994706,206,1719106.26,2025-09-02
I994707,848,3.650426306E7,2025-10-11
I994708,1221,4.850471663E7,2025-09-16
I994709,1885,2.2582117132E8,2025-09-26
I994710,1352,8.311766183E7,2025-10-27
I994711,695,1.303595487E7,2025-10-01
I994712,1486,4.052281727E7,2025-10-31
I994713,1619,5.056809646E7,2025-09-08
I994714,580,7988977.27,2025-09-01
I994715,522,6524006.68,2025-10-17
I994716,256,3.121150784E7,2025-10-09
I994717,1359,1.0687042494E8,2025-10-10
I994718,1858,2.4060631544E8,2025-09-03
I994719,1029,1.0014501538E8,2025-09-22
I994720,1772,7.032549291E7,2025-10-12
I994721,569,5.814910526E7,2025-09-28
I994722,1007,4.455006265E7,2025-09-02
I994723,185,1.619214339E7,2025-09-01
I994724,787,8.612951798E7,2025-09-22
I994725,770,3.45826371E7,2025-09-24
I994726,695,9.131964405E7,2025-10-19
I994727,768,9.341733699E7,2025-10-30
I994728,1114,2.759018919E7,2025-09-29
I994729,682,5.889136678E7,2025-10-12
I994730,621,7.323124453E7,2025-09-02
I994731,397,4.747665125E7,2025-09-29
I994732,1521,1.6929637413E8,2025-09-14
I994733,1903,5.374660392E7,2025-10-18
I994734,738,9.875748666E7,2025-10-19
I994735,1890,3.329947835E7,2025-09-23
I994736,872,1.1213013225E8,2025-09-11
I994737,953,5.853725344E7,2025-10-11
I994738,435,1.564424253E7,2025-09-07
I994739,782,1.1681591927E8,2025-10-25
I994740,899,1.1167431216E8,2025-09-27
I994741,1396,3.590673581E7,2025-10-13
I994742,724,8.91425976E7,2025-09-17
I994743,1156,1.3807058037E8,2025-09-06
I994744,1134,1.3013058355E8,2025-09-19
I994745,1054,7.126444282E7,2025-09-22
I994746,644,1.81165225E7,2025-10-17
I994747,1937,2.0307548991E8,2025-09-14
I994748,605,2.721075517E7,2025-10-28
I994749,1640,1.31120637E7,2025-10-16
I994750,1951,1.8922251227E8,2025-10-31
I994751,626,3.095766422E7,2025-09-25
I994752,1709,1.8684264134E8,2025-10-30
I994753,1763,1.5470463968E8,2025-09-21
I994754,1500,6.540405562E7,2025-10-20
I994755,689,8.078823856E7,2025-09-27
I994756,242,1.758396986E7,2025-09-16
I994757,1917,2.7115818441E8,2025-10-20
I994758,843,8.754868506E7,2025-09-27
I994759,1126,1.3986317458E8,2025-10-25
I994760,117,2264734.79,2025-09-18
I994761,970,6.631919247E7,2025-09-10
I994762,1632,1.9819841373E8,2025-09-30
I994763,151,2152022.19,2025-10-16
I994764,272,3.757094813E7,2025-09-16
I994765,274,1.484524762E7,2025-09-07
I994766,1553,5.686928905E7,2025-10-10
I994767,1411,9.924948699E7,2025-10-07
I994768,1510,1.8230134693E8,2025-10-07
I994769,83,1764616.05,2025-09-26
I994770,325,2.783489405E7,2025-10-14
I994771,328,1.91024282E7,2025-09-14
I994772,218,113622.56,2025-10-04
I994773,245,9115653.92,2025-09-28
I994774,552,7.419193217E7,2025-09-03
I994775,1495,1.6764644037E8,2025-09-04
I994776,1166,6.826492787E7,2025-10-25
I994777,702,5.705459292E7,2025-10-26
I994778,1378,1.797877295E7,2025-09-27
I994779,1098,8.86681153E7,2025-09-15
I994780,1444,3.773888026E7,2025-10-14
I994781,1748,1.3559858526E8,2025-10-11
I994782,337,2.905568165E7,2025-09-14
I994783,457,1.379089091E7,2025-10-28
I994784,561,7.35400768E7,2025-10-28
I994785,1476,5.79614092E7,2025-10-25
I994786,754,7.97402391E7,2025-10-23
I994787,58,956257.99,2025-09-17
I994788,1154,2.618469992E7,2025-10-06
I994789,406,3.665366981E7,2025-09-13
I994790,1334,7.613656925E7,2025-09-20
I994791,1198,5.401450217E7,2025-09-30
I994792,1300,2.017865009E7,2025-10-30
I994793,1931,2.021493395E7,2025-09-17
I994794,1160,7.644807869E7,2025-09-30
I994795,1844,1.1240902037E8,2025-10-11
I994796,1233,2.362650711E7,2025-09-04
I994797,793,1.0875122664E8,2025-10-10
I994798,1830,2.7354587865E8,2025-10-20
I994799,1023,7.669782246E7,2025-09-16
I994800,724,3.289320703E7,2025-09-01
I994801,1667,1.2702707071E8,2025-09-30
I994802,1576,1.6637907947E8,2025-10-25
I994803,404,3.595255042E7,2025-10-01
I994804,1287,1.1173689344E8,2025-10-16
I994805,497,2.695853158E7,2025-09-16
I994806,1035,7.329730824E7,2025-10-01
I994807,1250,6.395596426E7,2025-10-04
I994808,763,8230329.53,2025-09-26
I994809,189,4593163.46,2025-10-02
I994810,584,2.42062351E7,2025-09-06
I994811,1141,1.4217319643E8,2025-10-24
I994812,1468,1.5218615042E8,2025-10-02
I994813,1373,1.4936570729E8,2025-10-26
I994814,200,1.27394654E7,2025-09-23
I994815,1316,5.345258772E7,2025-10-22
I994816,1434,5.64025763E7,2025-10-29
I994817,1151,5206322.3,2025-10-29
I994818,333,4.546817735E7,2025-10-27
I994819,1475,1.355007437E7,2025-10-07
I994820,1377,1.8492567684E8,2025-10-31
I994821,1788,1.007688118E7,2025-10-30
I994822,1109,1.71341606E7,2025-10-08
I994823,1546,2.0099964412E8,2025-09-18
I994824,950,1.2882682982E8,2025-09-01
I994825,1602,1.3488606222E8,2025-10-21
I994826,1871,1.399522501E7,2025-09-24
I994827,146,1.632503751E7,2025-10-28
I994828,134,1.730191255E7,2025-10-29
I994829,1937,7.75206991E7,2025-09-27
I994830,234,6568241.55,2025-09-30
I994831,59,4192209.32,2025-10-10
I994832,877,1.930298687E7,2025-09-15
I994833,1829,2.6797448776E8,2025-10-12
I994834,1885,1.3791107125E8,2025-09-30
I994835,442,2.383771116E7,2025-09-14
I994836,549,6.938505448E7,2025-09-03
I994837,694,2584492.42,2025-10-26
I994838,182,4688429.65,2025-10-04
I994839,1226,1.554793524E7,2025-09-19
I994840,1441,1.7134384926E8,2025-10-17
I994841,811,5.852258498E7,2025-10-20
I994842,594,9445092.4,2025-09-19
I994843,1437,1.539128708E7,2025-09-09
I994844,1048,6.341879148E7,2025-09-20
I994845,1510,2.0864715767E8,2025-09-28
I994846,1788,1.4944085518E8,2025-10-02
I994847,1814,2.0871257054E8,2025-09-28
I994848,1779,1.9228297058E8,2025-09-01
I994849,1626,1.0009551253E8,2025-09-04
I994850,564,7.365884377E7,2025-09-08
I994851,984,5.94244582E7,2025-09-29
I994852,1652,8.156140677E7,2025-10-31
I994853,1731,8.924733434E7,2025-10-29
I994854,141,8275620.26,2025-10-07
I994855,377,8843356.48,2025-09-09
I994856,1621,3.711748273E7,2025-09-26
I994857,1540,1.2056346966E8,2025-10-17
I994858,1428,1.5766624536E8,2025-10-27
I994859,739,1129803.1,2025-10-15
I994860,1607,8.860688558E7,2025-10-26
I994861,804,6.149486557E7,2025-10-02
I994862,697,7.411660631E7,2025-10-30
I994863,191,2.097422742E7,2025-10-02
I994864,1623,1.4568518322E8,2025-09-08
I994865,1895,2.093113639E7,2025-09-10
I994866,140,1.453366383E7,2025-09-16
I994867,550,7.9103345E7,2025-10-06
I994868,1180,8338830.65,2025-09-15
I994869,1224,3.028315709E7,2025-10-12
I994870,1562,1.653748825E7,2025-10-01
I994871,1624,7.62450338E7,2025-09-24
I994872,1200,1.3644396037E8,2025-10-04
I994873,353,1731942.69,2025-09-12
I994874,881,2.503455464E7,2025-09-11
I994875,1080,5.6368331E7,2025-10-19
I994876,1800,1.812876584E8,2025-10-21
I994877,1873,6.887311132E7,2025-10-04
I994878,1914,1.3629499767E8,2025-10-27
I994879,936,2.866987535E7,2025-10-21
I994880,81,5398585.1,2025-09-02
I994881,626,9.130060807E7,2025-10-28
I994882,1234,9.282423688E7,2025-09-19
I994883,1242,5.419228999E7,2025-09-22
I994884,900,5.643085288E7,2025-10-12
I994885,670,5.426829719E7,2025-09-02
I994886,1687,1.9490736196E8,2025-10-14
I994887,1317,1.0537552196E8,2025-10-12
I994888,471,3.634467037E7,2025-09-19
I994889,1580,1.0812490331E8,2025-10-30
I994890,615,1.830473386E7,2025-10-15
I994891,1370,1.1156791095E8,2025-10-03
I994892,1945,1.2786326206E8,2025-10-15
I994893,136,382090.54,2025-09-04
I994894,1448,1.1181547732E8,2025-10-10
I994895,1939,1.535868145E7,2025-10-18
I994896,1146,1.3250058882E8,2025-10-02
I994897,1677,1.245896974E7,2025-10-10
I994898,1099,1.4306159793E8,2025-10-02
I994899,1035,1.1408029099E8,2025-10-01
I994900,306,3.433033777E7,2025-10-07
I994901,1127,1.1788961107E8,2025-10-19
I994902,854,2.616312419E7,2025-10-20
I994903,153,1.818705587E7,2025-09-17
I994904,1587,4.267631802E7,2025-09-07
I994905,81,9668941.08,2025-09-22
I994906,1388,9.646553926E7,2025-10-11
I994907,417,4.746052193E7,2025-10-18
I994908,763,5611080.1,2025-10-02
I994909,1526,7.024968832E7,2025-10-31
I994910,597,3.227774607E7,2025-10-21
I994911,1308,9.399109074E7,2025-10-26
I994912,737,3.808159011E7,2025-10-06
I994913,150,1.809953292E7,2025-09-20
I994914,796,6.948781305E7,2025-09-21
I994915,433,2.814441675E7,2025-09-05
I994916,1996,8.428973988E7,2025-09-03
I994917,1774,2.4353155135E8,2025-09-12
I994918,1713,6004470.76,2025-10-20
I994919,655,1.307498667E7,2025-09-14
I994920,1334,1.4796876748E8,2025-10-29
I994921,1808,6.991520112E7,2025-10-22
I994922,432,7189254.26,2025-10-15
I994923,613,1.113951997E7,2025-10-18
I994924,480,1799108.31,2025-09-15
I994925,645,6.971900619E7,2025-10-12
I994926,823,6.154986613E7,2025-10-01
I994927,1963,5.660861337E7,2025-09-09
I994928,1237,5.157972665E7,2025-09-07
I994929,887,8.668319237E7,2025-09-10
I994930,1390,1.4266359039E8,2025-09-01
I994931,362,2.373811649E7,2025-10-27
I994932,267,3636643.14,2025-09-17
I994933,131,9906775.34,2025-10-18
I994934,1459,1.1975327165E8,2025-09-08
I994935,1285,1.0066698315E8,2025-09-29
I994936,1403,1.7719703958E8,2025-10-09
I994937,1298,1.7996791503E8,2025-10-26
I994938,1114,1.4430987006E8,2025-10-05
I994939,291,3.65925655E7,2025-09-27
I994940,121,1.676109599E7,2025-10-17
I994941,496,1.184428881E7,2025-10-23
I994942,1260,1.4611243207E8,2025-10-07
I994943,869,9.845263438E7,2025-10-12
I994944,363,1558627.33,2025-09-05
I994945,1881,9580749.72,2025-09-30
I994946,1328,1.0941538587E8,2025-10-24
I994947,1350,1.0073448953E8,2025-09-25
I994948,983,1.4536354263E8,2025-09-26
I994949,1759,6.323254751E7,2025-09-09
I994950,955,2.811796639E7,2025-09-20
I994951,593,5.403018973E7,2025-10-23
I994952,1519,2609141.96,2025-10-03
I994953,1425,1.6632151824E8,2025-09-25
I994954,1596,1.4378552762E8,2025-10-01
I994955,407,1.86366589E7,2025-10-08
I994956,1388,1.0725003389E8,2025-09-12
I994957,634,7.329872528E7,2025-09-08
I994958,1344,1.5443374175E8,2025-10-12
I994959,424,5.085895102E7,2025-10-26
I994960,1609,4.825149837E7,2025-10-13
I994961,1125,5.539412203E7,2025-10-01
I994962,899,1.1953041514E8,2025-09-15
I994963,252,2.438200768E7,2025-10-13
I994964,789,4.513385715E7,2025-10-07
I994965,1453,2.017181463E7,2025-10-19
I994966,729,4.08501195E7,2025-09-02
I994967,946,3.129044324E7,2025-09-20
I994968,481,1.066899836E7,2025-10-01
I994969,1554,1.5098837967E8,2025-10-23
I994970,152,1.278991594E7,2025-10-29
I994971,338,2.702129172E7,2025-09-07
I994972,362,3.986073276E7,2025-09-09
I994973,1218,1.7758292191E8,2025-09-11
I994974,809,5.961506641E7,2025-10-08
I994975,1945,1.5261994285E8,2025-09-10
I994976,1789,1.633245098E7,2025-10-07
I994977,605,1.297987871E7,2025-10-05
I994978,1627,3.949996515E7,2025-09-04
I994979,822,1784501.97,2025-10-29
I994980,967,6964343.78,2025-09-11
I994981,1914,6.649037533E7,2025-10-24
I994982,144,2420845.11,2025-09-26
I994983,1242,1.3510627765E8,2025-10-01
I994984,1010,9.746932486E7,2025-10-01
I994985,993,1.498116946E7,2025-09-20
I994986,234,3809088.37,2025-09-02
I994987,209,1.605964215E7,2025-10-12
I994988,1169,2.915396228E7,2025-09-22
I994989,1930,1.8106120082E8,2025-09-22
I994990,140,1.824221112E7,2025-10-13
I994991,1848,2.3973428695E8,2025-09-14
I994992,808,9.871935596E7,2025-09-02
I994993,1949,2.564438371E7,2025-10-20
I994994,90,6407970.06,2025-10-03
I994995,585,2.066568945E7,2025-09-01
I994996,275,1.208951553E7,2025-09-28
I994997,686,7.714970594E7,2025-09-04
I994998,1183,5.002431943E7,2025-10-04
I994999,384,2.524841295E7,2025-09-04
I995000,863,7.002888683E7,2025-10-27
I995001,1307,7.839598704E7,2025-10-11
I995002,322,3.916328906E7,2025-09-30
I995003,1028,1.3485802826E8,2025-10-03
I995004,182,1.013899143E7,2025-09-19
I995005,1826,1.3433651963E8,2025-10-29
I995006,1030,9.42104858E7,2025-10-21
I995007,1667,2.2799195276E8,2025-10-20
I995008,1080,1.3630425652E8,2025-10-13
I995009,522,7.093872516E7,2025-10-17
I995010,194,2.495037323E7,2025-09-07
I995011,1631,1.9349466092E8,2025-10-30
I995012,970,1.4351455565E8,2025-10-05
I995013,62,4848242.15,2025-09-11
I995014,1596,1.5866773357E8,2025-09-16
I995015,1644,2.1034421871E8,2025-10-25
I995016,713,7.638343296E7,2025-09-02
I995017,795,3.959195668E7,2025-10-19
I995018,1847,2.0046341779E8,2025-10-04
I995019,1571,2.030962745E8,2025-10-02
I995020,871,9.155181116E7,2025-09-08
I995021,540,5.033118608E7,2025-10-24
I995022,1316,1.218521617E8,2025-09-25
I995023,240,1.879915143E7,2025-10-29
I995024,1629,1.9992705732E8,2025-09-01
I995025,1773,8.567037953E7,2025-10-13
I995026,1396,1.5410271888E8,2025-09-17
I995027,93,7471931.51,2025-09-05
I995028,1065,1.4622481332E8,2025-09-10
I995029,62,4609219.32,2025-10-14
I995030,1885,6313567.2,2025-09-09
I995031,486,4.133774379E7,2025-09-03
I995032,1697,6.952588291E7,2025-10-12
I995033,1809,2.100326282E7,2025-10-13
I995034,1916,2.7975879602E8,2025-09-05
I995035,1455,1.8463890758E8,2025-09-15
I995036,789,3.906694807E7,2025-09-05
I995037,1377,5.610384498E7,2025-09-30
I995038,591,6.004919638E7,2025-09-15
I995039,1475,1.6936074319E8,2025-10-23
I995040,476,4.161031889E7,2025-09-15
I995041,1464,7.447229413E7,2025-10-17
I995042,482,3.669427874E7,2025-10-21
I995043,1732,1.4734336527E8,2025-10-09
I995044,1142,1.6381923028E8,2025-09-22
I995045,479,3.634382874E7,2025-09-26
I995046,1554,1.4962868154E8,2025-09-15
I995047,1214,1.434803234E8,2025-10-23
I995048,106,8998545.43,2025-09-16
I995049,605,5.594693341E7,2025-09-04
I995050,1085,7.042819633E7,2025-10-15
I995051,1205,1.6766367029E8,2025-10-26
I995052,615,5.779341554E7,2025-10-04
I995053,714,7.728430362E7,2025-10-25
I995054,1301,1.5019154677E8,2025-10-13
I995055,392,4987184.56,2025-09-05
I995056,686,8.707231152E7,2025-10-15
I995057,1588,1.4429416205E8,2025-09-14
I995058,1235,1300835.72,2025-10-05
I995059,1781,1.0348682551E8,2025-10-26
I995060,1656,4.72391242E7,2025-09-19
I995061,734,1.61674527E7,2025-10-11
I995062,461,3.160977376E7,2025-09-27
I995063,1377,1.8308043959E8,2025-09-28
I995064,1461,3066933.07,2025-10-09
I995065,1953,2.7804742635E8,2025-09-23
I995066,504,2.584624046E7,2025-09-18
I995067,1446,1.811657245E7,2025-09-13
I995068,1798,1.2655203887E8,2025-10-23
I995069,680,6.20388087E7,2025-09-01
I995070,1833,3.973464617E7,2025-09-01
I995071,1806,2.3759992632E8,2025-10-26
I995072,924,7768416.61,2025-10-06
I995073,1565,4.51590708E7,2025-09-18
I995074,1831,9.68978622E7,2025-10-03
I995075,518,5.919724602E7,2025-10-11
I995076,493,6.68444221E7,2025-09-19
I995077,1264,1.5988588519E8,2025-09-02
I995078,520,6.538170417E7,2025-10-10
I995079,1797,1.900165439E8,2025-10-18
I995080,454,1.547590518E7,2025-10-31
I995081,416,2.775738923E7,2025-09-13
I995082,1821,5.207107622E7,2025-10-02
I995083,276,7122298.79,2025-10-08
I995084,820,4.082988173E7,2025-10-29
I995085,1938,1.2017421963E8,2025-09-29
I995086,1870,9.15390452E7,2025-10-19
I995087,1623,1.7821827683E8,2025-09-29
I995088,942,1.409369183E8,2025-10-31
I995089,429,5.921436585E7,2025-10-04
I995090,686,4.498295437E7,2025-10-12
I995091,335,8982060.89,2025-09-09
I995092,1762,1.8803297337E8,2025-10-05
I995093,322,7579268.72,2025-09-02
I995094,1961,1.9143713221E8,2025-10-08
I995095,551,5.764942334E7,2025-09-01
I995096,1914,1.8163012163E8,2025-09-12
I995097,1896,1.5277484015E8,2025-09-25
I995098,643,1043045.12,2025-09-02
I995099,1543,2.2739995713E8,2025-09-04
I995100,1676,5.726578523E7,2025-09-10
I995101,337,3.920099954E7,2025-10-03
I995102,1349,9.359012193E7,2025-09-16
I995103,1309,1.6677866477E8,2025-10-05
I995104,1780,1.0084486126E8,2025-10-05
I995105,107,7119161.05,2025-10-03
I995106,1699,1.5447099508E8,2025-09-29
I995107,714,5.009778551E7,2025-10-31
I995108,593,8.637408509E7,2025-10-08
I995109,1959,5.74969633E7,2025-10-18
I995110,1168,1.5125547315E8,2025-09-27
I995111,1496,1.6530797263E8,2025-10-22
I995112,373,1.480064116E7,2025-10-18
I995113,430,5.354154189E7,2025-10-08
I995114,887,1.2236032737E8,2025-09-09
I995115,985,6.885594235E7,2025-09-03
I995116,526,3.061566071E7,2025-09-09
I995117,826,4.798603552E7,2025-10-08
I995118,1388,6535587.19,2025-10-30
I995119,141,2753879.68,2025-09-22
I995120,794,6.072682921E7,2025-09-24
I995121,81,9767465.51,2025-10-03
I995122,658,5.644077035E7,2025-10-24
I995123,1147,1.1965072356E8,2025-10-21
I995124,1039,1.5407721862E8,2025-10-28
I995125,1006,1.0167227881E8,2025-09-22
I995126,111,4479229.54,2025-09-16
I995127,52,1170463.75,2025-10-13
I995128,1889,2.0394287238E8,2025-10-20
I995129,210,2.465437967E7,2025-09-27
I995130,69,8846311.66,2025-10-16
I995131,705,8171313.9,2025-09-13
I995132,1854,8.065866791E7,2025-10-11
I995133,1745,1.1005208857E8,2025-09-02
I995134,1588,1.4647198353E8,2025-10-26
I995135,1920,1.1037516617E8,2025-10-01
I995136,1544,1.3075223691E8,2025-09-23
I995137,735,7.264227124E7,2025-09-13
I995138,1919,1.5459958781E8,2025-10-30
I995139,831,5.681066653E7,2025-10-17
I995140,555,4.788108385E7,2025-10-11
I995141,1810,2.3984439538E8,2025-09-29
I995142,887,6.008188764E7,2025-09-30
I995143,1491,2.2163379804E8,2025-10-11
I995144,355,5.308011615E7,2025-09-20
I995145,1941,1.9297749262E8,2025-10-21
I995146,1329,1.2604377625E8,2025-10-04
I995147,1930,2.3717610587E8,2025-09-07
I995148,1879,1.3283444089E8,2025-09-30
I995149,1679,2.2325002063E8,2025-10-24
I995150,838,1.2184757182E8,2025-09-28
I995151,523,7.005195237E7,2025-10-16
I995152,1463,1.9113764512E8,2025-10-27
I995153,1080,9.247443637E7,2025-10-09
I995154,1659,1.8073565973E8,2025-09-24
I995155,614,8.583322397E7,2025-10-13
I995156,536,3.416498344E7,2025-09-14
I995157,688,1.548756568E7,2025-10-05
I995158,538,1.761819212E7,2025-10-31
I995159,965,5.358140907E7,2025-09-14
I995160,1913,1.4839545185E8,2025-10-09
I995161,696,2.569500429E7,2025-10-31
I995162,1965,2.4000840822E8,2025-10-12
I995163,1547,1.9539308998E8,2025-09-22
I995164,793,1.002567107E7,2025-09-17
I995165,760,9783715.55,2025-09-27
I995166,1707,1.9885795867E8,2025-09-07
I995167,80,1.151495047E7,2025-10-30
I995168,1671,1.3723248375E8,2025-10-11
I995169,1829,2.1231955727E8,2025-10-08
I995170,1861,4.583464672E7,2025-09-21
I995171,658,7.079981298E7,2025-09-30
I995172,1534,2.471178683E7,2025-10-16
I995173,139,1.627430546E7,2025-10-31
I995174,397,5.406363443E7,2025-09-13
I995175,827,8.952190863E7,2025-10-08
I995176,790,7022366.92,2025-10-28
I995177,419,1.742217504E7,2025-10-17
I995178,219,1.57767167E7,2025-10-27
I995179,316,1.977731354E7,2025-10-08
I995180,588,5.771038223E7,2025-10-08
I995181,845,1.0221006588E8,2025-10-08
I995182,1809,1.8088871811E8,2025-10-24
I995183,768,9.439584527E7,2025-10-20
I995184,1488,6.656532808E7,2025-10-17
I995185,1750,1.9688520981E8,2025-10-31
I995186,407,5.753356584E7,2025-09-20
I995187,1390,5.507521479E7,2025-09-07
I995188,1484,1.0716375702E8,2025-09-09
I995189,1765,1.5958861867E8,2025-09-23
I995190,87,3036299.98,2025-10-30
I995191,1037,1.1741983059E8,2025-09-07
I995192,245,157238.41,2025-09-10
I995193,1033,7.43246054E7,2025-09-08
I995194,1891,1.6714239487E8,2025-10-29
I995195,1405,1.455219906E8,2025-09-28
I995196,243,2.293587905E7,2025-09-13
I995197,132,7726001.2,2025-10-23
I995198,1613,2.166414372E7,2025-10-30
I995199,1900,2.535915742E8,2025-09-13
I995200,890,2.57697662E7,2025-09-13
I995201,825,8.745563125E7,2025-09-24
I995202,1163,9.755774483E7,2025-09-08
I995203,1441,6.463360956E7,2025-10-27
I995204,824,8237908.28,2025-10-27
I995205,490,2.333586191E7,2025-10-23
I995206,1175,1.6173964473E8,2025-10-08
I995207,1080,2.870048556E7,2025-09-16
I995208,380,1255649.25,2025-10-05
I995209,1491,8.914996767E7,2025-09-15
I995210,1094,4.428073802E7,2025-09-04
I995211,221,2628121.96,2025-10-04
I995212,728,8.429973567E7,2025-10-30
I995213,1383,1.9173436899E8,2025-09-27
I995214,885,2.129109906E7,2025-10-30
I995215,1922,1.9737878651E8,2025-10-29
I995216,342,2.606030153E7,2025-10-31
I995217,602,7.995256325E7,2025-10-30
I995218,990,1.0001881817E8,2025-09-28
I995219,1361,1.1912720813E8,2025-10-17
I995220,1410,9.743916401E7,2025-10-15
I995221,924,8.126273753E7,2025-09-01
I995222,928,1.3905313288E8,2025-10-13
I995223,994,1.714976467E7,2025-10-31
I995224,417,6151112.15,2025-10-22
I995225,1939,2.406539858E8,2025-10-16
I995226,1344,1.2967521181E8,2025-10-31
I995227,1074,6413912.9,2025-10-22
I995228,1504,3.859461537E7,2025-09-09
I995229,577,3511986.0,2025-09-21
I995230,250,8924131.05,2025-10-31
I995231,375,4.090299546E7,2025-09-16
I995232,1324,3.045739948E7,2025-09-13
I995233,1316,1.819789585E7,2025-09-25
I995234,79,5235266.98,2025-10-28
I995235,1557,8.958189341E7,2025-09-24
I995236,378,3.716901733E7,2025-09-17
I995237,1758,3.282126634E7,2025-10-23
I995238,167,1.503586297E7,2025-10-06
I995239,88,3513441.68,2025-10-17
I995240,1757,9.728351086E7,2025-09-11
I995241,764,5.037452039E7,2025-09-19
I995242,1396,4.620463377E7,2025-09-28
I995243,985,1.3111710888E8,2025-09-29
I995244,1804,2.3042172989E8,2025-09-29
I995245,598,4.346187328E7,2025-10-15
I995246,1788,2.4339704479E8,2025-09-11
I995247,540,4039747.17,2025-09-09
I995248,681,7.284162147E7,2025-09-03
I995249,832,8.664803643E7,2025-10-05
I995250,724,5.699533772E7,2025-09-26
I995251,273,3.675290785E7,2025-10-29
I995252,1413,5.055720178E7,2025-10-05
I995253,201,1987702.84,2025-10-28
I995254,510,4694313.54,2025-10-03
I995255,60,521656.88,2025-10-14
I995256,710,4.9380678E7,2025-09-13
I995257,992,7517206.41,2025-10-20
I995258,874,1.2481079014E8,2025-09-26
I995259,289,2.090032761E7,2025-10-20
I995260,477,6.168924458E7,2025-10-30
I995261,1727,9117755.83,2025-10-06
I995262,1196,1.4937337337E8,2025-09-20
I995263,1825,7.694272867E7,2025-09-03
I995264,189,2.266646568E7,2025-10-19
I995265,1924,1.8853219504E8,2025-10-02
I995266,1432,1.725758168E8,2025-09-25
I995267,1931,6.371834503E7,2025-10-09
I995268,1501,1.9486469275E8,2025-10-27
I995269,595,6.975858051E7,2025-09-10
I995270,1018,8.957351566E7,2025-09-06
I995271,317,4.05641832E7,2025-10-27
I995272,1606,2.3399318505E8,2025-10-08
I995273,748,7.747942961E7,2025-10-04
I995274,555,1.413192018E7,2025-09-29
I995275,724,1.09362958E7,2025-09-08
I995276,1560,1.9604367522E8,2025-10-27
I995277,976,3.165013502E7,2025-09-20
I995278,1274,1.1822876053E8,2025-09-04
I995279,211,3.076822582E7,2025-09-05
I995280,1686,2.384528908E7,2025-10-03
I995281,375,4.05358797E7,2025-10-21
I995282,1927,9.351344188E7,2025-10-18
I995283,628,9.28251389E7,2025-10-26
I995284,770,1.648451193E7,2025-10-23
I995285,923,5.062833266E7,2025-10-29
I995286,1515,1.4395399261E8,2025-10-25
I995287,1027,7.461617166E7,2025-10-16
I995288,1729,2.5883030699E8,2025-09-01
I995289,710,9.384201295E7,2025-10-11
I995290,1796,2.3861001774E8,2025-10-11
I995291,1609,1.0504986961E8,2025-09-27
I995292,1994,1.3763302146E8,2025-09-25
I995293,1859,1.9417969843E8,2025-09-30
I995294,869,1.0923253288E8,2025-09-15
I995295,785,7.926353342E7,2025-10-01
I995296,256,3.172990846E7,2025-09-08
I995297,984,3.036964085E7,2025-10-21
I995298,1339,1.4558886401E8,2025-09-11
I995299,1946,1.7881041335E8,2025-09-18
I995300,970,3423136.61,2025-10-19
I995301,1115,1.5158542814E8,2025-09-20
I995302,1153,4.983026266E7,2025-09-06
I995303,422,1.463306535E7,2025-09-05
I995304,894,4.03906914E7,2025-10-08
I995305,1065,3.193876061E7,2025-09-07
I995306,1374,1.4380925326E8,2025-09-16
I995307,289,4.076047898E7,2025-09-04
I995308,393,4.063565924E7,2025-09-30
I995309,1855,2.0885340075E8,2025-10-29
I995310,166,1195473.22,2025-10-28
I995311,1486,2.2230808395E8,2025-10-13
I995312,415,4.177640398E7,2025-09-08
I995313,1632,3.770701525E7,2025-10-29
I995314,668,2.363076261E7,2025-09-03
I995315,131,3537214.53,2025-10-04
I995316,433,5.832577554E7,2025-09-16
I995317,1406,6.320856799E7,2025-09-29
I995318,190,1.257627069E7,2025-10-18
I995319,1693,1.3503818552E8,2025-10-21
I995320,552,6.424024953E7,2025-10-05
I995321,1769,1.5572308349E8,2025-09-11
I995322,386,5.750150789E7,2025-09-08
I995323,1235,8.427903889E7,2025-10-05
I995324,1045,2.864762623E7,2025-10-22
I995325,168,1.582922702E7,2025-10-03
I995326,1441,1.1023526807E8,2025-10-05
I995327,1421,1.5319732565E8,2025-09-13
I995328,759,1.247275099E7,2025-10-16
I995329,645,7.028404074E7,2025-09-19
I995330,693,2.483886061E7,2025-10-23
I995331,1481,2.1199355268E8,2025-10-28
I995332,1146,1.1195381722E8,2025-09-21
I995333,670,3.262235526E7,2025-10-31
I995334,403,3.349183038E7,2025-10-07
I995335,1038,1.3541820886E8,2025-09-08
I995336,1472,1.9428053455E8,2025-09-08
I995337,1006,7.790994133E7,2025-09-12
I995338,1778,2.0739658089E8,2025-09-14
I995339,807,8.030979326E7,2025-09-17
I995340,467,4.79597845E7,2025-10-22
I995341,1882,1.9689839034E8,2025-10-19
I995342,391,2.282931652E7,2025-09-03
I995343,574,6.677028255E7,2025-10-28
I995344,671,3.873531375E7,2025-09-27
I995345,1761,2.2163925132E8,2025-10-01
I995346,1935,1.5396890119E8,2025-09-10
I995347,453,7486768.05,2025-10-15
I995348,1661,1.892809161E8,2025-10-08
I995349,895,1.2569492996E8,2025-09-07
I995350,1872,7.563230347E7,2025-09-04
I995351,1094,1.4923498234E8,2025-10-22
I995352,963,3534247.41,2025-10-17
I995353,408,2.280332585E7,2025-09-17
I995354,1462,1.9832999925E8,2025-09-26
I995355,96,5497454.1,2025-09-11
I995356,357,1.936107022E7,2025-09-24
I995357,1657,2.1600639519E8,2025-09-15
I995358,1290,1.0615586073E8,2025-10-19
I995359,173,2437172.17,2025-10-03
I995360,1946,1.7051501308E8,2025-09-05
I995361,659,1.026820581E7,2025-09-03
I995362,69,4733674.15,2025-10-21
I995363,1486,1.7184820503E8,2025-09-03
I995364,162,1.879483845E7,2025-09-09
I995365,1778,1.0543390873E8,2025-09-10
I995366,996,1.1808246741E8,2025-10-15
I995367,1434,1.1584685569E8,2025-09-05
I995368,715,6.277558194E7,2025-10-10
I995369,1230,1.902300378E7,2025-10-18
I995370,280,3.83711178E7,2025-09-08
I995371,451,5.091939126E7,2025-10-15
I995372,1892,2746391.42,2025-09-26
I995373,1761,2.1162480759E8,2025-09-24
I995374,1467,2.1435061061E8,2025-09-28
I995375,827,1.107152448E7,2025-09-01
I995376,442,1.582300963E7,2025-10-05
I995377,1756,1.6729249562E8,2025-09-13
I995378,153,1.478082632E7,2025-10-01
I995379,1036,9.358257205E7,2025-10-06
I995380,1070,5.697748034E7,2025-10-06
I995381,338,4.67581819E7,2025-10-13
I995382,1955,2.6445906566E8,2025-10-08
I995383,72,4473146.33,2025-10-03
I995384,493,4.3097059E7,2025-10-22
I995385,1706,1.9348934643E8,2025-09-30
I995386,1889,2.5949206093E8,2025-09-09
I995387,1223,1.5429193343E8,2025-10-31
I995388,1057,4.028291872E7,2025-10-16
I995389,459,6.115928967E7,2025-09-08
I995390,1942,2.561142682E8,2025-09-02
I995391,1314,1.543417223E7,2025-09-26
I995392,1504,8.827510075E7,2025-09-24
I995393,54,6877476.41,2025-09-04
I995394,1045,2.101850979E7,2025-10-03
I995395,1008,1.0872558947E8,2025-09-13
I995396,1690,3.62571045E7,2025-09-14
I995397,681,8.076026525E7,2025-10-25
I995398,1139,6.670340711E7,2025-09-24
I995399,1622,2.2307309512E8,2025-09-29
I995400,492,4.295495178E7,2025-09-06
I995401,505,5.319737486E7,2025-10-22
I995402,1740,1.1184806003E8,2025-10-18
I995403,1717,2.2932400978E8,2025-10-30
I995404,496,2.220282222E7,2025-10-11
I995405,951,1.1681272677E8,2025-10-05
I995406,1380,1.0432180233E8,2025-10-28
I995407,1701,1.3326875662E8,2025-10-23
I995408,64,6280225.16,2025-09-01
I995409,1185,6.055327E7,2025-10-19
I995410,809,8730959.1,2025-09-25
I995411,1765,4.153104776E7,2025-09-25
I995412,1736,1.0598408221E8,2025-10-20
I995413,1418,1.3594778535E8,2025-09-28
I995414,243,3.164592737E7,2025-10-08
I995415,428,4.431319216E7,2025-09-19
I995416,453,5.185299741E7,2025-09-30
I995417,226,4203552.67,2025-10-27
I995418,734,5958341.54,2025-09-05
I995419,154,1.524930435E7,2025-09-21
I995420,442,4.385439627E7,2025-10-07
I995421,540,6.421350228E7,2025-09-14
I995422,1131,7044650.44,2025-10-08
I995423,371,3.210325364E7,2025-10-21
I995424,1389,1.0445666546E8,2025-10-27
I995425,1412,1.2286487179E8,2025-10-28
I995426,1144,5.026023614E7,2025-09-21
I995427,422,5.404596804E7,2025-09-27
I995428,520,7.150481925E7,2025-09-16
I995429,1663,1.389577649E7,2025-09-17
I995430,227,3.215371944E7,2025-09-17
I995431,255,2.813356178E7,2025-10-21
I995432,1762,1.5884268858E8,2025-09-10
I995433,1882,8.76058928E7,2025-10-05
I995434,1747,1.830162888E7,2025-10-13
I995435,275,2.709740478E7,2025-10-16
I995436,487,4242455.62,2025-09-25
I995437,1188,6.773628682E7,2025-10-30
I995438,1874,4.189529889E7,2025-09-17
I995439,761,7.075904191E7,2025-10-18
I995440,1264,8.132010315E7,2025-10-12
I995441,645,8581477.56,2025-10-20
I995442,82,3529441.67,2025-10-16
I995443,1836,8.67227274E7,2025-10-07
I995444,110,1.027291392E7,2025-09-19
I995445,1365,7831890.51,2025-10-01
I995446,805,8.494187197E7,2025-09-30
I995447,279,4414581.68,2025-10-22
I995448,308,2.369584531E7,2025-09-03
I995449,1188,6.285173639E7,2025-09-29
I995450,598,5.045615445E7,2025-09-01
I995451,1037,6.658309062E7,2025-09-05
I995452,1060,7.270668019E7,2025-09-30
I995453,1309,1.0890338378E8,2025-09-30
I995454,1337,4.460305892E7,2025-10-11
I995455,1708,5.07653618E7,2025-09-25
I995456,1982,2.4348095681E8,2025-09-17
I995457,621,3.551089388E7,2025-10-18
I995458,1371,1.5329423171E8,2025-10-16
I995459,682,8.861557026E7,2025-10-16
I995460,977,1.0703006276E8,2025-10-13
I995461,1043,1.608417019E7,2025-10-21
I995462,275,2.745438323E7,2025-09-27
I995463,1920,2.8385483257E8,2025-09-05
I995464,910,1.0156175232E8,2025-10-13
I995465,843,9753697.01,2025-09-12
I995466,484,6.547429265E7,2025-10-19
I995467,603,2.281396604E7,2025-10-27
I995468,1186,1.7224727155E8,2025-09-21
I995469,656,2.301837144E7,2025-09-27
I995470,202,2.320012909E7,2025-09-03
I995471,800,1.0018437784E8,2025-09-12
I995472,883,7.056851034E7,2025-10-17
I995473,955,4.073315453E7,2025-09-29
I995474,1612,7.355740195E7,2025-10-02
I995475,1370,1.2796818976E8,2025-10-31
I995476,910,1.1995570896E8,2025-09-20
I995477,968,9.971003737E7,2025-09-28
I995478,773,2.166697377E7,2025-09-19
I995479,1120,3.187162433E7,2025-10-14
I995480,311,8184349.77,2025-09-02
I995481,1856,1.2180119113E8,2025-10-19
I995482,498,3.794013888E7,2025-09-27
I995483,632,3.737400521E7,2025-09-25
I995484,1978,9.980041596E7,2025-09-26
I995485,437,5.290686315E7,2025-09-25
I995486,295,3.19519083E7,2025-09-03
I995487,530,7.203348254E7,2025-10-21
I995488,1604,5.778835998E7,2025-09-14
I995489,1380,9.349530528E7,2025-10-31
I995490,572,3.79551317E7,2025-10-19
I995491,1835,2.4257924567E8,2025-10-05
I995492,1575,2.763352343E7,2025-10-19
I995493,1674,1.7004760089E8,2025-09-09
I995494,1658,1.0751493059E8,2025-09-22
I995495,991,1.1029804092E8,2025-09-30
I995496,1394,5.675664646E7,2025-10-13
I995497,1232,7.48027741E7,2025-09-15
I995498,1251,4.901165198E7,2025-10-09
I995499,376,5123885.83,2025-10-03
I995500,1074,1.4883544123E8,2025-09-02
I995501,1054,1.399059499E8,2025-09-03
I995502,402,1.011578481E7,2025-09-15
I995503,759,9.600603115E7,2025-10-24
I995504,1328,5.954433837E7,2025-09-10
I995505,434,8660826.1,2025-09-25
I995506,1965,5.701433819E7,2025-09-19
I995507,1394,1.0775579739E8,2025-10-03
I995508,1726,2.2949884787E8,2025-10-27
I995509,638,4.28534709E7,2025-10-12
I995510,875,2.959635822E7,2025-09-15
I995511,1728,2.2875264832E8,2025-09-17
I995512,1135,2.845336941E7,2025-09-04
I995513,1036,1.034227922E8,2025-10-08
I995514,1200,1.0645068495E8,2025-09-21
I995515,767,2.845166345E7,2025-10-10
I995516,878,7.10972879E7,2025-09-25
I995517,559,5.785199196E7,2025-10-24
I995518,1200,1.6272663118E8,2025-10-21
I995519,244,2.284579105E7,2025-09-23
I995520,605,5.375435562E7,2025-09-27
I995521,1581,8.041905261E7,2025-10-16
I995522,434,2.990346379E7,2025-10-25
I995523,1772,3175055.07,2025-09-27
I995524,959,2380182.76,2025-09-06
I995525,1682,5.278127031E7,2025-09-21
I995526,760,1.307491798E7,2025-10-15
I995527,1455,1.6168933946E8,2025-09-26
I995528,1881,2.3116331912E8,2025-10-27
I995529,971,1.4125103577E8,2025-09-08
I995530,901,5.145197207E7,2025-09-06
I995531,650,5.951228153E7,2025-10-06
I995532,278,3.71037024E7,2025-10-30
I995533,922,1.204900763E7,2025-10-22
I995534,1330,1.219756889E8,2025-09-05
I995535,1171,6.92366959E7,2025-10-19
I995536,1544,1.1549486378E8,2025-10-21
I995537,1603,1.928890727E7,2025-10-14
I995538,879,2.686393066E7,2025-09-04
I995539,692,9.660394719E7,2025-10-13
I995540,641,2.280262542E7,2025-10-27
I995541,311,2.137350052E7,2025-09-21
I995542,209,8823255.62,2025-10-07
I995543,1354,8.312883336E7,2025-09-02
I995544,604,4.332941458E7,2025-10-03
I995545,927,1.603569414E7,2025-09-14
I995546,951,1.588103153E7,2025-09-28
I995547,1244,1.4208791056E8,2025-09-29
I995548,1538,1.014276648E8,2025-10-20
I995549,168,9353486.97,2025-10-26
I995550,1715,1.562004095E7,2025-09-08
I995551,1659,1.2738686751E8,2025-10-22
I995552,1488,1.08182042E8,2025-10-07
I995553,1400,8.137069689E7,2025-09-10
I995554,565,5.705885171E7,2025-10-26
I995555,1765,2.6317329126E8,2025-10-31
I995556,405,3.08483942E7,2025-09-26
I995557,688,7.667858601E7,2025-09-03
I995558,936,8.641083784E7,2025-09-17
I995559,676,2.744422428E7,2025-10-29
I995560,1614,1.34410285E8,2025-10-21
I995561,1309,7.18270097E7,2025-10-16
I995562,1573,2.0330928187E8,2025-09-20
I995563,1559,9.971270255E7,2025-10-10
I995564,1325,4.345802605E7,2025-09-18
I995565,439,2.487880228E7,2025-09-10
I995566,975,3.876526888E7,2025-10-18
I995567,1568,1.2821350583E8,2025-10-24
I995568,1188,7236695.21,2025-10-16
I995569,1297,7.067423221E7,2025-10-13
I995570,1321,6.231731762E7,2025-09-03
I995571,1769,2.0958741984E8,2025-09-20
I995572,1066,3.176719673E7,2025-09-05
I995573,877,1178162.34,2025-09-02
I995574,345,4.735158119E7,2025-09-23
I995575,1991,4.349599201E7,2025-09-23
I995576,1964,1.0436667044E8,2025-10-30
I995577,314,9563235.21,2025-10-28
I995578,1917,9.139513288E7,2025-10-27
I995579,304,1876363.01,2025-10-26
I995580,474,6.64748302E7,2025-10-10
I995581,1871,2.1330028697E8,2025-10-13
I995582,1051,2.537444085E7,2025-10-18
I995583,1287,1.5816230662E8,2025-10-29
I995584,1936,2.8797487503E8,2025-10-21
I995585,274,3.856386589E7,2025-10-04
I995586,669,2.881496412E7,2025-09-16
I995587,1649,2.0794540823E8,2025-09-15
I995588,1043,3.495652984E7,2025-10-24
I995589,1933,9.826893894E7,2025-09-03
I995590,1884,2.5166500641E8,2025-10-13
I995591,251,1184710.32,2025-10-06
I995592,1967,2.8166963526E8,2025-10-03
I995593,1405,1.6205207737E8,2025-09-14
I995594,479,7774982.92,2025-10-30
I995595,595,5.020472794E7,2025-09-26
I995596,1202,1.2846378331E8,2025-09-02
I995597,727,3.129528872E7,2025-10-22
I995598,383,5464885.64,2025-09-11
I995599,1739,1.0490369715E8,2025-10-31
I995600,1084,9.322906665E7,2025-10-30
I995601,298,2.756455266E7,2025-09-01
I995602,973,9.219274143E7,2025-09-08
I995603,732,9.918988928E7,2025-09-13
I995604,914,1.301517534E8,2025-09-07
I995605,1137,1.4468152021E8,2025-10-10
I995606,550,8.087314758E7,2025-09-14
I995607,772,1.690668607E7,2025-09-19
I995608,118,1.576496836E7,2025-09-01
I995609,477,1.778809925E7,2025-10-02
I995610,88,3012806.95,2025-10-21
I995611,508,2.903873195E7,2025-10-10
I995612,247,1.602407314E7,2025-10-09
I995613,1356,1.8205319537E8,2025-09-06
I995614,1391,7.265096191E7,2025-09-04
I995615,563,1.502596319E7,2025-09-25
I995616,488,3.683545806E7,2025-10-11
I995617,1895,2.2939056248E8,2025-09-19
I995618,1000,6.717499706E7,2025-10-07
I995619,97,6953111.15,2025-09-06
I995620,1752,2.0712248275E8,2025-10-17
I995621,1196,1.3213249898E8,2025-10-07
I995622,830,9.940110003E7,2025-10-23
I995623,1247,1.6811348216E8,2025-10-17
I995624,894,7.047527218E7,2025-10-20
I995625,826,7.23450823E7,2025-09-21
I995626,915,6.572887286E7,2025-10-13
I995627,1981,1.5112163428E8,2025-09-05
I995628,1545,1.1242312516E8,2025-09-28
I995629,1745,1.372393253E7,2025-10-03
I995630,1241,2.346791544E7,2025-09-29
I995631,881,4.182759463E7,2025-09-29
I995632,1324,1099586.48,2025-09-11
I995633,181,2.54089469E7,2025-09-24
I995634,88,4030295.17,2025-09-13
I995635,1001,4.640218794E7,2025-09-09
I995636,1572,1.9025759593E8,2025-09-24
I995637,733,8.689611157E7,2025-09-20
I995638,1896,5.604875699E7,2025-09-05
I995639,612,4.041597876E7,2025-09-26
I995640,1953,2.5038262901E8,2025-09-25
I995641,700,4.362169346E7,2025-10-24
I995642,1226,1.2460461377E8,2025-09-10
I995643,672,6.881527812E7,2025-09-08
I995644,59,2748435.09,2025-10-28
I995645,1445,5.288156461E7,2025-10-12
I995646,1386,4.028427189E7,2025-09-21
I995647,1439,9.032134239E7,2025-09-09
I995648,689,9.539409484E7,2025-09-21
I995649,1278,8.622477331E7,2025-09-29
I995650,716,1.653661814E7,2025-10-23
I995651,1384,1.8269611374E8,2025-10-21
I995652,1157,1.4902609214E8,2025-09-04
I995653,528,3.040097729E7,2025-10-04
I995654,415,6.219144781E7,2025-09-04
I995655,1521,8.910256537E7,2025-09-11
I995656,419,1.425681034E7,2025-10-17
I995657,1251,1.5591623063E8,2025-09-03
I995658,1038,6.932881722E7,2025-09-22
I995659,1338,1.1118454144E8,2025-10-03
I995660,146,1.933458415E7,2025-10-27
I995661,1196,9.531682406E7,2025-09-18
I995662,839,1.1593731148E8,2025-10-18
I995663,1007,8.282986815E7,2025-09-04
I995664,1068,4.100534408E7,2025-09-28
I995665,687,2.681884238E7,2025-09-27
I995666,1782,3.315909735E7,2025-09-17
I995667,332,4.877261831E7,2025-09-05
I995668,1873,1.2542466632E8,2025-10-25
I995669,853,3.475781482E7,2025-09-02
I995670,1473,4.197300099E7,2025-10-18
I995671,164,2138465.8,2025-10-06
I995672,1811,1.6494249101E8,2025-09-04
I995673,401,8125550.08,2025-10-20
I995674,1407,3.225861622E7,2025-10-18
I995675,1694,2.4469070083E8,2025-10-28
I995676,1476,1.963435254E7,2025-09-18
I995677,1923,9.370269429E7,2025-10-30
I995678,1024,4.761546985E7,2025-10-06
I995679,1410,7.497448754E7,2025-10-06
I995680,796,2.445149511E7,2025-10-20
I995681,1803,1.909298112E7,2025-10-14
I995682,439,6.23779832E7,2025-10-11
I995683,957,1.747251175E7,2025-09-24
I995684,369,4.109599778E7,2025-09-23
I995685,52,32666.22,2025-10-30
I995686,442,3.664077264E7,2025-09-01
I995687,1608,1.7032613572E8,2025-10-12
I995688,381,1.646849638E7,2025-09-22
I995689,1506,4.524894222E7,2025-10-17
I995690,1824,2.3135992577E8,2025-09-11
I995691,1638,1.5551220912E8,2025-10-26
I995692,1138,1.0695958617E8,2025-10-20
I995693,417,4.535526801E7,2025-10-08
I995694,1168,3.642194744E7,2025-10-01
I995695,1373,1.5223064953E8,2025-10-03
I995696,711,9.623577532E7,2025-09-07
I995697,1386,4.999143673E7,2025-10-23
I995698,1423,9.142242403E7,2025-10-06
I995699,1322,1.1346772886E8,2025-10-03
I995700,1249,1.5629136095E8,2025-10-18
I995701,357,4.535946353E7,2025-09-10
I995702,455,5.943541771E7,2025-10-07
I995703,447,1.146312341E7,2025-09-02
I995704,1497,7.778607578E7,2025-09-24
I995705,1271,1.7849502399E8,2025-09-30
I995706,1041,1.0134799094E8,2025-09-21
I995707,877,1.2907562119E8,2025-09-13
I995708,1790,7.460645757E7,2025-10-06
I995709,168,2193773.11,2025-10-03
I995710,1639,2.805784812E7,2025-09-03
I995711,1146,9876731.31,2025-09-27
I995712,1513,1.4827630147E8,2025-10-25
I995713,1288,5.225812471E7,2025-09-06
I995714,989,1.4045573277E8,2025-10-31
I995715,629,8.371777409E7,2025-09-16
I995716,839,1.160127236E7,2025-10-26
I995717,514,3301058.62,2025-09-15
I995718,123,1.779738541E7,2025-09-25
I995719,1973,1.9583674778E8,2025-09-03
I995720,783,3.604653115E7,2025-09-01
I995721,459,2.976781886E7,2025-09-20
I995722,1680,1.0330861115E8,2025-09-13
I995723,956,4295465.51,2025-10-27
I995724,975,1.032922241E8,2025-09-13
I995725,1276,6.822252791E7,2025-09-21
I995726,266,2.579983466E7,2025-10-02
I995727,534,6.293550002E7,2025-09-29
I995728,358,1.52449411E7,2025-10-18
I995729,1178,1.7433324488E8,2025-10-13
I995730,375,9952628.88,2025-09-07
I995731,1578,4.772763101E7,2025-09-01
I995732,1741,1.4644608027E8,2025-09-19
I995733,1101,1.4005537579E8,2025-09-27
I995734,860,1.2465199868E8,2025-10-30
I995735,338,3.800313041E7,2025-10-23
I995736,1276,1.6354037451E8,2025-10-17
I995737,1907,8.948780217E7,2025-09-14
I995738,420,3.413998022E7,2025-09-21
I995739,1174,7.524076847E7,2025-09-04
I995740,1519,5.562480451E7,2025-10-22
I995741,1891,1.3331304228E8,2025-09-28
I995742,194,2.198844835E7,2025-10-04
I995743,1189,3.9194223E7,2025-10-29
I995744,1838,5.790569351E7,2025-09-05
I995745,875,1.3082089829E8,2025-10-20
I995746,1937,1.0665990767E8,2025-10-16
I995747,903,3.749344287E7,2025-10-15
I995748,1611,1.7852943995E8,2025-10-22
I995749,1597,7.615768268E7,2025-10-24
I995750,1575,7.578514319E7,2025-09-19
I995751,1283,2.691249791E7,2025-09-27
I995752,1099,6.097005509E7,2025-10-01
I995753,1089,1.5007833156E8,2025-10-13
I995754,1837,1.7879775524E8,2025-09-27
I995755,438,5.527283239E7,2025-10-09
I995756,1862,1.5819542435E8,2025-09-22
I995757,332,9386903.74,2025-09-06
I995758,1175,3.885518003E7,2025-10-27
I995759,356,3.216553259E7,2025-09-01
I995760,784,8.990770858E7,2025-09-25
I995761,871,1.99799459E7,2025-10-20
I995762,1263,1.7489710679E8,2025-10-19
I995763,102,1.478119226E7,2025-09-23
I995764,143,9760234.34,2025-09-01
I995765,1471,1.0281771186E8,2025-09-05
I995766,855,1.2803176492E8,2025-10-04
I995767,231,1.850120748E7,2025-10-28
I995768,1932,2.0758605105E8,2025-09-09
I995769,1968,1.1222517498E8,2025-10-22
I995770,371,1.256148963E7,2025-09-25
I995771,803,1.0754038888E8,2025-10-24
I995772,1055,6.401953887E7,2025-09-11
I995773,209,3297602.49,2025-09-04
I995774,738,1.504752289E7,2025-09-22
I995775,829,1.2183756337E8,2025-09-27
I995776,206,1.067622889E7,2025-09-30
I995777,1626,7565644.45,2025-10-31
I995778,1583,1.1887903027E8,2025-09-18
I995779,1228,1.5559246376E8,2025-10-17
I995780,282,1.522367751E7,2025-10-31
I995781,780,1.790464562E7,2025-10-02
I995782,454,4.685339294E7,2025-09-23
I995783,1714,1.836270612E8,2025-09-12
I995784,317,2.644412919E7,2025-09-14
I995785,191,1.790286084E7,2025-10-04
I995786,462,3.815254155E7,2025-10-10
I995787,255,3682345.92,2025-09-18
I995788,1932,3.553613272E7,2025-10-27
I995789,938,1.0326500258E8,2025-09-15
I995790,1846,1.9860714243E8,2025-09-27
I995791,1380,1.5948721794E8,2025-09-21
I995792,1812,2.456707607E8,2025-10-21
I995793,1660,1.1097868319E8,2025-10-30
I995794,349,3.851028286E7,2025-10-14
I995795,868,8.2222902E7,2025-09-12
I995796,1514,3887903.02,2025-10-15
I995797,592,4296004.82,2025-10-18
I995798,1038,1.1143132191E8,2025-09-05
I995799,632,4.672743343E7,2025-10-21
I995800,1624,4.575171267E7,2025-09-15
I995801,1102,2.336375365E7,2025-10-20
I995802,737,2.308103902E7,2025-10-22
I995803,1667,1.1451877509E8,2025-09-26
I995804,120,1317941.7,2025-10-31
I995805,1578,1.5667650353E8,2025-09-10
I995806,137,1.974065678E7,2025-09-24
I995807,489,1.109213516E7,2025-09-10
I995808,978,7214627.76,2025-10-13
I995809,113,9771678.43,2025-09-25
I995810,793,1.378208984E7,2025-09-05
I995811,523,4.91698521E7,2025-10-14
I995812,1996,2.3677048941E8,2025-10-22
I995813,1409,1.4187501231E8,2025-10-09
I995814,936,3.647713343E7,2025-10-24
I995815,266,2.809635991E7,2025-09-26
I995816,1040,8.400419717E7,2025-10-19
I995817,1278,1.4047511056E8,2025-10-11
I995818,1769,2.146774012E7,2025-09-18
I995819,308,2.565067403E7,2025-10-18
I995820,389,1.810734081E7,2025-10-24
I995821,724,9363557.16,2025-09-14
I995822,1277,1.3266959801E8,2025-09-16
I995823,757,6816413.94,2025-09-25
I995824,1972,8.359347744E7,2025-10-04
I995825,796,5.33037167E7,2025-10-28
I995826,1685,1.3247704456E8,2025-09-17
I995827,651,4.780646189E7,2025-10-01
I995828,907,5.542814459E7,2025-10-12
I995829,470,9200932.39,2025-10-25
I995830,1260,1.1324824343E8,2025-10-21
I995831,1586,2.334912543E7,2025-09-25
I995832,1611,1.4161432812E8,2025-09-05
I995833,1646,2.3702061177E8,2025-10-09
I995834,1097,1.030253685E8,2025-09-01
I995835,1535,1.0999497445E8,2025-10-01
I995836,180,2.447985592E7,2025-09-13
I995837,1568,2.0390993247E8,2025-10-01
I995838,497,1.929633205E7,2025-09-20
I995839,899,1.724551693E7,2025-10-03
I995840,1735,4.289520979E7,2025-09-16
I995841,179,1936515.93,2025-10-13
I995842,247,6964949.96,2025-09-26
I995843,1079,1.5684911805E8,2025-10-13
I995844,563,1.182759222E7,2025-09-24
I995845,843,8.758368225E7,2025-09-20
I995846,1175,1.637047704E7,2025-10-24
I995847,631,3.397743275E7,2025-10-31
I995848,1540,1.4866488349E8,2025-10-20
I995849,166,4861482.12,2025-09-03
I995850,998,6412957.03,2025-10-28
I995851,1067,9.517533618E7,2025-09-11
I995852,941,8.132123327E7,2025-10-18
I995853,660,5.452587326E7,2025-09-09
I995854,1075,7.905719963E7,2025-09-05
I995855,488,4.049186134E7,2025-09-02
I995856,561,3.467887923E7,2025-09-11
I995857,190,2.185858833E7,2025-10-12
I995858,1428,2.0368686998E8,2025-09-12
I995859,1431,3.786031611E7,2025-10-10
I995860,1698,5.190675139E7,2025-09-03
I995861,145,1236485.88,2025-09-03
I995862,1118,1.816220461E7,2025-10-28
I995863,520,6.907309338E7,2025-09-12
I995864,1234,5.241507172E7,2025-09-29
I995865,1455,1.436031318E7,2025-10-16
I995866,1591,2.737310011E7,2025-09-08
I995867,1699,1.3723788249E8,2025-10-25
I995868,1392,1.3229467433E8,2025-10-04
I995869,118,1.13213022E7,2025-10-08
I995870,556,2.006432285E7,2025-09-18
I995871,318,2.676044011E7,2025-10-16
I995872,1187,1.3051493282E8,2025-10-29
I995873,618,6.582286851E7,2025-09-12
I995874,1738,8.83127996E7,2025-10-04
I995875,222,1.546704495E7,2025-09-23
I995876,1695,2.3688471151E8,2025-10-07
I995877,1653,1.027660584E7,2025-10-22
I995878,1833,1.7898127734E8,2025-09-22
I995879,1024,7.745969963E7,2025-10-31
I995880,1377,1.6331121845E8,2025-10-04
I995881,334,2.29484434E7,2025-09-01
I995882,260,1.627731222E7,2025-09-29
I995883,165,2.450384287E7,2025-10-21
I995884,1064,7.949752639E7,2025-10-14
I995885,608,8.709282621E7,2025-09-28
I995886,1099,4.573583823E7,2025-10-26
I995887,1393,1.864403871E8,2025-09-17
I995888,1489,8.346840908E7,2025-10-03
I995889,772,4.365092378E7,2025-10-24
I995890,1377,1.1707033163E8,2025-09-30
I995891,1475,7.772757566E7,2025-10-14
I995892,965,5.980013128E7,2025-10-09
I995893,1943,2.3316294711E8,2025-10-25
I995894,1683,1.9902783997E8,2025-10-31
I995895,584,8.571681952E7,2025-10-02
I995896,420,6.136570828E7,2025-09-12
I995897,1609,2.1698262253E8,2025-10-08
I995898,1127,2.84480988E7,2025-09-02
I995899,1097,5.040599449E7,2025-10-16
I995900,204,6561667.46,2025-10-02
I995901,367,1.942727586E7,2025-10-12
I995902,782,8.062908039E7,2025-09-05
I995903,768,7.312839388E7,2025-09-17
I995904,1253,4.28518187E7,2025-10-07
I995905,297,3.369771295E7,2025-09-01
I995906,256,2.413782926E7,2025-10-11
I995907,552,4.919443851E7,2025-10-17
I995908,726,2.030410412E7,2025-09-07
I995909,1270,9.965563065E7,2025-10-20
I995910,177,1.82838837E7,2025-10-08
I995911,1290,1.4494530173E8,2025-09-02
I995912,356,2.466975259E7,2025-10-23
I995913,53,3078383.35,2025-09-16
I995914,1059,3.563477505E7,2025-10-17
I995915,976,1.1993321805E8,2025-09-03
I995916,1846,1.9479672301E8,2025-09-08
I995917,974,1.2966435399E8,2025-10-22
I995918,750,4.648945539E7,2025-10-12
I995919,1512,9.032540564E7,2025-10-11
I995920,1276,4.918297432E7,2025-10-18
I995921,1265,1.1099827632E8,2025-09-22
I995922,1651,2.948465463E7,2025-10-23
I995923,673,4.018950336E7,2025-10-31
I995924,1335,3667949.16,2025-09-01
I995925,1413,1.1949126462E8,2025-10-05
I995926,434,1.98641337E7,2025-09-07
I995927,1524,1.6347088E7,2025-10-05
I995928,1994,1.4142987203E8,2025-10-04
I995929,1123,9.044800091E7,2025-10-23
I995930,1305,1.8027439643E8,2025-09-14
I995931,1457,3.428206371E7,2025-09-15
I995932,269,2.973305341E7,2025-10-06
I995933,739,3.315342219E7,2025-09-03
I995934,1112,1.943130605E7,2025-09-20
I995935,1146,1.1998729209E8,2025-10-19
I995936,1085,9.651087293E7,2025-10-06
I995937,1305,7.716997581E7,2025-09-12
I995938,102,9270383.86,2025-10-23
I995939,738,6.634978324E7,2025-09-26
I995940,1214,3.45111578E7,2025-09-28
I995941,396,3.700789806E7,2025-10-28
I995942,378,4.206709789E7,2025-09-16
I995943,1860,1.1985550147E8,2025-09-28
I995944,548,4.727517707E7,2025-09-11
I995945,745,7.944332995E7,2025-09-19
I995946,284,2.972662309E7,2025-09-17
I995947,579,5.230234657E7,2025-10-14
I995948,1193,6.450218074E7,2025-09-17
I995949,314,1.581932288E7,2025-09-30
I995950,1416,9.580932803E7,2025-10-16
I995951,431,8484498.97,2025-09-13
I995952,1459,6.788182841E7,2025-09-21
I995953,828,2.471954035E7,2025-10-13
I995954,1041,8.199539243E7,2025-10-08
I995955,293,5508689.54,2025-10-21
I995956,164,9946562.15,2025-10-02
I995957,1451,7.693551027E7,2025-10-29
I995958,835,2.851329552E7,2025-09-17
I995959,572,8215554.19,2025-10-02
I995960,1448,9.752830961E7,2025-10-31
I995961,581,5.959357122E7,2025-10-21
I995962,1286,1.3897426944E8,2025-10-28
I995963,1229,9.403629268E7,2025-10-03
I995964,241,2.013620038E7,2025-10-25
I995965,1285,1.1154759765E8,2025-09-12
I995966,694,4.509430993E7,2025-10-09
I995967,649,5.636386624E7,2025-09-19
I995968,1194,8.838343782E7,2025-09-28
I995969,1950,2.5831174165E8,2025-10-16
I995970,1252,1.7131959769E8,2025-09-05
I995971,938,3.218194287E7,2025-10-31
I995972,1742,1.809130428E8,2025-10-12
I995973,1919,1.151977871E7,2025-10-06
I995974,1656,6.254203583E7,2025-09-02
I995975,1723,2.980452591E7,2025-09-08
I995976,463,3.139251319E7,2025-10-21
I995977,1220,1.0319281107E8,2025-09-11
I995978,1916,2.8484749084E8,2025-10-03
I995979,1344,4.105899104E7,2025-10-17
I995980,957,3.836368186E7,2025-10-06
I995981,1873,1.4765650895E8,2025-09-14
I995982,1388,5.671527075E7,2025-10-01
I995983,1868,1.2982026956E8,2025-09-01
I995984,1982,2.38032539E8,2025-09-03
I995985,1090,6.935377137E7,2025-10-27
I995986,1944,3.766887634E7,2025-10-20
I995987,1529,9.395465722E7,2025-10-05
I995988,392,1.665384794E7,2025-09-02
I995989,1712,1995824.07,2025-10-24
I995990,1983,9.503046291E7,2025-09-22
I995991,1778,9.951688789E7,2025-09-06
I995992,1337,1.868256514E8,2025-10-21
I995993,1348,1.265545624E7,2025-10-01
I995994,1104,9.101262913E7,2025-10-11
I995995,1204,9.21739738E7,2025-09-02
I995996,961,1.1848030236E8,2025-10-22
I995997,480,6.525035037E7,2025-10-11
I995998,481,5.288001398E7,2025-09-13
I995999,1713,1.954687502E8,2025-09-23
I996000,666,5.564716816E7,2025-10-03
I996001,615,7.152494843E7,2025-09-29
I996002,882,7.174051097E7,2025-10-04
I996003,1116,4.217574404E7,2025-09-15
I996004,70,5640109.18,2025-09-05
I996005,881,4.285440192E7,2025-09-16
I996006,1888,2.415473115E8,2025-10-09
I996007,1773,1.7886348931E8,2025-09-27
I996008,1382,3.20128926E7,2025-09-21
I996009,350,5.012357171E7,2025-10-21
I996010,1298,1.1027764297E8,2025-10-09
I996011,1273,1.317809537E8,2025-10-09
I996012,399,5.561634779E7,2025-09-02
I996013,606,5.980517538E7,2025-10-30
I996014,343,2.018714909E7,2025-09-20
I996015,558,4.393412585E7,2025-10-09
I996016,1115,4.070262986E7,2025-10-14
I996017,610,1.576496029E7,2025-09-12
I996018,350,2.50091439E7,2025-09-10
I996019,1041,5.685454858E7,2025-10-22
I996020,1271,1.99427549E7,2025-10-26
I996021,1012,4.691425307E7,2025-10-30
I996022,785,6.204662875E7,2025-10-28
I996023,1214,2.493099242E7,2025-09-05
I996024,106,1.066470924E7,2025-09-11
I996025,1064,1.4527116299E8,2025-10-19
I996026,1082,5.128323851E7,2025-10-21
I996027,1956,2.5031447629E8,2025-09-09
I996028,1780,1.2544739179E8,2025-09-07
I996029,343,1.755690614E7,2025-10-15
I996030,429,5134613.89,2025-09-20
I996031,1041,1.2695329854E8,2025-09-02
I996032,194,1.790081988E7,2025-09-03
I996033,412,4.450482085E7,2025-10-28
I996034,1934,2.5958962276E8,2025-10-17
I996035,384,5791975.56,2025-10-07
I996036,1265,1.8613304146E8,2025-09-08
I996037,1731,1.6468926293E8,2025-10-07
I996038,1711,2.0520178222E8,2025-09-07
I996039,1173,1.6394628887E8,2025-09-04
I996040,211,2764972.63,2025-09-07
I996041,94,5112288.56,2025-10-09
I996042,1657,1.8552232311E8,2025-10-15
I996043,448,1.352831702E7,2025-09-19
I996044,762,1.0440778412E8,2025-09-29
I996045,312,1.265285906E7,2025-09-05
I996046,1357,1.4975808684E8,2025-09-23
I996047,621,7.674132936E7,2025-10-25
I996048,681,8.643891703E7,2025-10-14
I996049,1147,4.996474822E7,2025-10-04
I996050,104,4294142.53,2025-10-14
I996051,1736,9.852546531E7,2025-10-02
I996052,313,3.489156413E7,2025-10-03
I996053,189,2.617360788E7,2025-10-14
I996054,449,5.402073202E7,2025-10-27
I996055,1500,1.84363183E8,2025-09-12
I996056,653,8.858152616E7,2025-10-31
I996057,1651,1.8768727485E8,2025-09-02
I996058,782,1.017233737E8,2025-09-01
I996059,1203,5.444577806E7,2025-09-19
I996060,1494,2.010119248E8,2025-10-14
I996061,985,4.324840578E7,2025-09-11
I996062,1124,6.415037986E7,2025-10-04
I996063,444,4.607353562E7,2025-10-13
I996064,185,1.470217403E7,2025-10-19
I996065,626,9.179027078E7,2025-10-27
I996066,121,1.666017063E7,2025-10-09
I996067,167,2588111.2,2025-10-07
I996068,1278,1.5608900222E8,2025-09-23
I996069,757,1.00558142E8,2025-09-14
I996070,333,4.551532046E7,2025-09-06
I996071,1651,8.737748648E7,2025-10-01
I996072,1649,1.2492437531E8,2025-09-04
I996073,1182,4.679647532E7,2025-10-14
I996074,1377,6.198706011E7,2025-10-11
I996075,656,9.65588105E7,2025-09-14
I996076,1927,1.3187647627E8,2025-10-15
I996077,1155,1.6417296314E8,2025-10-28
I996078,1358,3.368945755E7,2025-10-01
I996079,1776,2.6483827199E8,2025-09-05
I996080,1583,3.131274016E7,2025-10-21
I996081,149,2.080767897E7,2025-10-16
I996082,1415,6.326505067E7,2025-10-03
I996083,420,3.950647789E7,2025-10-23
I996084,1091,1.970830384E7,2025-10-09
I996085,603,2.482333596E7,2025-09-03
I996086,542,3.648341794E7,2025-10-16
I996087,710,4.905286263E7,2025-10-28
I996088,903,4.698180359E7,2025-09-12
I996089,1018,6384602.02,2025-10-18
I996090,762,8.345974361E7,2025-10-12
I996091,309,9341336.51,2025-09-30
I996092,403,5.918737277E7,2025-10-10
I996093,1924,1.9452523822E8,2025-09-14
I996094,1345,6505361.35,2025-10-07
I996095,521,2.509589883E7,2025-09-02
I996096,1988,2.6517463696E8,2025-10-26
I996097,899,2.513489922E7,2025-09-22
I996098,1654,2.2485862057E8,2025-10-03
I996099,1547,1.1123852977E8,2025-09-18
I996100,854,6.706716844E7,2025-09-29
I996101,1309,3.994065172E7,2025-10-26
I996102,243,1.709777428E7,2025-09-24
I996103,1223,6.714710819E7,2025-09-11
I996104,832,1.46158086E7,2025-09-14
I996105,339,3.331828098E7,2025-09-09
I996106,463,7909321.8,2025-10-01
I996107,1225,6.006323014E7,2025-10-14
I996108,1037,9.758182116E7,2025-10-20
I996109,830,8.5080532E7,2025-10-02
I996110,423,4.849969237E7,2025-09-27
I996111,1148,1.6458952143E8,2025-10-14
I996112,403,3.904640679E7,2025-09-29
I996113,1890,3.162732433E7,2025-10-03
I996114,1496,2.2428519571E8,2025-10-15
I996115,1280,1.4826705779E8,2025-09-28
I996116,210,2579142.15,2025-09-30
I996117,379,1.63420473E7,2025-09-30
I996118,1431,2.119200818E8,2025-09-06
I996119,965,1.1956559942E8,2025-10-13
I996120,908,1.2875727221E8,2025-10-25
I996121,585,1.818606133E7,2025-10-02
I996122,1398,9894272.93,2025-09-21
I996123,372,1.441235875E7,2025-09-13
I996124,205,2.548859469E7,2025-09-15
I996125,1421,1.4659174958E8,2025-10-04
I996126,1048,7.066111301E7,2025-10-09
I996127,66,336835.12,2025-09-17
I996128,795,1.0630208799E8,2025-10-13
I996129,815,1.0234512843E8,2025-09-14
I996130,1740,8.693723801E7,2025-10-05
I996131,1196,2.522530083E7,2025-10-28
I996132,794,3.004709007E7,2025-10-06
I996133,474,5.776891525E7,2025-10-09
I996134,1755,2.2465359503E8,2025-10-15
I996135,138,3231252.89,2025-09-13
I996136,827,1.011433171E8,2025-09-06
I996137,1564,8.714670438E7,2025-09-20
I996138,343,1.858479826E7,2025-09-11
I996139,138,7437659.64,2025-10-03
I996140,1627,1.720250654E7,2025-09-11
I996141,391,1.989685697E7,2025-10-28
I996142,1858,6436956.62,2025-10-20
I996143,67,2552877.59,2025-09-23
I996144,608,8.788011043E7,2025-09-02
I996145,417,5.958115607E7,2025-10-04
I996146,940,1.0558324922E8,2025-09-17
I996147,498,4.805008807E7,2025-09-04
I996148,433,5.396648136E7,2025-10-30
I996149,842,7.539611561E7,2025-09-29
I996150,196,1.187237185E7,2025-09-26
I996151,367,9393888.97,2025-10-25
I996152,862,1.724657995E7,2025-09-25
I996153,561,1.422025742E7,2025-09-03
I996154,747,5.137783815E7,2025-10-28
I996155,323,4.204315408E7,2025-10-07
I996156,1304,1.8914086516E8,2025-09-29
I996157,1918,6.435486793E7,2025-09-16
I996158,1411,5.611154408E7,2025-10-27
I996159,1753,1.0214038025E8,2025-09-30
I996160,523,1.057255884E7,2025-09-03
I996161,1374,2.0546011623E8,2025-10-14
I996162,1750,7.622750762E7,2025-10-21
I996163,1205,1.5444925812E8,2025-09-13
I996164,1707,2.4530940566E8,2025-10-29
I996165,1942,1.7917327588E8,2025-10-05
I996166,911,1.0429636289E8,2025-10-13
I996167,886,8.125205005E7,2025-10-07
I996168,572,5.732498159E7,2025-09-01
I996169,357,5.304809221E7,2025-09-04
I996170,966,2.825158936E7,2025-10-31
I996171,1008,7.716813092E7,2025-09-12
I996172,1275,1.5565980149E8,2025-10-24
I996173,1408,4.705790882E7,2025-10-05
I996174,1386,1.5727278535E8,2025-09-15
I996175,1507,2.1427176512E8,2025-10-14
I996176,413,3.288136565E7,2025-10-27
I996177,645,7.86447702E7,2025-09-22
I996178,1286,1.7595897148E8,2025-10-22
I996179,1553,6.806154129E7,2025-09-09
I996180,1875,6.151012848E7,2025-09-03
I996181,617,5.91531037E7,2025-10-18
I996182,1074,1.4984763995E8,2025-09-03
I996183,1819,2.334789906E7,2025-09-30
I996184,1870,2.547622523E8,2025-10-03
I996185,154,2702332.88,2025-10-20
I996186,414,5.019419444E7,2025-09-21
I996187,1011,2.75246635E7,2025-09-02
I996188,717,1.0254961113E8,2025-09-14
I996189,541,1.702385642E7,2025-10-13
I996190,580,3.917391433E7,2025-09-09
I996191,1423,1.26301963E8,2025-09-04
I996192,321,2133521.01,2025-09-04
I996193,569,5.282293701E7,2025-09-26
I996194,645,6.032029102E7,2025-10-10
I996195,545,1.886940193E7,2025-10-29
I996196,1143,1.242768473E8,2025-09-01
I996197,211,2.600207805E7,2025-09-02
I996198,390,3.767057072E7,2025-10-04
I996199,108,1393424.69,2025-09-17
I996200,1029,1.1824641506E8,2025-10-20
I996201,1287,1.411268729E8,2025-09-05
I996202,433,2.579848805E7,2025-09-11
I996203,196,2.771232642E7,2025-09-03
I996204,1585,2.1445106913E8,2025-09-29
I996205,1952,6.391413175E7,2025-09-29
I996206,346,8491032.3,2025-09-23
I996207,1302,1.6477859103E8,2025-09-07
I996208,452,3.712832497E7,2025-09-10
I996209,1010,8.863914866E7,2025-09-05
I996210,1975,1.6389799175E8,2025-10-16
I996211,1586,1.0064398612E8,2025-10-26
I996212,1735,2.0557768315E8,2025-10-20
I996213,1618,2.0805509108E8,2025-09-16
I996214,1371,1.427617909E7,2025-09-07
I996215,292,3.568594345E7,2025-10-18
I996216,624,2.059593393E7,2025-10-11
I996217,1064,1.563823915E7,2025-10-05
I996218,1974,2.0039157133E8,2025-10-30
I996219,1867,2.0204991203E8,2025-10-21
I996220,933,1.1197817645E8,2025-10-04
I996221,702,8.201197958E7,2025-10-01
I996222,1741,1.2395368045E8,2025-09-22
I996223,956,1.381139502E7,2025-09-20
I996224,766,6747454.13,2025-10-23
I996225,852,8.928699066E7,2025-10-02
I996226,480,3.989922868E7,2025-09-23
I996227,1105,1.860520529E7,2025-09-17
I996228,361,7777007.48,2025-10-30
I996229,74,803192.98,2025-09-04
I996230,1156,8.248495803E7,2025-09-29
I996231,1456,1.3831858327E8,2025-10-30
I996232,1452,3.887602717E7,2025-10-21
I996233,1736,5.600308862E7,2025-09-26
I996234,1212,1.6170005938E8,2025-10-15
I996235,488,2.27068011E7,2025-09-24
I996236,242,7012079.96,2025-09-13
I996237,1292,7.741577159E7,2025-10-10
I996238,485,5.000580357E7,2025-10-20
I996239,1220,1.4050517696E8,2025-09-02
I996240,1792,2.0033606563E8,2025-10-27
I996241,1683,1.428858342E8,2025-10-08
I996242,949,1.0961998174E8,2025-09-13
I996243,1289,2.137716313E7,2025-10-27
I996244,1170,2.561033165E7,2025-10-05
I996245,121,1.692944506E7,2025-10-25
I996246,1012,1.238533019E8,2025-09-26
I996247,370,4.09871813E7,2025-10-10
I996248,502,1.713376802E7,2025-10-16
I996249,1970,2.4894349009E8,2025-10-30
I996250,1849,2.0701013749E8,2025-10-15
I996251,603,2.393989605E7,2025-09-19
I996252,1915,1.9102567313E8,2025-10-26
I996253,1404,4.06022688E7,2025-09-01
I996254,610,1.035305918E7,2025-09-23
I996255,1729,1.960757256E8,2025-10-21
I996256,1864,8.931891156E7,2025-10-06
I996257,1687,1.0249502836E8,2025-10-19
I996258,1541,1.2267260006E8,2025-09-20
I996259,632,1.730619148E7,2025-09-13
I996260,1559,1.8902516352E8,2025-09-13
I996261,152,5180160.97,2025-10-25
I996262,1562,1.4844353273E8,2025-10-20
I996263,242,1.017062974E7,2025-10-30
I996264,1205,4.034089974E7,2025-10-07
I996265,1223,2.814338361E7,2025-09-23
I996266,469,1.66939703E7,2025-10-29
I996267,1307,1.8029218376E8,2025-09-20
I996268,628,9.340160311E7,2025-10-30
I996269,576,6.573096966E7,2025-10-10
I996270,80,3026665.83,2025-09-27
I996271,616,7.559923232E7,2025-09-03
I996272,613,1.404605007E7,2025-09-06
I996273,1232,6.790178336E7,2025-10-19
I996274,542,7.547325956E7,2025-10-09
I996275,1871,1.3837813401E8,2025-09-23
I996276,168,517560.06,2025-09-06
I996277,718,4.38739242E7,2025-10-07
I996278,653,4.468652063E7,2025-10-17
I996279,1181,6.162804723E7,2025-09-27
I996280,901,1.2485405143E8,2025-10-29
I996281,1760,1.3076266499E8,2025-09-07
I996282,1017,2296352.44,2025-09-24
I996283,1671,1.7068312877E8,2025-09-29
I996284,1967,2.7731107204E8,2025-09-15
I996285,1406,1.4826464772E8,2025-09-10
I996286,516,1.975001418E7,2025-10-12
I996287,1471,3.013192518E7,2025-10-21
I996288,616,6.873238947E7,2025-09-19
I996289,1632,4.301872643E7,2025-09-30
I996290,374,1.369054108E7,2025-10-01
I996291,395,1.432071072E7,2025-10-29
I996292,1121,8.792143673E7,2025-09-08
I996293,602,4.03631765E7,2025-10-04
I996294,1770,1.5389334566E8,2025-09-24
I996295,800,8.596511009E7,2025-09-13
I996296,457,2.74484141E7,2025-10-21
I996297,1567,8.153052772E7,2025-10-11
I996298,1440,1.1859529596E8,2025-10-08
I996299,1163,1.2868669909E8,2025-09-19
I996300,179,1.287880136E7,2025-10-31
I996301,1508,1.0967271134E8,2025-09-27
I996302,309,4.536806107E7,2025-09-22
I996303,341,1.346783554E7,2025-10-19
I996304,678,7.922032192E7,2025-10-04
I996305,1882,2.270910266E7,2025-09-13
I996306,1325,8.172417473E7,2025-09-09
I996307,1969,1.2745806593E8,2025-09-06
I996308,784,3.641668652E7,2025-09-05
I996309,1807,3.004106052E7,2025-10-09
I996310,1936,3.280688151E7,2025-09-18
I996311,1871,1.3018447655E8,2025-10-09
I996312,709,4.844040893E7,2025-10-06
I996313,1819,2.1663853374E8,2025-10-26
I996314,495,5.575171459E7,2025-09-06
I996315,1391,1.3604420944E8,2025-09-12
I996316,1186,7.439897887E7,2025-10-30
I996317,701,9.558789185E7,2025-10-05
I996318,1949,6.083855781E7,2025-09-25
I996319,1162,5.008068905E7,2025-09-14
I996320,448,2.931427753E7,2025-10-17
I996321,1975,1.6296842415E8,2025-09-25
I996322,302,3.509294842E7,2025-10-26
I996323,272,3.927566817E7,2025-10-13
I996324,611,3.44124498E7,2025-10-31
I996325,895,2.205489903E7,2025-09-15
I996326,381,4.337797258E7,2025-09-29
I996327,101,1033959.55,2025-10-24
I996328,1738,1.2694410524E8,2025-09-16
I996329,474,1000107.45,2025-09-16
I996330,1903,6.672207574E7,2025-09-22
I996331,1149,6.37993047E7,2025-09-30
I996332,582,3.974329693E7,2025-10-12
I996333,1675,5.91010243E7,2025-10-25
I996334,981,1.4029062567E8,2025-10-26
I996335,1827,2.801335667E7,2025-09-20
I996336,1438,2.576098293E7,2025-10-02
I996337,1062,931211.37,2025-10-24
I996338,378,2.36185041E7,2025-09-27
I996339,1393,1.776320097E8,2025-10-31
I996340,1270,1.1205768771E8,2025-09-08
I996341,1073,1.3187193026E8,2025-10-17
I996342,380,591775.14,2025-10-01
I996343,1529,2.291200755E8,2025-09-09
I996344,1344,1.2674586541E8,2025-10-08
I996345,529,6.831700047E7,2025-09-24
I996346,503,3.299313562E7,2025-09-28
I996347,345,2.152811553E7,2025-09-20
I996348,1411,1.633225711E8,2025-10-05
I996349,1329,1.644807637E8,2025-10-18
I996350,859,6638630.44,2025-10-08
I996351,1743,6.853847E7,2025-09-16
I996352,1326,1.1693420303E8,2025-10-14
I996353,1922,1.8831438995E8,2025-10-19
I996354,426,2.740340222E7,2025-10-02
I996355,1949,2.3515634614E8,2025-09-05
I996356,891,2.307508352E7,2025-10-13
I996357,453,2.556984495E7,2025-09-25
I996358,881,1.1006874916E8,2025-09-20
I996359,1421,1.2670017403E8,2025-09-19
I996360,1362,4.093611837E7,2025-10-29
I996361,1593,1.7178434612E8,2025-09-19
I996362,1606,1.5464089212E8,2025-09-30
I996363,1007,8.814489004E7,2025-09-14
I996364,127,1.006563321E7,2025-10-25
I996365,79,8769965.85,2025-10-13
I996366,1102,2.18320668E7,2025-10-10
I996367,1819,6.413490858E7,2025-10-16
I996368,408,1.04910109E7,2025-09-30
I996369,1907,1.7239954274E8,2025-10-11
I996370,682,7.782571353E7,2025-10-11
I996371,358,5.306542152E7,2025-09-07
I996372,1721,5129469.09,2025-10-02
I996373,1790,9.07623064E7,2025-10-13
I996374,554,5.98992329E7,2025-10-16
I996375,1895,1.5268898488E8,2025-10-31
I996376,1889,2.1613889425E8,2025-10-01
I996377,1240,6.900033264E7,2025-10-26
I996378,1361,5.383623012E7,2025-10-06
I996379,1628,1.6328683204E8,2025-09-03
I996380,1658,2.1461301547E8,2025-09-24
I996381,1168,7.561840162E7,2025-09-18
I996382,585,6.095789243E7,2025-09-29
I996383,1862,1.7566073832E8,2025-09-16
I996384,1646,6.565763701E7,2025-10-15
I996385,1244,7.987305805E7,2025-09-28
I996386,916,1.891707547E7,2025-10-09
I996387,1217,7.463703259E7,2025-10-14
I996388,1826,2.0186807975E8,2025-09-15
I996389,480,6.463827198E7,2025-09-21
I996390,172,5762072.29,2025-09-20
I996391,1874,7.013889525E7,2025-09-26
I996392,636,8.739731056E7,2025-10-11
I996393,501,6.352159575E7,2025-10-10
I996394,1487,2.0171130007E8,2025-09-23
I996395,495,6.55232003E7,2025-09-20
I996396,1598,1.2621572989E8,2025-09-06
I996397,1610,7.380032195E7,2025-09-21
I996398,53,7605389.62,2025-10-09
I996399,1300,1.5308054409E8,2025-10-03
I996400,433,6.18426707E7,2025-09-17
I996401,1825,9.532701301E7,2025-10-16
I996402,1915,2.1139932142E8,2025-10-18
I996403,1729,2.0988799201E8,2025-09-05
I996404,912,6.956755473E7,2025-10-13
I996405,412,2.503416575E7,2025-09-05
I996406,1924,1.7905177676E8,2025-09-04
I996407,519,1968573.14,2025-09-28
I996408,382,4.389213053E7,2025-09-26
I996409,788,7.311066093E7,2025-09-25
I996410,1543,8.746168441E7,2025-09-16
I996411,1631,1.8984662669E8,2025-10-30
I996412,1780,2.1151678834E8,2025-09-28
I996413,542,3.512788097E7,2025-10-23
I996414,1838,9.119421459E7,2025-10-28
I996415,1348,1.4188616334E8,2025-09-12
I996416,821,2.588950613E7,2025-09-11
I996417,244,2.57433422E7,2025-10-01
I996418,1682,6.523664383E7,2025-09-25
I996419,1666,1.9666689547E8,2025-09-29
I996420,249,2.056867325E7,2025-09-02
I996421,1970,5.948821942E7,2025-10-01
I996422,833,8.282862602E7,2025-09-19
I996423,482,9909128.42,2025-09-27
I996424,1950,2.5427344028E8,2025-10-23
I996425,769,1.079703554E7,2025-09-11
I996426,176,5264564.12,2025-09-07
I996427,1950,1.8975464693E8,2025-09-24
I996428,658,3.124725161E7,2025-10-16
I996429,1526,3.882847784E7,2025-09-08
I996430,1763,2.5029484962E8,2025-09-15
I996431,1112,4.475692687E7,2025-09-10
I996432,1970,1.8941562621E8,2025-09-15
I996433,596,1.710853679E7,2025-09-11
I996434,778,8.229395122E7,2025-10-06
I996435,459,4.974628631E7,2025-10-30
I996436,1555,1.2870690113E8,2025-09-08
I996437,1574,2.2180941367E8,2025-09-30
I996438,1453,1.451729276E8,2025-09-12
I996439,1458,1.9658216177E8,2025-09-05
I996440,1753,1.278964434E7,2025-10-12
I996441,845,1.433762803E7,2025-09-20
I996442,1693,1.2113736449E8,2025-10-19
I996443,1688,1.3932555944E8,2025-09-07
I996444,1817,8.023830766E7,2025-10-08
I996445,352,4.600848645E7,2025-09-01
I996446,1999,2.7747950761E8,2025-10-01
I996447,661,3.506173358E7,2025-10-15
I996448,1780,2.336311529E8,2025-09-06
I996449,459,1.258002214E7,2025-10-03
I996450,1641,8330197.42,2025-09-28
I996451,1692,2.3366638591E8,2025-09-15
I996452,1376,1.1155741242E8,2025-09-24
I996453,1817,1.8500729402E8,2025-10-09
I996454,1253,1.8131784086E8,2025-10-09
I996455,1889,5.403224701E7,2025-09-09
I996456,1769,5.011415202E7,2025-10-04
I996457,1353,1.4862111615E8,2025-09-19
I996458,1302,1945422.73,2025-09-19
I996459,333,3.423108965E7,2025-09-24
I996460,1114,1.0725434686E8,2025-10-30
I996461,148,8314216.95,2025-10-27
I996462,1115,1.2792994113E8,2025-09-26
I996463,502,5.461051214E7,2025-10-10
I996464,1240,9.274839454E7,2025-09-04
I996465,1133,1.3843018184E8,2025-10-11
I996466,1402,2.858739607E7,2025-09-13
I996467,1437,5.475624804E7,2025-09-01
I996468,1003,1.2864999499E8,2025-10-05
I996469,583,2.923327443E7,2025-10-17
I996470,1429,1.5208608036E8,2025-09-15
I996471,459,6.387396859E7,2025-10-07
I996472,1521,2.0735816088E8,2025-09-05
I996473,1887,2.0350085133E8,2025-09-01
I996474,1804,2.235812897E8,2025-09-30
I996475,470,2.461032873E7,2025-10-05
I996476,1791,1.8043818393E8,2025-09-04
I996477,471,1.260547783E7,2025-09-24
I996478,131,5580984.52,2025-10-16
I996479,1044,2.095367126E7,2025-10-16
I996480,1065,3.795181068E7,2025-10-31
I996481,445,4.372655369E7,2025-09-30
I996482,285,839743.63,2025-10-13
I996483,1478,1.5106120706E8,2025-10-04
I996484,1562,1.380169549E8,2025-10-05
I996485,362,2.565583162E7,2025-10-10
I996486,1318,2.149246131E7,2025-10-21
I996487,759,3.65217832E7,2025-10-20
I996488,1281,4676535.84,2025-10-16
I996489,1421,1.0902103519E8,2025-10-29
I996490,1132,2.317387574E7,2025-10-27
I996491,588,9130396.71,2025-10-12
I996492,77,5529570.92,2025-10-20
I996493,1888,1.5460068685E8,2025-10-01
I996494,939,2637981.3,2025-09-28
I996495,1497,5.271190846E7,2025-10-09
I996496,1741,2.5213064983E8,2025-10-10
I996497,1622,8.756129959E7,2025-10-21
I996498,1223,2495192.15,2025-10-18
I996499,1053,1.4832413195E8,2025-09-21
I996500,399,4.639903599E7,2025-09-06
I996501,842,1.1489450914E8,2025-09-21
I996502,117,1675723.13,2025-09-26
I996503,1728,2.2817529288E8,2025-10-08
I996504,606,6.885408517E7,2025-09-09
I996505,1670,1.4106321095E8,2025-09-29
I996506,773,1.811238911E7,2025-10-10
I996507,353,2984626.09,2025-09-17
I996508,1024,1.486486878E7,2025-09-03
I996509,88,6371535.27,2025-10-15
I996510,451,5.253368059E7,2025-10-11
I996511,1272,1.3291733445E8,2025-09-01
I996512,189,1.103238978E7,2025-10-21
I996513,393,1.943138429E7,2025-10-02
I996514,290,5547727.37,2025-10-05
I996515,550,2.449967976E7,2025-10-15
I996516,1972,2.0930911452E8,2025-09-07
I996517,1895,2.3450090582E8,2025-10-25
I996518,1326,2.275402168E7,2025-09-02
I996519,769,4.981840213E7,2025-10-25
I996520,975,1.2936280902E8,2025-10-15
I996521,1399,1.8741911922E8,2025-10-16
I996522,959,5.06502391E7,2025-09-20
I996523,297,7489440.63,2025-10-17
I996524,744,4.597967727E7,2025-10-05
I996525,440,4.105300373E7,2025-10-19
I996526,94,9733672.79,2025-10-19
I996527,1852,1.7667118372E8,2025-10-14
I996528,371,1.131262362E7,2025-10-21
I996529,1572,1.63735417E7,2025-09-13
I996530,1334,1.5721320245E8,2025-10-31
I996531,1803,1.5111744279E8,2025-09-04
I996532,558,5.653304449E7,2025-09-04
I996533,227,3.02280682E7,2025-10-27
I996534,633,4.818830695E7,2025-10-17
I996535,461,3.195555426E7,2025-10-16
I996536,1019,1.1701211066E8,2025-09-28
I996537,413,6.182788887E7,2025-09-17
I996538,658,1.296197119E7,2025-09-11
I996539,344,3.484111164E7,2025-09-25
I996540,642,6.452124266E7,2025-10-07
I996541,335,3.599451349E7,2025-09-12
I996542,1732,5.825898646E7,2025-09-24
I996543,1405,8.779950462E7,2025-09-19
I996544,1891,1.1508570271E8,2025-09-05
I996545,92,1920303.95,2025-10-20
I996546,340,5.058560868E7,2025-09-21
I996547,1062,4.519158572E7,2025-09-02
I996548,1911,1.1980760353E8,2025-09-13
I996549,1593,9.682045141E7,2025-10-14
I996550,169,2.350094377E7,2025-09-05
I996551,1756,1.6455877385E8,2025-10-20
I996552,1056,2.191416356E7,2025-09-06
I996553,375,2.31995632E7,2025-10-17
I996554,1503,1.0764596223E8,2025-09-21
I996555,1846,2.3244517909E8,2025-09-18
I996556,1704,1.9782754136E8,2025-09-07
I996557,156,6072705.98,2025-10-05
I996558,1745,1.0360359527E8,2025-09-15
I996559,1539,2.1948393479E8,2025-09-07
I996560,329,4.532567314E7,2025-09-27
I996561,496,6.67180767E7,2025-10-31
I996562,492,2.136193772E7,2025-09-29
I996563,921,8.597400768E7,2025-09-21
I996564,767,1.69551243E7,2025-09-03
I996565,1378,1.0580627825E8,2025-10-31
I996566,977,9.642425683E7,2025-09-22
I996567,1694,1.0203261531E8,2025-10-20
I996568,1572,4.063785532E7,2025-09-18
I996569,501,6910338.01,2025-09-30
I996570,109,1.572971632E7,2025-10-09
I996571,504,7.199212547E7,2025-10-25
I996572,635,5.503741418E7,2025-10-26
I996573,776,1.1519083168E8,2025-10-08
I996574,93,2112983.75,2025-10-19
I996575,1701,7.780089317E7,2025-10-27
I996576,1696,1.3650032876E8,2025-10-02
I996577,319,4.778441636E7,2025-10-22
I996578,389,1.622227429E7,2025-09-01
I996579,835,8.832651546E7,2025-09-29
I996580,90,8771902.29,2025-09-21
I996581,1425,1.4017327379E8,2025-09-19
I996582,630,3.35261254E7,2025-09-09
I996583,952,1.421765582E7,2025-10-14
I996584,836,9.037599089E7,2025-09-23
I996585,1130,1.1499597531E8,2025-10-18
I996586,654,4.654893354E7,2025-09-10
I996587,421,5.414297489E7,2025-09-04
I996588,721,4.295646417E7,2025-10-16
I996589,236,1.84798478E7,2025-10-27
I996590,1304,1.9470046764E8,2025-10-12
I996591,1459,1.3877461357E8,2025-09-30
I996592,693,6.837977527E7,2025-09-10
I996593,307,2358997.17,2025-09-07
I996594,224,1.410387096E7,2025-10-07
I996595,802,3.545796343E7,2025-09-26
I996596,1341,5.471686463E7,2025-09-13
I996597,778,3162022.5,2025-10-21
I996598,1057,1.4532627457E8,2025-10-19
I996599,192,9606194.45,2025-09-20
I996600,751,4.455341003E7,2025-10-14
I996601,867,6.263878744E7,2025-10-02
I996602,317,3.541643669E7,2025-09-01
I996603,206,1.507845911E7,2025-10-06
I996604,160,1.858658698E7,2025-09-01
I996605,896,1.569370025E7,2025-10-12
I996606,1123,2.390311979E7,2025-09-18
I996607,76,5634294.77,2025-09-24
I996608,1023,1.1232722482E8,2025-10-10
I996609,830,9.329032135E7,2025-09-21
I996610,241,9134607.45,2025-09-19
I996611,831,4.627445977E7,2025-10-04
I996612,726,8567118.91,2025-10-17
I996613,1018,1323485.97,2025-10-30
I996614,511,3.312981992E7,2025-10-16
I996615,276,2.909237856E7,2025-10-17
I996616,1267,1.1090645958E8,2025-09-02
I996617,1128,5.672548077E7,2025-10-06
I996618,372,4.629444357E7,2025-10-11
I996619,1079,7.13540188E7,2025-09-10
I996620,1465,4.755175166E7,2025-09-21
I996621,1578,2.1651344818E8,2025-10-25
I996622,1450,1.3597341735E8,2025-10-20
I996623,1833,2.3251953954E8,2025-09-21
I996624,912,6.282824923E7,2025-09-12
I996625,503,1170902.67,2025-10-04
I996626,1378,1.6653132887E8,2025-10-07
I996627,1588,5.845781469E7,2025-09-15
I996628,268,2.519002606E7,2025-10-16
I996629,1210,5.075150113E7,2025-10-16
I996630,1670,1.8846454499E8,2025-09-03
I996631,579,7.155085106E7,2025-09-05
I996632,942,1.446930735E7,2025-10-01
I996633,1659,9.595427412E7,2025-09-06
I996634,780,9.852890156E7,2025-10-14
I996635,1722,1.8882361467E8,2025-10-11
I996636,1227,1.8295864347E8,2025-09-07
I996637,392,5871533.19,2025-10-28
I996638,711,5.122883647E7,2025-09-28
I996639,1252,7937973.56,2025-10-19
I996640,464,2.216301715E7,2025-09-03
I996641,1208,9.988409783E7,2025-09-29
I996642,1510,9.640755994E7,2025-09-07
I996643,1640,1.3264226839E8,2025-10-13
I996644,1677,1.9111693688E8,2025-10-10
I996645,815,4.108222878E7,2025-10-20
I996646,1899,3.553797488E7,2025-10-17
I996647,425,3.917097664E7,2025-09-28
I996648,1026,3.401720102E7,2025-09-22
I996649,251,2.868502104E7,2025-09-03
I996650,1265,1.457724151E8,2025-09-14
I996651,1267,1.3740923193E8,2025-10-16
I996652,906,7568453.45,2025-10-01
I996653,1591,8.70930584E7,2025-10-05
I996654,1169,6.767090967E7,2025-10-10
I996655,384,2.370841931E7,2025-09-18
I996656,243,2.848561349E7,2025-10-15
I996657,1147,1.6629818075E8,2025-10-19
I996658,1578,6.788976677E7,2025-09-21
I996659,535,5.139599042E7,2025-10-31
I996660,658,1.281315078E7,2025-10-09
I996661,1202,3.875126599E7,2025-09-13
I996662,1529,1.172361562E7,2025-10-12
I996663,1142,3.872812912E7,2025-09-18
I996664,57,6327627.31,2025-10-23
I996665,1269,3.689936386E7,2025-09-04
I996666,952,1.0200723192E8,2025-09-12
I996667,933,3.933634011E7,2025-09-02
I996668,1921,9.040979419E7,2025-10-01
I996669,100,5264420.93,2025-09-20
I996670,1930,6.423403851E7,2025-10-13
I996671,1519,1.7696767775E8,2025-10-18
I996672,1117,1.6728938469E8,2025-09-05
I996673,1661,1.320062667E8,2025-10-11
I996674,282,2595220.77,2025-10-18
I996675,1058,1.2571518697E8,2025-10-27
I996676,566,3.836868669E7,2025-10-08
I996677,1566,5.585810049E7,2025-10-25
I996678,1440,1.71630399E8,2025-09-01
I996679,407,5.483430212E7,2025-09-08
I996680,1539,4.550501834E7,2025-10-29
I996681,845,4.320805799E7,2025-10-29
I996682,1139,1.3674776233E8,2025-09-09
I996683,1488,2.2248647854E8,2025-10-18
I996684,214,9430449.48,2025-09-18
I996685,321,1.196517757E7,2025-10-02
I996686,324,1494539.75,2025-10-29
I996687,1530,1.7069351882E8,2025-09-15
I996688,976,1.3507871024E8,2025-09-27
I996689,121,2057254.82,2025-09-20
I996690,1137,1.6121917054E8,2025-10-13
I996691,469,6.03652975E7,2025-10-16
I996692,938,9.841084131E7,2025-09-27
I996693,1019,4.388845655E7,2025-10-29
I996694,1582,9.669678452E7,2025-09-01
I996695,1261,8.069576924E7,2025-10-18
I996696,447,1.921319009E7,2025-09-03
I996697,1480,1.748091785E7,2025-09-13
I996698,1348,4.430097395E7,2025-10-11
I996699,1786,2.3852255888E8,2025-10-09
I996700,1732,1.36108757E8,2025-10-26
I996701,1317,1.0311787663E8,2025-09-01
I996702,691,9.867620829E7,2025-10-07
I996703,904,1.1575731739E8,2025-09-09
I996704,1644,8.312512631E7,2025-10-17
I996705,231,1.94830508E7,2025-10-15
I996706,316,3.421211641E7,2025-10-09
I996707,1305,2.577053704E7,2025-10-13
I996708,1565,2.1084934456E8,2025-09-29
I996709,1637,1.4419201759E8,2025-09-10
I996710,169,1.424234094E7,2025-09-20
I996711,672,4.790799679E7,2025-09-14
I996712,915,3.340759236E7,2025-10-27
I996713,1393,1.7787371868E8,2025-10-07
I996714,552,5.854048956E7,2025-10-10
I996715,238,3.525668393E7,2025-09-25
I996716,1577,6.559050153E7,2025-10-05
I996717,1972,5.868730042E7,2025-10-18
I996718,1815,4.190618881E7,2025-09-26
I996719,1397,1.5528022548E8,2025-09-11
I996720,1664,6831255.67,2025-09-29
I996721,554,3.342662012E7,2025-09-26
I996722,1848,1.78531839E7,2025-09-11
I996723,1194,4.794169045E7,2025-10-27
I996724,1038,1.45839178E7,2025-10-03
I996725,101,6558061.97,2025-09-20
I996726,533,3.667603331E7,2025-10-04
I996727,1498,8.353044148E7,2025-10-07
I996728,1770,2.1819466368E8,2025-09-10
I996729,1965,1.1928821333E8,2025-10-28
I996730,1785,1.3882036953E8,2025-10-25
I996731,146,3069697.1,2025-09-22
I996732,801,2.515123943E7,2025-10-23
I996733,214,1.290335092E7,2025-10-14
I996734,978,8.048313543E7,2025-09-18
I996735,1040,1.546243273E8,2025-10-30
I996736,470,3.389322804E7,2025-10-28
I996737,1449,6.900225075E7,2025-09-28
I996738,170,1.905693506E7,2025-10-10
I996739,1448,1.395622517E8,2025-10-30
I996740,1747,2.4402289078E8,2025-09-06
I996741,1739,1.4652205607E8,2025-10-17
I996742,1398,1.1289201597E8,2025-10-23
I996743,1040,5.115248057E7,2025-10-15
I996744,1876,1.2090369083E8,2025-09-14
I996745,209,7906961.27,2025-10-18
I996746,1845,4.835657987E7,2025-10-12
I996747,535,5.039524332E7,2025-09-11
I996748,276,1.25380001E7,2025-09-03
I996749,1786,2.4020173251E8,2025-09-02
I996750,67,3764163.72,2025-10-02
I996751,976,1.4332352727E8,2025-10-26
I996752,1969,2.5406997478E8,2025-10-15
I996753,1057,1.779398174E7,2025-09-27
I996754,1589,1.1974717186E8,2025-09-18
I996755,1719,1.4420049188E8,2025-10-10
I996756,62,6508296.74,2025-09-10
I996757,94,8998265.77,2025-10-05
I996758,1080,1.5303885804E8,2025-10-12
I996759,1326,7.039115583E7,2025-10-10
I996760,228,5228216.93,2025-09-03
I996761,1380,1.0956810989E8,2025-09-02
I996762,130,1.893700954E7,2025-10-11
I996763,1822,1.7598960306E8,2025-09-28
I996764,503,4.477668206E7,2025-10-09
I996765,1894,2.5106294948E8,2025-10-10
I996766,1525,1.5144052646E8,2025-09-23
I996767,1964,1.2310917288E8,2025-09-29
I996768,982,1.3810080695E8,2025-09-27
I996769,453,5.223423016E7,2025-10-23
I996770,533,6.727748745E7,2025-09-29
I996771,1540,1.4000325988E8,2025-10-01
I996772,489,5.631154532E7,2025-10-21
I996773,1060,4.068225398E7,2025-09-26
I996774,1037,1.4278352091E8,2025-10-19
I996775,154,3521900.37,2025-10-28
I996776,660,7.768717562E7,2025-09-05
I996777,957,2637259.1,2025-10-08
I996778,781,1.0536502097E8,2025-10-18
I996779,776,1.207754995E7,2025-10-15
I996780,685,2.205418528E7,2025-10-04
I996781,142,1483324.03,2025-09-06
I996782,1056,9.775208725E7,2025-10-22
I996783,718,5.50099112E7,2025-09-15
I996784,953,4.849062618E7,2025-09-27
I996785,270,7220345.94,2025-10-21
I996786,121,1.803630281E7,2025-09-14
I996787,1437,1.6116996236E8,2025-10-26
I996788,169,7303591.51,2025-09-29
I996789,785,7.633297286E7,2025-10-24
I996790,150,7804445.9,2025-09-21
I996791,456,5.514391232E7,2025-09-12
I996792,1623,4.709486795E7,2025-09-26
I996793,1498,7.015755565E7,2025-10-17
I996794,1161,1.952347994E7,2025-09-30
I996795,1436,7.142074967E7,2025-10-05
I996796,825,6.292359799E7,2025-10-25
I996797,1266,1.2105801294E8,2025-09-21
I996798,1933,9.022097231E7,2025-09-09
I996799,1526,3.363421774E7,2025-09-20
I996800,343,4519569.29,2025-10-26
I996801,1076,1.3388413884E8,2025-09-18
I996802,1272,1.817929665E7,2025-09-12
I996803,413,5.160502659E7,2025-10-15
I996804,1640,2.3266260495E8,2025-10-12
I996805,1503,3.882960801E7,2025-10-09
I996806,113,1.684907169E7,2025-10-30
I996807,1377,1.420058305E8,2025-09-18
I996808,1308,2.260475375E7,2025-09-29
I996809,1202,6.813324833E7,2025-09-26
I996810,1157,9.213379955E7,2025-09-08
I996811,420,2.43636844E7,2025-09-09
I996812,667,4.788334981E7,2025-10-17
I996813,1724,9.905678735E7,2025-10-14
I996814,1520,8.346528872E7,2025-10-12
I996815,1148,1.0125932122E8,2025-10-15
I996816,1312,1.8913023956E8,2025-10-06
I996817,550,2.980541233E7,2025-09-03
I996818,696,9.855729016E7,2025-10-29
I996819,222,1.369631077E7,2025-10-31
I996820,1697,6.293938654E7,2025-10-29
I996821,989,5.859715476E7,2025-10-27
I996822,397,1.994455534E7,2025-09-13
I996823,250,5323490.11,2025-10-09
I996824,978,8.815143515E7,2025-10-30
I996825,1961,2.3874944726E8,2025-09-11
I996826,368,5.034470687E7,2025-10-14
I996827,1449,1.6348857709E8,2025-09-16
I996828,975,2155390.99,2025-10-08
I996829,929,7.151405892E7,2025-09-18
I996830,1122,2.133270102E7,2025-09-24
I996831,453,2.247404304E7,2025-09-21
I996832,1508,1.3475505695E8,2025-10-12
I996833,1025,1.4063695758E8,2025-09-15
I996834,1148,1.2083601761E8,2025-10-11
I996835,1139,3.261232042E7,2025-09-10
I996836,435,4016968.81,2025-10-01
I996837,1488,9.043058501E7,2025-10-02
I996838,525,6.869940629E7,2025-10-15
I996839,52,3232556.66,2025-10-19
I996840,221,8045798.52,2025-10-21
I996841,497,6.22220015E7,2025-10-14
I996842,1453,2.068928765E7,2025-10-17
I996843,509,8438212.14,2025-09-21
I996844,231,1.732646159E7,2025-10-05
I996845,249,3.157981258E7,2025-09-30
I996846,801,1.0214077308E8,2025-09-24
I996847,704,2.897064045E7,2025-09-25
I996848,1225,1.6263263851E8,2025-10-26
I996849,1155,6.093545042E7,2025-10-21
I996850,576,5.372077429E7,2025-10-29
I996851,1096,8.801958066E7,2025-10-09
I996852,1780,2.592003143E8,2025-09-25
I996853,299,3.853905159E7,2025-09-15
I996854,1773,5.224885573E7,2025-10-03
I996855,483,7.044406855E7,2025-10-09
I996856,859,7.563804386E7,2025-10-23
I996857,1524,1.5600219408E8,2025-10-27
I996858,1418,1.1007376093E8,2025-10-04
I996859,653,3.172673418E7,2025-10-08
I996860,273,3088219.41,2025-09-03
I996861,354,1.086590511E7,2025-09-28
I996862,113,5039026.27,2025-10-16
I996863,890,6.455743212E7,2025-10-24
I996864,1120,1.1942942436E8,2025-09-24
I996865,1218,4.253444072E7,2025-10-23
I996866,806,9.159272095E7,2025-10-22
I996867,833,1.1512200931E8,2025-10-15
I996868,912,1.0909076967E8,2025-09-13
I996869,1941,7.468825891E7,2025-09-27
I996870,994,9.760261101E7,2025-10-21
I996871,1615,1.4542356364E8,2025-09-24
I996872,1303,1.134220712E8,2025-09-11
I996873,386,1.208413188E7,2025-10-23
I996874,1425,3.143201157E7,2025-10-13
I996875,1633,1.5698041668E8,2025-10-18
I996876,583,8.030431554E7,2025-09-22
I996877,643,5.772108289E7,2025-10-28
I996878,1602,8.991193087E7,2025-09-10
I996879,224,3.188490572E7,2025-10-26
I996880,1938,1.8328820823E8,2025-10-28
I996881,110,7213225.65,2025-09-13
I996882,645,2.415472635E7,2025-10-01
I996883,387,3.797745928E7,2025-09-12
I996884,1244,4.856781404E7,2025-10-21
I996885,1748,6.958345691E7,2025-10-01
I996886,1793,7.903536793E7,2025-09-09
I996887,1183,3.632012309E7,2025-10-28
I996888,1612,6.186284132E7,2025-10-11
I996889,1674,9.70808434E7,2025-09-25
I996890,1798,2.994510865E7,2025-09-21
I996891,1160,1.1736341164E8,2025-10-01
I996892,1420,6.360068248E7,2025-10-07
I996893,181,1.895081524E7,2025-10-06
I996894,1849,2.3955987771E8,2025-10-23
I996895,1175,1.5702782525E8,2025-10-06
I996896,922,3.134128643E7,2025-10-31
I996897,1858,2.071353844E8,2025-09-07
I996898,1605,1.4035126725E8,2025-09-03
I996899,1125,1.0625312009E8,2025-09-14
I996900,509,1682517.35,2025-09-26
I996901,1942,1.5370942824E8,2025-09-06
I996902,225,1.537264395E7,2025-10-15
I996903,1687,2.4785177799E8,2025-09-04
I996904,800,9.711236843E7,2025-10-12
I996905,1189,2.393884521E7,2025-09-18
I996906,1767,2.5031487845E8,2025-10-22
I996907,1977,2.43141255E7,2025-09-24
I996908,1338,3.511974016E7,2025-10-02
I996909,1528,1.2537874323E8,2025-10-21
I996910,299,2.466356423E7,2025-10-25
I996911,1907,6.45899454E7,2025-09-03
I996912,70,2258815.65,2025-10-14
I996913,1785,1.108656811E7,2025-09-12
I996914,847,7.840091523E7,2025-10-22
I996915,1760,2.4726160089E8,2025-09-06
I996916,1070,1.3485161454E8,2025-10-22
I996917,189,1784230.31,2025-09-23
I996918,1307,1.8148261211E8,2025-10-15
I996919,834,1.0958201312E8,2025-10-06
I996920,1863,1.5217211121E8,2025-10-09
I996921,1897,8.238435944E7,2025-10-05
I996922,1564,2.583075008E7,2025-10-30
I996923,821,6.246421243E7,2025-09-12
I996924,1672,2.1341200696E8,2025-09-20
I996925,308,6331302.48,2025-09-10
I996926,1525,9.354907805E7,2025-09-04
I996927,1135,8.286776862E7,2025-09-19
I996928,1806,1.4188550098E8,2025-09-03
I996929,367,1.994913175E7,2025-10-20
I996930,1526,1.327691636E7,2025-09-02
I996931,1347,1.1463690033E8,2025-09-20
I996932,1837,4.566762774E7,2025-10-06
I996933,358,3.625655185E7,2025-09-11
I996934,321,6047386.52,2025-10-12
I996935,434,3.047631583E7,2025-09-22
I996936,1026,1.316204373E7,2025-10-08
I996937,847,3.18170814E7,2025-09-13
I996938,1033,1.2875997061E8,2025-10-16
I996939,157,2.152728633E7,2025-09-30
I996940,795,1.0460925037E8,2025-09-24
I996941,1767,1.1371329711E8,2025-09-09
I996942,1403,1.1108877295E8,2025-10-08
I996943,232,3.071796223E7,2025-09-05
I996944,1419,2.0659076265E8,2025-10-15
I996945,818,1.964825983E7,2025-09-20
I996946,1673,2.3265565099E8,2025-10-09
I996947,209,2.939817822E7,2025-09-19
I996948,1987,1.3646354314E8,2025-10-10
I996949,81,1.124633894E7,2025-09-29
I996950,1696,2.4437277339E8,2025-10-29
I996951,1440,1.1764832391E8,2025-09-14
I996952,579,6.543042627E7,2025-09-03
I996953,791,1.0104074656E8,2025-10-18
I996954,742,7.955411388E7,2025-09-19
I996955,869,7.114923022E7,2025-09-09
I996956,1201,1.3725035839E8,2025-09-22
I996957,368,3.207152866E7,2025-10-05
I996958,1324,1.6325745665E8,2025-09-01
I996959,404,3.017398265E7,2025-10-09
I996960,1335,1.5903511441E8,2025-10-01
I996961,1929,8.277637054E7,2025-10-03
I996962,845,4.749360754E7,2025-09-11
I996963,1032,1.297956918E7,2025-10-29
I996964,1838,2.7299086777E8,2025-10-16
I996965,796,1.0541886962E8,2025-10-18
I996966,1974,3.513593043E7,2025-09-08
I996967,507,1386762.12,2025-09-15
I996968,1941,8.572433851E7,2025-09-25
I996969,1056,1.4779193044E8,2025-10-20
I996970,1647,1.5228937029E8,2025-09-22
I996971,404,5.051346429E7,2025-09-06
I996972,481,6.50376679E7,2025-10-17
I996973,1485,9.476861057E7,2025-09-29
I996974,393,691531.06,2025-10-08
I996975,61,6311047.85,2025-09-21
I996976,1090,1.0995900138E8,2025-10-14
I996977,1033,1.3940419261E8,2025-10-08
I996978,1429,9.278345818E7,2025-09-07
I996979,1014,6.21627898E7,2025-10-05
I996980,666,1.698727852E7,2025-10-26
I996981,577,7.678297202E7,2025-10-23
I996982,842,7.354472984E7,2025-10-30
I996983,78,1.168287322E7,2025-10-05
I996984,1003,3.056721177E7,2025-09-09
I996985,140,254600.24,2025-09-29
I996986,123,1.346418888E7,2025-09-03
I996987,302,1.67040924E7,2025-10-28
I996988,192,7677096.03,2025-10-22
I996989,644,7.476220081E7,2025-09-09
I996990,1021,1.814023239E7,2025-09-22
I996991,1241,6.557649661E7,2025-09-26
I996992,1911,1.0696141419E8,2025-10-15
I996993,1498,1.4196472209E8,2025-09-04
I996994,1411,1.0407829699E8,2025-09-16
I996995,864,2.106496975E7,2025-09-18
I996996,822,1.600382711E7,2025-10-09
I996997,1113,1.3622849224E8,2025-09-20
I996998,1743,2.5978297209E8,2025-09-04
I996999,1906,2.1658707485E8,2025-09-14
I997000,409,1.607799614E7,2025-10-01
I997001,1247,1.5051395256E8,2025-09-04
I997002,636,9.311783873E7,2025-09-29
I997003,1546,1.1087823001E8,2025-09-06
I997004,1320,1.386828853E7,2025-09-10
I997005,1042,1.2130332193E8,2025-09-02
I997006,1024,1.3535130464E8,2025-10-03
I997007,889,7.50222913E7,2025-10-13
I997008,55,1384212.54,2025-09-25
I997009,1145,1.2908087771E8,2025-10-06
I997010,1948,9.803459282E7,2025-09-12
I997011,1611,1.5720008543E8,2025-10-06
I997012,1153,1.3790012038E8,2025-10-22
I997013,1650,1.0607357752E8,2025-09-29
I997014,748,8.080007017E7,2025-09-25
I997015,221,1.723206453E7,2025-09-21
I997016,53,6144630.16,2025-10-28
I997017,431,4.562909867E7,2025-10-24
I997018,1364,1.9798359364E8,2025-10-10
I997019,815,5.637775637E7,2025-10-26
I997020,678,3.25707832E7,2025-10-29
I997021,1979,4.624989157E7,2025-10-23
I997022,1372,1.7259006439E8,2025-10-03
I997023,870,6.062527102E7,2025-10-11
I997024,1470,1.9164754614E8,2025-10-29
I997025,494,1.230320884E7,2025-10-08
I997026,959,1.0418769862E8,2025-09-21
I997027,554,5.49962188E7,2025-10-05
I997028,340,2.9054577E7,2025-10-04
I997029,908,4.37533812E7,2025-09-20
I997030,1705,1.6846153061E8,2025-10-13
I997031,743,7.732505645E7,2025-10-07
I997032,428,2.929160336E7,2025-10-20
I997033,1739,2.1211703773E8,2025-09-18
I997034,558,1.437179523E7,2025-09-30
I997035,1598,1.9838447692E8,2025-10-22
I997036,983,1.4274413479E8,2025-10-26
I997037,1142,5.995095768E7,2025-09-13
I997038,486,2.266244806E7,2025-10-09
I997039,1569,1.6970177424E8,2025-10-08
I997040,696,8.31482993E7,2025-09-08
I997041,400,5599329.54,2025-09-26
I997042,1222,3.879448157E7,2025-10-12
I997043,1940,2.409475786E7,2025-09-14
I997044,333,3.58470715E7,2025-10-10
I997045,1805,2.894072293E7,2025-09-04
I997046,1575,1.914315263E8,2025-09-21
I997047,1301,3.534367895E7,2025-09-11
I997048,888,1.505822906E7,2025-10-18
I997049,969,7.496542972E7,2025-10-13
I997050,1049,1.0806026411E8,2025-10-28
I997051,115,4702718.96,2025-09-29
I997052,1632,1.9951442064E8,2025-09-08
I997053,1107,2.831118164E7,2025-10-13
I997054,61,2723212.92,2025-09-06
I997055,1892,1.851837163E7,2025-09-27
I997056,957,1.3135494743E8,2025-10-29
I997057,876,5229747.44,2025-10-05
I997058,601,7.266868657E7,2025-10-03
I997059,1544,1.4485658159E8,2025-09-09
I997060,1986,2.0663513416E8,2025-09-22
I997061,451,1.818567842E7,2025-10-09
I997062,1232,8.287042078E7,2025-09-29
I997063,1880,9.051067874E7,2025-09-04
I997064,1034,1.0042848994E8,2025-09-21
I997065,1195,9.61423232E7,2025-09-04
I997066,1294,2.17452058E7,2025-09-12
I997067,1736,1.9857160684E8,2025-10-05
I997068,1272,1.3299061207E8,2025-09-11
I997069,1841,7610332.57,2025-10-18
I997070,783,5.303418417E7,2025-10-12
I997071,1761,1.4623754971E8,2025-10-29
I997072,1626,6.079054219E7,2025-10-14
I997073,1517,1.8943981948E8,2025-10-15
I997074,1436,6.718547583E7,2025-09-16
I997075,1206,4270604.3,2025-10-12
I997076,940,8408279.1,2025-09-10
I997077,419,3.344110409E7,2025-10-22
I997078,1293,1.0686765465E8,2025-10-09
I997079,1208,1.5186052029E8,2025-10-21
I997080,84,5480137.44,2025-10-03
I997081,179,6435444.8,2025-09-29
I997082,640,2.116267092E7,2025-10-13
I997083,1229,5.347249681E7,2025-09-15
I997084,131,7285188.93,2025-09-15
I997085,1759,1.5836809667E8,2025-10-10
I997086,1136,5.368815386E7,2025-10-23
I997087,196,1.941908533E7,2025-09-12
I997088,79,1.112111851E7,2025-09-06
I997089,1373,9.642325651E7,2025-09-20
I997090,370,8784463.99,2025-10-04
I997091,695,8.519071085E7,2025-10-21
I997092,1831,5.340033369E7,2025-09-10
I997093,1919,1.6548704201E8,2025-09-06
I997094,1543,2.916102545E7,2025-10-07
I997095,1785,1.9877331571E8,2025-09-04
I997096,1355,7.399722802E7,2025-09-25
I997097,1130,8.405023837E7,2025-09-09
I997098,605,4.857059704E7,2025-10-01
I997099,1191,1.6689171384E8,2025-10-07
I997100,1066,1.1242783357E8,2025-10-04
I997101,1560,2.0275674205E8,2025-09-13
I997102,1528,5.41928882E7,2025-10-07
I997103,1387,1.2695186516E8,2025-09-09
I997104,1422,5.731787035E7,2025-09-25
I997105,1999,2662988.91,2025-09-27
I997106,1723,6.061292867E7,2025-10-03
I997107,1945,7.974202684E7,2025-09-04
I997108,1683,2.4149804304E8,2025-09-22
I997109,779,1.0683012198E8,2025-10-26
I997110,351,2.43334228E7,2025-09-24
I997111,1415,1.5898250131E8,2025-09-05
I997112,327,1.012461396E7,2025-10-31
I997113,1057,7.681740764E7,2025-10-14
I997114,557,1.613944252E7,2025-10-10
I997115,511,5.348416914E7,2025-10-15
I997116,1857,9.086651348E7,2025-10-04
I997117,1503,7.813499396E7,2025-10-27
I997118,1457,7.613739097E7,2025-10-28
I997119,682,5.634825638E7,2025-10-26
I997120,424,4.399449593E7,2025-10-14
I997121,783,8.83596647E7,2025-09-29
I997122,760,8.320198146E7,2025-09-13
I997123,626,2.382031365E7,2025-10-03
I997124,1518,6.979920865E7,2025-09-03
I997125,686,1.310292265E7,2025-10-17
I997126,481,3.360530904E7,2025-09-09
I997127,631,7.885130221E7,2025-09-25
I997128,1783,2.3042066744E8,2025-09-17
I997129,80,4831130.85,2025-10-15
I997130,212,1.271597256E7,2025-10-29
I997131,445,1.737474113E7,2025-09-24
I997132,538,2.468212946E7,2025-10-30
I997133,463,1.992867289E7,2025-09-04
I997134,718,1144010.28,2025-10-12
I997135,675,7.574875851E7,2025-10-31
I997136,1077,1.4224889082E8,2025-09-20
I997137,1534,7.736103505E7,2025-09-16
I997138,1871,5.672599017E7,2025-09-08
I997139,1159,1.5710093848E8,2025-10-14
I997140,216,2.343713265E7,2025-09-26
I997141,1735,1.6972180451E8,2025-10-23
I997142,1409,1.5676492247E8,2025-09-26
I997143,327,1.494300479E7,2025-09-03
I997144,290,2.889901014E7,2025-09-22
I997145,332,1.646107456E7,2025-09-23
I997146,1238,1.6805121145E8,2025-09-15
I997147,1848,8.432995813E7,2025-10-11
I997148,589,3.959218659E7,2025-09-04
I997149,1166,1.0913264487E8,2025-09-28
I997150,155,2.046477311E7,2025-10-21
I997151,1421,6.123065415E7,2025-10-21
I997152,333,2.49146211E7,2025-10-23
I997153,877,6.120937881E7,2025-10-09
I997154,1737,1.7155819344E8,2025-09-08
I997155,179,1.727893878E7,2025-09-15
I997156,1425,1.224413427E7,2025-09-07
I997157,1487,1.0135074463E8,2025-09-04
I997158,190,1.256127011E7,2025-10-24
I997159,1482,2.2140517299E8,2025-09-21
I997160,781,5.997138261E7,2025-09-15
I997161,460,1.135152388E7,2025-10-31
I997162,1756,1.8956846283E8,2025-09-16
I997163,1406,1.2757248259E8,2025-10-04
I997164,1449,1.566675918E8,2025-09-01
I997165,639,6.592717618E7,2025-09-22
I997166,213,3.1532575E7,2025-10-02
I997167,165,5939570.45,2025-10-20
I997168,1385,2.597219429E7,2025-10-24
I997169,1274,8.46705266E7,2025-09-07
I997170,648,6.552680306E7,2025-10-08
I997171,1513,2.731917953E7,2025-09-02
I997172,1963,2.0251789297E8,2025-09-13
I997173,1695,2.368312238E7,2025-09-06
I997174,1263,1.5563778674E8,2025-09-30
I997175,649,3.351964624E7,2025-09-28
I997176,1554,1.2405401674E8,2025-10-21
I997177,307,2.246567898E7,2025-10-06
I997178,751,2.180033501E7,2025-09-25
I997179,1733,3.081609409E7,2025-10-03
I997180,1350,1.3863562207E8,2025-09-17
I997181,767,9.215086598E7,2025-10-09
I997182,792,1.397804294E7,2025-10-30
I997183,202,7718857.76,2025-10-15
I997184,1584,2.1315531268E8,2025-10-09
I997185,1821,1.5776823144E8,2025-09-21
I997186,272,1.653216798E7,2025-10-05
I997187,722,1.762518235E7,2025-10-24
I997188,74,1965295.13,2025-09-01
I997189,890,1.3028556499E8,2025-10-26
I997190,308,2.50862471E7,2025-10-23
I997191,849,3.872481356E7,2025-09-04
I997192,1368,1.7904024065E8,2025-09-24
I997193,1685,2.5136919835E8,2025-09-21
I997194,1396,1.4765079741E8,2025-09-12
I997195,441,5.230880898E7,2025-10-01
I997196,1868,1.5354580168E8,2025-09-05
I997197,567,2.063332998E7,2025-09-19
I997198,77,7894460.22,2025-09-11
I997199,1717,3.290725464E7,2025-10-13
I997200,597,8.608293048E7,2025-10-02
I997201,1940,1.1514008383E8,2025-09-09
I997202,1223,1.330881803E8,2025-10-19
I997203,88,3460078.71,2025-10-16
I997204,715,5.785066299E7,2025-10-01
I997205,572,6.365403141E7,2025-10-05
I997206,301,1.776059456E7,2025-10-16
I997207,1919,2.3170819526E8,2025-09-01
I997208,1675,7.346633633E7,2025-09-02
I997209,1219,4.292167966E7,2025-10-21
I997210,793,3.297004936E7,2025-10-21
I997211,338,1.356727658E7,2025-09-15
I997212,417,4.632235325E7,2025-09-10
I997213,1914,3.454536475E7,2025-09-14
I997214,1836,4.844800245E7,2025-10-04
I997215,1520,6.141164974E7,2025-10-22
I997216,1255,2.597574174E7,2025-10-08
I997217,1954,2.3069733004E8,2025-09-30
I997218,1656,6.888678175E7,2025-10-31
I997219,1412,1.1036806939E8,2025-09-20
I997220,1011,1.292728238E8,2025-09-23
I997221,729,2.931602718E7,2025-09-15
I997222,818,5.345254803E7,2025-09-04
I997223,174,634756.94,2025-10-29
I997224,1006,9.864635697E7,2025-10-20
I997225,1278,8.083823782E7,2025-10-18
I997226,1091,6032079.39,2025-10-21
I997227,1536,1.4992443197E8,2025-10-03
I997228,509,2.069129145E7,2025-10-07
I997229,505,1.310527326E7,2025-09-05
I997230,1465,2.319184682E7,2025-09-20
I997231,780,9.470617923E7,2025-09-07
I997232,665,2.207687261E7,2025-10-22
I997233,1348,9.616948735E7,2025-10-21
I997234,345,1.817830537E7,2025-09-05
I997235,354,1.810708603E7,2025-09-28
I997236,807,6.874155569E7,2025-09-21
I997237,208,2.976055898E7,2025-10-13
I997238,688,5.829017475E7,2025-10-02
I997239,1543,4.826403812E7,2025-10-29
I997240,413,4.521057375E7,2025-10-11
I997241,318,7148843.03,2025-09-19
I997242,780,6.637814125E7,2025-10-03
I997243,1625,1.2641823356E8,2025-09-03
I997244,1961,1.2566549698E8,2025-09-20
I997245,892,7.946099259E7,2025-10-05
I997246,856,2.294146152E7,2025-10-17
I997247,1297,1.323647568E8,2025-09-03
I997248,489,4.998708927E7,2025-10-21
I997249,595,5.095684195E7,2025-10-06
I997250,144,6544013.87,2025-10-21
I997251,543,6277497.97,2025-10-01
I997252,1007,1.179438454E7,2025-09-14
I997253,896,7.158791303E7,2025-10-03
I997254,930,6387637.92,2025-10-09
I997255,1342,1.6295747192E8,2025-09-16
I997256,253,2.141284425E7,2025-10-24
I997257,450,3.966252129E7,2025-09-24
I997258,1062,1.0416039126E8,2025-10-17
I997259,712,8.128559477E7,2025-10-06
I997260,1375,1.4972186398E8,2025-10-15
I997261,1856,8.466691662E7,2025-09-23
I997262,1388,1.59042979E7,2025-09-26
I997263,1163,1.1027784693E8,2025-10-31
I997264,1208,9.141133367E7,2025-10-28
I997265,1443,2.0633355312E8,2025-09-17
I997266,957,1.0054434006E8,2025-10-25
I997267,931,1.245860636E7,2025-10-01
I997268,885,1.0573472489E8,2025-09-15
I997269,462,3.704937625E7,2025-09-13
I997270,55,7269558.75,2025-10-25
I997271,1741,1.3743352676E8,2025-10-14
I997272,992,9.206823376E7,2025-09-07
I997273,1968,9.280456607E7,2025-09-04
I997274,82,6945112.56,2025-10-17
I997275,1406,9.037952765E7,2025-10-08
I997276,198,1.224763067E7,2025-09-10
I997277,316,4.169207932E7,2025-10-01
I997278,1502,1.4676960455E8,2025-09-14
I997279,1562,1.2859740802E8,2025-09-17
I997280,770,6.869035428E7,2025-09-24
I997281,910,1.2337990281E8,2025-10-14
I997282,352,5.005277209E7,2025-10-10
I997283,851,8.394324837E7,2025-09-18
I997284,833,6.684553237E7,2025-10-24
I997285,1973,1.6693790282E8,2025-09-21
I997286,739,4.76529131E7,2025-10-19
I997287,780,6128496.34,2025-09-12
I997288,1553,2.429939005E7,2025-10-21
I997289,95,1.176420849E7,2025-10-08
I997290,1017,7.386224648E7,2025-10-21
I997291,704,1.991686181E7,2025-10-21
I997292,1460,4.659854978E7,2025-10-22
I997293,1797,1.243852418E7,2025-10-30
I997294,646,1.500563931E7,2025-10-23
I997295,1586,7.680274893E7,2025-09-23
I997296,934,1.1388518718E8,2025-09-02
I997297,1131,1.2947292991E8,2025-10-23
I997298,1660,2.309083326E7,2025-10-20
I997299,243,3.631434111E7,2025-09-04
I997300,512,5.695983878E7,2025-10-08
I997301,1300,4.447434636E7,2025-09-06
I997302,1316,3.884575427E7,2025-10-09
I997303,490,4.833626039E7,2025-10-30
I997304,1737,2.4655831852E8,2025-09-24
I997305,101,4920873.11,2025-10-07
I997306,143,1.167172907E7,2025-10-30
I997307,1909,1.6319285645E8,2025-09-13
I997308,552,7.425915565E7,2025-09-27
I997309,1454,5.968234516E7,2025-09-24
I997310,1743,1.3551413925E8,2025-10-01
I997311,489,5.385381311E7,2025-09-17
I997312,1725,1.83631839E8,2025-10-11
I997313,221,5919664.13,2025-09-07
I997314,1844,1.6106265258E8,2025-10-30
I997315,147,7298493.99,2025-10-11
I997316,109,7739737.43,2025-09-19
I997317,248,1.866307349E7,2025-09-13
I997318,464,2.614352491E7,2025-10-15
I997319,344,1.288116487E7,2025-10-24
I997320,718,1210002.55,2025-09-27
I997321,1696,7.775819221E7,2025-10-01
I997322,1345,1.0083508482E8,2025-10-16
I997323,328,3.338396119E7,2025-10-04
I997324,601,6963179.95,2025-10-16
I997325,428,1.470546991E7,2025-09-02
I997326,1683,6471651.77,2025-09-06
I997327,1332,1.4111981727E8,2025-09-20
I997328,143,2.126666066E7,2025-10-16
I997329,577,2.568827556E7,2025-09-26
I997330,1642,1.9439142148E8,2025-09-06
I997331,480,2647708.51,2025-10-06
I997332,324,2.898002209E7,2025-10-20
I997333,745,4.404636479E7,2025-10-24
I997334,1667,1.6159900012E8,2025-09-05
I997335,1600,1.709628385E8,2025-09-27
I997336,1672,1.8807231364E8,2025-10-26
I997337,478,9318085.05,2025-09-03
I997338,1582,1.074294536E7,2025-09-06
I997339,1556,8.270869309E7,2025-10-25
I997340,1708,2.1622375809E8,2025-09-12
I997341,910,5.026855102E7,2025-09-27
I997342,488,5.524269813E7,2025-09-30
I997343,548,4.826940713E7,2025-10-04
I997344,1451,1.9467657738E8,2025-09-19
I997345,592,4.69906846E7,2025-10-15
I997346,1380,1.680108842E8,2025-09-16
I997347,324,1.106886023E7,2025-10-16
I997348,580,8642248.81,2025-10-01
I997349,677,8.538436805E7,2025-10-18
I997350,428,4.037043356E7,2025-09-20
I997351,902,7.256853496E7,2025-09-28
I997352,1332,1.3431209E8,2025-10-09
I997353,1519,2.1575343929E8,2025-09-04
I997354,462,4.891812039E7,2025-09-21
I997355,708,8.600320744E7,2025-09-06
I997356,264,3.127017384E7,2025-10-24
I997357,279,5277505.81,2025-09-13
I997358,1151,1.3287930822E8,2025-10-28
I997359,276,2.291859029E7,2025-10-22
I997360,944,1.408692418E8,2025-09-23
I997361,387,5.508228551E7,2025-09-06
I997362,202,2.970004166E7,2025-09-11
I997363,1956,2.864417336E7,2025-10-23
I997364,561,5455767.4,2025-09-17
I997365,157,6896624.9,2025-10-06
I997366,461,5.418507024E7,2025-09-08
I997367,1675,1.7376497955E8,2025-10-31
I997368,206,7303937.01,2025-09-25
I997369,576,7.364762346E7,2025-10-02
I997370,891,1.1165306299E8,2025-10-04
I997371,971,2.815879007E7,2025-10-07
I997372,1085,1.136194382E7,2025-09-02
I997373,1527,1.0823903622E8,2025-09-02
I997374,226,7320880.5,2025-10-25
I997375,1707,8.633493942E7,2025-09-05
I997376,1887,7483196.07,2025-10-19
I997377,422,5.185859765E7,2025-10-19
I997378,1153,7310607.35,2025-10-12
I997379,1974,1.9445173384E8,2025-09-13
I997380,1066,4.258757477E7,2025-09-03
I997381,1593,1.0304480377E8,2025-10-20
I997382,1234,3.743306189E7,2025-10-31
I997383,512,8702628.45,2025-10-12
I997384,1683,1.8169092618E8,2025-09-12
I997385,998,6.51490997E7,2025-09-13
I997386,1181,8.133804725E7,2025-09-22
I997387,931,9.803740526E7,2025-09-12
I997388,1816,1.9265311963E8,2025-10-01
I997389,1413,6.927493811E7,2025-10-21
I997390,301,3.057164883E7,2025-09-02
I997391,1396,1.1054103536E8,2025-10-11
I997392,1166,6.045295428E7,2025-09-06
I997393,1925,6.956041989E7,2025-09-13
I997394,942,7.116934911E7,2025-09-26
I997395,757,5.614753987E7,2025-09-19
I997396,1122,1.2224410714E8,2025-09-30
I997397,1236,1.1905429384E8,2025-09-24
I997398,1440,1.3107183024E8,2025-10-28
I997399,1717,1.3413127401E8,2025-10-02
I997400,243,1.091944054E7,2025-10-02
I997401,460,1.539723212E7,2025-09-29
I997402,1678,1.2269817999E8,2025-10-17
I997403,1892,2.5653912992E8,2025-10-30
I997404,1949,1.2731356692E8,2025-10-01
I997405,716,1.0568953428E8,2025-09-19
I997406,833,5.726128185E7,2025-09-20
I997407,443,1.73448273E7,2025-09-16
I997408,123,1.704480674E7,2025-10-11
I997409,1489,1.8381842269E8,2025-10-13
I997410,1527,4544821.34,2025-10-14
I997411,1467,1.8478046028E8,2025-09-08
I997412,1588,1.7760072055E8,2025-09-20
I997413,293,1.004435467E7,2025-10-17
I997414,887,3.586920055E7,2025-09-16
I997415,1909,2.5905842774E8,2025-10-05
I997416,1322,7.00645467E7,2025-09-11
I997417,1732,2.5631923765E8,2025-10-15
I997418,528,6.641931352E7,2025-10-13
I997419,1917,2.0118281682E8,2025-10-01
I997420,749,3.099931481E7,2025-10-02
I997421,1073,1.5378035461E8,2025-09-17
I997422,892,4.623004254E7,2025-10-27
I997423,657,8.606930996E7,2025-10-20
I997424,891,7.489313692E7,2025-09-21
I997425,577,1.391641647E7,2025-09-10
I997426,278,4.151997173E7,2025-10-23
I997427,1538,2.982521214E7,2025-10-06
I997428,1127,1.5284300145E8,2025-10-09
I997429,1312,1.1381881974E8,2025-10-31
I997430,147,2.202565098E7,2025-09-13
I997431,1140,7.186508927E7,2025-10-11
I997432,1833,2.493868174E8,2025-10-25
I997433,959,1.3520846162E8,2025-09-07
I997434,824,8.558236894E7,2025-10-01
I997435,239,1.199735757E7,2025-09-02
I997436,735,4.102480649E7,2025-10-30
I997437,1265,1.5892282035E8,2025-10-16
I997438,1789,1.3218979831E8,2025-10-16
I997439,1643,2.041218044E7,2025-09-23
I997440,1729,4.377846928E7,2025-10-26
I997441,905,3.983709346E7,2025-10-26
I997442,991,1.0576867486E8,2025-09-10
I997443,1730,6.440131191E7,2025-10-13
I997444,1013,4.878542233E7,2025-09-10
I997445,1993,1.2236108982E8,2025-09-30
I997446,167,2.040262623E7,2025-09-26
I997447,1392,1.507703578E7,2025-10-23
I997448,171,2.491891553E7,2025-09-16
I997449,1887,5.176803097E7,2025-09-02
I997450,108,9198583.71,2025-10-23
I997451,1284,1.9009350586E8,2025-09-07
I997452,818,6.989814784E7,2025-10-07
I997453,682,4.042679563E7,2025-10-02
I997454,513,8046929.41,2025-10-17
I997455,1186,1.1767721736E8,2025-10-15
I997456,305,3.541325327E7,2025-10-05
I997457,467,3.328983653E7,2025-09-20
I997458,1567,1.9615812007E8,2025-09-06
I997459,1532,1.36211657E7,2025-10-23
I997460,142,3681653.98,2025-09-05
I997461,1586,2.1359863892E8,2025-09-24
I997462,1304,9.361106529E7,2025-10-29
I997463,1460,7.663904247E7,2025-09-21
I997464,1118,6.98062515E7,2025-09-11
I997465,511,7.592157477E7,2025-10-25
I997466,1963,4.822284441E7,2025-10-25
I997467,1162,2.945610613E7,2025-09-04
I997468,907,1.291175938E8,2025-10-25
I997469,1300,1.3797574412E8,2025-09-22
I997470,1083,7.225261217E7,2025-10-30
I997471,1950,8.199702475E7,2025-10-15
I997472,473,2.86337895E7,2025-10-28
I997473,1744,1.8669751456E8,2025-10-02
I997474,478,6.081418866E7,2025-10-13
I997475,1550,1.3163043793E8,2025-09-09
I997476,1175,1.6436440161E8,2025-09-14
I997477,1040,7.053007447E7,2025-10-19
I997478,1936,9.413013804E7,2025-10-20
I997479,1729,1.4469044144E8,2025-10-20
I997480,1569,1.8730641649E8,2025-10-01
I997481,427,3.183056186E7,2025-10-11
I997482,1517,1.755134094E7,2025-10-24
I997483,357,3.22653734E7,2025-09-23
I997484,177,1.671612113E7,2025-10-20
I997485,347,7513833.16,2025-10-05
I997486,985,5.137874233E7,2025-09-03
I997487,1558,1.7013188256E8,2025-10-20
I997488,438,6.318355653E7,2025-10-29
I997489,1572,1.0125621538E8,2025-09-12
I997490,377,1193796.82,2025-09-24
I997491,376,4.383306481E7,2025-10-20
I997492,516,4.416906324E7,2025-09-26
I997493,1104,9.005216769E7,2025-09-17
I997494,849,1.0402923976E8,2025-09-06
I997495,1717,1.887672925E8,2025-10-20
I997496,759,5.20114846E7,2025-10-16
I997497,458,5.827932445E7,2025-10-30
I997498,1135,6.010527552E7,2025-10-28
I997499,297,5827572.85,2025-10-01
I997500,1321,1.4890108152E8,2025-09-09
I997501,269,6037482.05,2025-09-20
I997502,1193,4.480004414E7,2025-10-16
I997503,1104,2.885523607E7,2025-09-02
I997504,735,1.0452920837E8,2025-10-21
I997505,224,2918186.14,2025-10-16
I997506,1656,1.172119407E7,2025-10-02
I997507,1521,1.880361884E7,2025-09-08
I997508,1791,1.9102630881E8,2025-10-05
I997509,170,2.332738762E7,2025-09-16
I997510,1162,8.535594794E7,2025-10-13
I997511,845,8.651615916E7,2025-09-09
I997512,57,5481395.12,2025-10-15
I997513,1656,1.130748138E8,2025-09-16
I997514,594,2.734659252E7,2025-09-11
I997515,1331,5.903863476E7,2025-09-10
I997516,1792,9.962584355E7,2025-10-20
I997517,956,8.501005534E7,2025-09-26
I997518,448,3.708112565E7,2025-10-16
I997519,425,1.040728399E7,2025-10-11
I997520,1984,7.630391827E7,2025-09-29
I997521,149,3280238.64,2025-09-22
I997522,910,8.924008403E7,2025-09-29
I997523,1195,7.763386476E7,2025-09-12
I997524,182,956643.28,2025-10-01
I997525,326,3.588819716E7,2025-10-16
I997526,972,1.2695852694E8,2025-09-28
I997527,534,7977383.12,2025-10-27
I997528,1791,1.5931174112E8,2025-10-17
I997529,457,1.662992863E7,2025-09-01
I997530,1345,1.4197298298E8,2025-10-28
I997531,506,2.088676127E7,2025-10-05
I997532,543,4.835203762E7,2025-10-15
I997533,949,4.659795591E7,2025-09-25
I997534,1068,1.3117225015E8,2025-09-09
I997535,1363,5.460260706E7,2025-10-23
I997536,1179,1.0938830057E8,2025-10-01
I997537,922,1.1027003868E8,2025-10-23
I997538,1054,4.551023637E7,2025-10-11
I997539,611,8.88107696E7,2025-10-10
I997540,676,6322479.35,2025-10-08
I997541,1361,1.0428970382E8,2025-09-26
I997542,58,497508.05,2025-10-06
I997543,1394,1.147995462E7,2025-10-09
I997544,218,1762810.77,2025-10-24
I997545,1788,1.2226408711E8,2025-09-14
I997546,737,7696527.67,2025-09-08
I997547,939,9.038696054E7,2025-09-17
I997548,299,1036607.81,2025-09-18
I997549,1384,4899764.45,2025-09-20
I997550,397,5.180871161E7,2025-10-02
I997551,1243,1.6214695665E8,2025-09-07
I997552,97,1632780.6,2025-10-03
I997553,1303,4981739.66,2025-09-10
I997554,778,8434340.51,2025-10-26
I997555,1592,4.590765755E7,2025-10-06
I997556,1278,8.493173501E7,2025-09-10
I997557,1016,4.407917172E7,2025-09-24
I997558,1668,1.9976055334E8,2025-09-06
I997559,1098,1.2263953318E8,2025-09-11
I997560,1568,1.1859560811E8,2025-09-26
I997561,1499,1.083848839E7,2025-10-04
I997562,820,5.315914996E7,2025-09-13
I997563,1345,8.412761022E7,2025-10-05
I997564,1704,7.444369584E7,2025-10-22
I997565,1516,7.39470028E7,2025-10-29
I997566,1950,1.5308146839E8,2025-09-16
I997567,696,7.256139857E7,2025-09-01
I997568,1969,1.499257958E7,2025-09-30
I997569,1203,6.349361719E7,2025-09-14
I997570,1984,2.8236973945E8,2025-10-25
I997571,1588,2211930.94,2025-10-30
I997572,1717,1.7591343135E8,2025-10-10
I997573,249,2.897120652E7,2025-10-09
I997574,1110,6.228684727E7,2025-10-28
I997575,404,5.434300989E7,2025-09-02
I997576,1511,9.688876422E7,2025-10-14
I997577,709,7.858074844E7,2025-10-13
I997578,1962,5454952.06,2025-10-22
I997579,1782,2.5246255642E8,2025-09-29
I997580,1402,1.7075741758E8,2025-09-28
I997581,158,1.003431755E7,2025-09-18
I997582,203,9931223.55,2025-09-19
I997583,1129,4.371653086E7,2025-10-14
I997584,724,1.72408512E7,2025-10-02
I997585,1244,9.477622274E7,2025-10-12
I997586,348,1.156608204E7,2025-09-24
I997587,1343,1.0938498001E8,2025-10-17
I997588,1929,2.246047827E8,2025-10-22
I997589,958,1.574646441E7,2025-10-08
I997590,1983,1.5792495626E8,2025-09-16
I997591,370,2.669565499E7,2025-09-23
I997592,476,2.772140863E7,2025-10-13
I997593,340,3.475144452E7,2025-10-26
I997594,1370,3.35519563E7,2025-10-22
I997595,1498,1.1796207179E8,2025-10-29
I997596,1234,2.600452526E7,2025-09-24
I997597,1583,9.744888938E7,2025-10-10
I997598,1823,8.914607927E7,2025-10-16
I997599,507,1.426966383E7,2025-09-03
I997600,1037,8.699746355E7,2025-09-05
I997601,1421,1.6443906217E8,2025-10-22
I997602,1511,7.84463479E7,2025-10-15
I997603,997,4159232.94,2025-09-15
I997604,930,4.483377151E7,2025-09-05
I997605,572,5.363999136E7,2025-10-22
I997606,1208,3.990349834E7,2025-10-14
I997607,1984,4.537937781E7,2025-10-17
I997608,1709,1.1972069094E8,2025-09-26
I997609,1979,2.1659993113E8,2025-10-05
I997610,1133,7.09970206E7,2025-10-05
I997611,1172,1.6184642993E8,2025-09-24
I997612,1788,6.209476075E7,2025-10-12
I997613,943,8.744013602E7,2025-09-22
I997614,651,5.214717267E7,2025-10-12
I997615,127,1092656.21,2025-10-25
I997616,1550,4.2994375E7,2025-10-10
I997617,1548,2.1749024766E8,2025-09-08
I997618,1904,1.3321650096E8,2025-09-14
I997619,1882,5.867157644E7,2025-10-15
I997620,692,6.363206484E7,2025-10-12
I997621,205,2.666020858E7,2025-10-07
I997622,1374,7.19515844E7,2025-09-25
I997623,451,5.652118688E7,2025-09-16
I997624,517,1236363.04,2025-09-02
I997625,156,1.054607473E7,2025-09-27
I997626,1144,3.664976211E7,2025-09-13
I997627,627,7.181822013E7,2025-09-08
I997628,1550,1.0886369153E8,2025-10-23
I997629,556,1.349846703E7,2025-09-11
I997630,975,1.4173720903E8,2025-09-06
I997631,532,1.08329153E7,2025-09-14
I997632,327,3.765795446E7,2025-09-18
I997633,232,2.233103606E7,2025-10-22
I997634,461,5.235451013E7,2025-10-26
I997635,939,2.053129039E7,2025-09-13
I997636,866,5.060769075E7,2025-09-29
I997637,1604,1.7553343038E8,2025-10-13
I997638,322,3.837632378E7,2025-09-23
I997639,436,1.668372588E7,2025-09-15
I997640,658,7.226302008E7,2025-09-16
I997641,761,8.486355042E7,2025-10-08
I997642,1310,8.597908971E7,2025-09-09
I997643,90,6142818.37,2025-10-07
I997644,103,2963493.41,2025-09-27
I997645,485,7.192782064E7,2025-10-28
I997646,1080,1.3026962558E8,2025-10-24
I997647,1763,2.6194708833E8,2025-10-27
I997648,188,2.035884198E7,2025-09-19
I997649,1293,1.7620957705E8,2025-10-19
I997650,916,9.250804346E7,2025-09-02
I997651,1314,1.2245133031E8,2025-09-24
I997652,1143,1.7065577517E8,2025-10-24
I997653,1189,1.795278908E7,2025-09-17
I997654,871,1.1537495797E8,2025-09-16
I997655,660,5.786098498E7,2025-10-23
I997656,951,3.249698465E7,2025-10-03
I997657,179,8464275.77,2025-10-08
I997658,1941,2.6182518979E8,2025-09-22
I997659,1792,2.1807979956E8,2025-09-22
I997660,380,1.947535356E7,2025-09-09
I997661,1430,1.7623828159E8,2025-09-23
I997662,662,6.71350958E7,2025-10-07
I997663,1954,6.651299394E7,2025-09-08
I997664,188,1.123006301E7,2025-10-16
I997665,1377,1.2704171579E8,2025-09-12
I997666,1266,4.131489793E7,2025-10-20
I997667,406,6909257.34,2025-09-10
I997668,112,1.140389971E7,2025-10-25
I997669,1222,4.87183535E7,2025-09-09
I997670,377,8058199.52,2025-09-19
I997671,1389,1.755995234E7,2025-09-03
I997672,1001,1.1032595081E8,2025-10-24
I997673,1571,4.260464248E7,2025-10-24
I997674,1830,9.536286942E7,2025-09-09
I997675,804,7.308068079E7,2025-09-14
I997676,1952,9.601035184E7,2025-10-30
I997677,1315,3958496.72,2025-10-10
I997678,1503,1.1664997832E8,2025-10-23
I997679,517,3.411626323E7,2025-10-08
I997680,1431,1.360996017E8,2025-09-03
I997681,164,1.209884697E7,2025-10-02
I997682,1746,2.766380345E7,2025-09-14
I997683,1467,3.728881425E7,2025-09-28
I997684,932,1.127758595E8,2025-09-29
I997685,109,1.449435281E7,2025-10-10
I997686,1214,1.2499282736E8,2025-10-22
I997687,826,4.906138281E7,2025-10-27
I997688,730,2.708734868E7,2025-10-01
I997689,1799,4354684.33,2025-10-02
I997690,787,1.094725474E8,2025-09-27
I997691,1859,1.02968469E8,2025-10-12
I997692,1914,1.3608304878E8,2025-09-29
I997693,1830,1.3270187205E8,2025-10-22
I997694,546,2.011850423E7,2025-10-10
I997695,1261,5.924259692E7,2025-10-29
I997696,662,4.121278125E7,2025-09-15
I997697,1081,1.173962709E8,2025-09-02
I997698,1940,1.9733941442E8,2025-10-16
I997699,332,3.224762144E7,2025-09-05
I997700,1017,1.3394807866E8,2025-09-25
I997701,1584,3.786304815E7,2025-09-16
I997702,1473,1.4707658395E8,2025-09-04
I997703,1964,1.26573413E7,2025-09-26
I997704,93,5303765.21,2025-09-14
I997705,568,7.609946466E7,2025-10-27
I997706,546,1.784298438E7,2025-10-13
I997707,1747,8.51591277E7,2025-10-04
I997708,612,7.79741873E7,2025-09-19
I997709,1636,5.884668361E7,2025-10-06
I997710,345,525882.74,2025-10-12
I997711,633,3.837614185E7,2025-10-11
I997712,344,2.419906665E7,2025-09-05
I997713,1961,4.575211143E7,2025-10-28
I997714,1555,1.9592735291E8,2025-09-16
I997715,147,3432498.05,2025-09-17
I997716,828,1.2090850825E8,2025-09-15
I997717,747,6.784008082E7,2025-10-02
I997718,1520,1.8843365992E8,2025-09-30
I997719,1786,1.7163854435E8,2025-09-22
I997720,560,2.0620937E7,2025-10-29
I997721,372,4.889543713E7,2025-10-19
I997722,1303,7.967832651E7,2025-10-26
I997723,135,2550994.01,2025-10-04
I997724,190,1.154297346E7,2025-10-19
I997725,1769,1.930933966E7,2025-10-12
I997726,658,6.472387589E7,2025-09-13
I997727,139,1207448.37,2025-09-22
I997728,510,6.880406092E7,2025-10-03
I997729,520,7.704882037E7,2025-10-28
I997730,1132,1.1650127352E8,2025-10-23
I997731,1808,2.3698310012E8,2025-10-27
I997732,381,5.198437221E7,2025-09-09
I997733,325,6981875.62,2025-10-06
I997734,70,892470.36,2025-10-02
I997735,1463,5.731656332E7,2025-09-05
I997736,1475,1.0429798951E8,2025-10-06
I997737,460,5.939400384E7,2025-09-05
I997738,580,4.237443938E7,2025-09-29
I997739,792,5.245022596E7,2025-10-15
I997740,559,2.441361301E7,2025-10-13
I997741,1327,1.4779728657E8,2025-09-12
I997742,1414,1.9718690345E8,2025-10-22
I997743,933,5.590115406E7,2025-10-05
I997744,78,370876.5,2025-10-16
I997745,1940,2.430997174E7,2025-09-17
I997746,1677,2.386684625E8,2025-09-14
I997747,234,3.408073061E7,2025-09-12
I997748,1607,8.854470062E7,2025-09-12
I997749,1367,5.581553189E7,2025-10-14
I997750,1554,3.710935918E7,2025-09-04
I997751,1953,1.7792486311E8,2025-10-31
I997752,965,8.433877126E7,2025-10-03
I997753,1694,3.376442662E7,2025-10-19
I997754,1121,8.420630929E7,2025-10-16
I997755,1028,1.4584596104E8,2025-10-15
I997756,862,4.882943926E7,2025-10-30
I997757,590,4493545.62,2025-10-06
I997758,146,2.061681706E7,2025-09-05
I997759,644,5.982796232E7,2025-09-19
I997760,681,5.314343907E7,2025-10-20
I997761,1834,2.0956809112E8,2025-09-27
I997762,596,8.45298998E7,2025-10-25
I997763,1367,5.760563653E7,2025-09-05
I997764,1351,1.2039265904E8,2025-09-30
I997765,278,3.762689233E7,2025-09-01
I997766,1997,1.0178761297E8,2025-10-20
I997767,1119,3.108193834E7,2025-10-20
I997768,921,5.625254507E7,2025-10-04
I997769,1769,1.5538555139E8,2025-10-19
I997770,738,2.174704165E7,2025-10-15
I997771,1114,1.4035981789E8,2025-09-26
I997772,170,1.517724201E7,2025-10-07
I997773,365,2.756054175E7,2025-09-04
I997774,1705,1.1622592202E8,2025-10-07
I997775,528,6.432515973E7,2025-09-12
I997776,685,4.153708219E7,2025-10-17
I997777,225,8693657.49,2025-10-15
I997778,1858,2.3034299132E8,2025-10-02
I997779,1514,1.1359224984E8,2025-09-22
I997780,816,9.586098526E7,2025-09-08
I997781,603,4.041077789E7,2025-09-01
I997782,332,2.256022931E7,2025-10-31
I997783,1227,1.4744573673E8,2025-10-25
I997784,907,3.555819266E7,2025-09-17
I997785,686,5.416322601E7,2025-09-03
I997786,1534,2.1557277896E8,2025-09-29
I997787,1137,1.0619064178E8,2025-10-09
I997788,332,3.999978472E7,2025-10-17
I997789,1166,1.469440573E7,2025-10-05
I997790,1006,1.242592978E8,2025-09-17
I997791,1064,9.80148203E7,2025-09-28
I997792,649,5.460914528E7,2025-09-24
I997793,1589,7.415753032E7,2025-09-09
I997794,1015,6.770154092E7,2025-09-16
I997795,1416,8256004.71,2025-09-18
I997796,1666,1.7560053239E8,2025-09-18
I997797,158,1.745222496E7,2025-10-11
I997798,447,6.123699951E7,2025-09-03
I997799,147,8476770.79,2025-10-25
I997800,1917,1.1196143666E8,2025-10-22
I997801,619,7.812758824E7,2025-09-13
I997802,390,3.405749504E7,2025-10-08
I997803,797,9863925.55,2025-09-02
I997804,852,1.2124746014E8,2025-10-31
I997805,1605,9.368388851E7,2025-10-25
I997806,1154,8.214830964E7,2025-10-27
I997807,1413,3.055882148E7,2025-10-18
I997808,239,1.063324932E7,2025-10-25
I997809,1172,1.3382838846E8,2025-09-06
I997810,1842,2.2684234404E8,2025-10-31
I997811,1997,1.525886196E7,2025-10-20
I997812,304,1.28400468E7,2025-09-02
I997813,1282,4.27579328E7,2025-10-16
I997814,887,3431695.77,2025-10-27
I997815,137,2235500.98,2025-10-20
I997816,1876,1.3174919221E8,2025-10-08
I997817,212,8116235.59,2025-10-09
I997818,92,3157687.36,2025-10-19
I997819,532,4.372134232E7,2025-09-29
I997820,1463,8.862201741E7,2025-09-03
I997821,1717,2.2372057938E8,2025-09-10
I997822,99,970227.41,2025-09-15
I997823,228,6831319.78,2025-09-24
I997824,1449,3.653166361E7,2025-09-04
I997825,1000,4.824757459E7,2025-09-16
I997826,1726,5.669992111E7,2025-09-03
I997827,861,1.1449355833E8,2025-09-19
I997828,1142,1.574621519E7,2025-10-24
I997829,1874,2.5975996236E8,2025-09-14
I997830,1865,2.2743609566E8,2025-09-29
I997831,813,5.665274318E7,2025-10-04
I997832,1182,1.6956433509E8,2025-09-02
I997833,101,2719217.41,2025-10-05
I997834,1731,1.6688437871E8,2025-09-24
I997835,1318,1.6147899072E8,2025-10-08
I997836,1930,1.9176099421E8,2025-09-03
I997837,962,2751878.84,2025-09-17
I997838,1088,3.61876381E7,2025-09-24
I997839,1960,2.3306704299E8,2025-10-07
I997840,1068,1.355448911E8,2025-10-14
I997841,429,5.771078843E7,2025-10-18
I997842,1136,1.0764982262E8,2025-10-23
I997843,862,1.2680975861E8,2025-10-03
I997844,1734,1.972453747E8,2025-10-05
I997845,1589,3.02509987E7,2025-09-10
I997846,1902,1.4098431357E8,2025-09-13
I997847,73,1137092.77,2025-10-23
I997848,645,2.591491399E7,2025-10-20
I997849,1006,6.852167767E7,2025-10-21
I997850,958,5.437654201E7,2025-10-14
I997851,591,8.844752016E7,2025-10-03
I997852,1956,6.972481981E7,2025-09-15
I997853,427,5.440465064E7,2025-10-23
I997854,198,2.498472465E7,2025-09-06
I997855,1093,1.4574107513E8,2025-10-24
I997856,454,2.588108448E7,2025-10-03
I997857,303,2.696691941E7,2025-09-04
I997858,643,1.093918265E7,2025-09-18
I997859,1044,1.3091852698E8,2025-10-24
I997860,1640,1.7210699562E8,2025-10-27
I997861,318,1.489254385E7,2025-10-11
I997862,897,3.818173983E7,2025-10-01
I997863,1337,1.886799474E8,2025-09-15
I997864,319,1.302681451E7,2025-09-17
I997865,1850,4.211072416E7,2025-10-19
I997866,239,2.963864639E7,2025-10-16
I997867,1607,3.575096402E7,2025-09-01
I997868,1491,1.1625830966E8,2025-10-30
I997869,1149,1.044272526E8,2025-10-22
I997870,1167,1.6430740804E8,2025-09-03
I997871,983,1.971856494E7,2025-09-08
I997872,1575,1103934.2,2025-10-22
I997873,1473,7.701219452E7,2025-10-29
I997874,1811,7.785284383E7,2025-09-12
I997875,1275,8.103388492E7,2025-10-25
I997876,1669,1.6866617534E8,2025-09-12
I997877,1042,5.864014696E7,2025-09-15
I997878,1284,1.4176372724E8,2025-09-07
I997879,962,1.480971418E7,2025-10-18
I997880,408,8787714.58,2025-09-18
I997881,1674,2.0488650407E8,2025-10-11
I997882,1746,2.0772038995E8,2025-10-08
I997883,1668,1.8193657636E8,2025-09-27
I997884,1801,8.580362625E7,2025-09-11
I997885,1371,1.0172514418E8,2025-09-17
I997886,1856,2.4006635825E8,2025-09-02
I997887,1339,1.285038985E8,2025-10-24
I997888,519,3.564978583E7,2025-10-28
I997889,392,5.058050409E7,2025-10-15
I997890,129,1.024721548E7,2025-10-09
I997891,1613,2.245475227E8,2025-09-19
I997892,1199,3.746171814E7,2025-10-14
I997893,1323,1.3961757184E8,2025-10-06
I997894,1887,2.7524104594E8,2025-09-09
I997895,856,1.0384613782E8,2025-09-11
I997896,1852,1.9325986488E8,2025-09-15
I997897,1543,1.1762038725E8,2025-10-08
I997898,1151,3.999893635E7,2025-10-24
I997899,386,3.833493943E7,2025-09-23
I997900,1515,1.8018058631E8,2025-09-18
I997901,859,4.846739843E7,2025-09-07
I997902,1440,1.8758673592E8,2025-09-20
I997903,1247,3.741862355E7,2025-10-18
I997904,551,7.008815068E7,2025-09-11
I997905,1656,8.563573235E7,2025-10-04
I997906,702,3.999902977E7,2025-09-26
I997907,1117,5.546370738E7,2025-10-30
I997908,1154,1.2255044616E8,2025-09-28
I997909,267,3.240320028E7,2025-10-09
I997910,1516,1.1601211577E8,2025-09-27
I997911,876,7.511973004E7,2025-10-20
I997912,548,1.568669744E7,2025-09-09
I997913,271,3661387.0,2025-10-02
I997914,1134,1.3986058638E8,2025-09-29
I997915,119,2806656.66,2025-10-27
I997916,702,8.675323173E7,2025-10-15
I997917,1817,1.4539169887E8,2025-10-31
I997918,1656,1.7826872851E8,2025-09-07
I997919,364,5.125069054E7,2025-10-24
I997920,87,8862507.02,2025-10-02
I997921,387,2.526669265E7,2025-09-03
I997922,1113,1.954215351E7,2025-09-03
I997923,1046,9.452266977E7,2025-09-23
I997924,838,4.932410553E7,2025-10-25
I997925,952,2.573398881E7,2025-10-26
I997926,943,4.339712933E7,2025-10-30
I997927,1152,6.865149311E7,2025-09-02
I997928,241,2.266678942E7,2025-10-05
I997929,1464,1.5795554644E8,2025-10-11
I997930,1944,2.8478190122E8,2025-09-26
I997931,287,1.627584057E7,2025-09-03
I997932,826,2.810424731E7,2025-10-10
I997933,1250,4.214956306E7,2025-09-19
I997934,462,8734068.96,2025-09-16
I997935,908,1.78963341E7,2025-10-08
I997936,1468,1.2908803031E8,2025-09-04
I997937,1811,1.5442722867E8,2025-09-01
I997938,1488,1.7597586129E8,2025-10-04
I997939,1126,3056746.3,2025-09-15
I997940,459,2.082965874E7,2025-10-08
I997941,1435,1.903049769E7,2025-10-26
I997942,314,1.557069819E7,2025-09-29
I997943,772,1.10741049E7,2025-10-12
I997944,55,1708316.5,2025-10-02
I997945,1784,6.660109547E7,2025-09-24
I997946,292,1.13651395E7,2025-10-31
I997947,1792,7.925046569E7,2025-10-30
I997948,1870,2.3223108457E8,2025-10-20
I997949,1620,6.73060491E7,2025-09-06
I997950,972,9.968607812E7,2025-09-05
I997951,814,6059261.85,2025-10-20
I997952,680,9.713511929E7,2025-10-15
I997953,1797,1.609395957E7,2025-10-03
I997954,1181,1.0624702331E8,2025-10-28
I997955,358,3.91555736E7,2025-10-15
I997956,405,5.360384666E7,2025-09-09
I997957,1482,2.0531174843E8,2025-10-07
I997958,656,1.239487866E7,2025-09-21
I997959,576,1.27240663E7,2025-09-28
I997960,863,3.310271628E7,2025-10-11
I997961,1839,3.721751569E7,2025-10-24
I997962,139,1.030333305E7,2025-09-04
I997963,383,4.22509342E7,2025-09-11
I997964,1833,5.227406797E7,2025-09-18
I997965,77,8847049.34,2025-09-07
I997966,307,9747747.93,2025-10-27
I997967,1070,6.604268755E7,2025-09-21
I997968,299,4.251598566E7,2025-09-09
I997969,1260,1.3553483336E8,2025-10-02
I997970,401,4.402887722E7,2025-10-02
I997971,783,6.711240202E7,2025-09-08
I997972,124,2347321.97,2025-10-07
I997973,385,2.683741736E7,2025-09-27
I997974,618,8.789169843E7,2025-09-08
I997975,881,1.0985091888E8,2025-09-23
I997976,1946,2.992811841E7,2025-09-28
I997977,491,1.92076135E7,2025-10-27
I997978,164,1585553.71,2025-10-03
I997979,1136,1.2001133782E8,2025-09-27
I997980,1669,2.4023913952E8,2025-10-15
I997981,1414,9.8423683E7,2025-10-05
I997982,987,1.3441358178E8,2025-09-02
I997983,1210,1.0975108453E8,2025-10-10
I997984,1414,9.081192676E7,2025-10-22
I997985,291,2.17605517E7,2025-09-21
I997986,1927,1.4007523784E8,2025-09-27
I997987,1124,5.833186729E7,2025-10-15
I997988,1204,1.3102749993E8,2025-10-23
I997989,775,5.634412474E7,2025-10-25
I997990,1972,1.4687200076E8,2025-09-13
I997991,1489,9637546.66,2025-09-28
I997992,615,3.280263243E7,2025-10-07
I997993,1135,1.4274653009E8,2025-10-25
I997994,71,5839220.65,2025-09-25
I997995,1337,1.822667777E7,2025-10-11
I997996,416,1.940305607E7,2025-09-29
I997997,1437,1.8118718307E8,2025-10-20
I997998,1998,8.974392764E7,2025-09-28
I997999,1953,4.996651699E7,2025-09-25
I998000,343,4.856826839E7,2025-09-21
I998001,1318,8.060853202E7,2025-10-22
I998002,1948,1.4782857803E8,2025-09-30
I998003,787,9.745756879E7,2025-09-26
I998004,1992,2.868864081E7,2025-09-04
I998005,933,7.34884933E7,2025-09-07
I998006,1245,1.0420861814E8,2025-10-12
I998007,1535,1.903517453E8,2025-10-10
I998008,583,6.630756549E7,2025-10-30
I998009,1348,5.310944781E7,2025-09-29
I998010,1365,2.828878398E7,2025-10-11
I998011,972,6.819288075E7,2025-09-27
I998012,1998,9.19984973E7,2025-10-12
I998013,739,7.033222606E7,2025-10-17
I998014,1953,2.3025862032E8,2025-09-04
I998015,1334,5.984577909E7,2025-09-13
I998016,491,3.174719984E7,2025-10-11
I998017,1602,1.2620212868E8,2025-10-06
I998018,1845,1.3462860857E8,2025-10-03
I998019,811,6.225653381E7,2025-09-06
I998020,1057,1.1726015798E8,2025-10-23
I998021,1516,9.614148947E7,2025-09-09
I998022,59,4050131.62,2025-10-24
I998023,1918,7.827731167E7,2025-09-15
I998024,1541,2.559414326E7,2025-09-05
I998025,1341,8.786031489E7,2025-10-20
I998026,978,1.2476680818E8,2025-09-28
I998027,737,1.0245970085E8,2025-09-01
I998028,920,1.124804756E7,2025-09-03
I998029,1960,2.6164500037E8,2025-10-22
I998030,546,3.731568594E7,2025-10-05
I998031,1787,6.720152138E7,2025-10-30
I998032,179,1.398588628E7,2025-09-05
I998033,267,4469830.07,2025-10-03
I998034,1755,1.6698239651E8,2025-09-05
I998035,140,2468697.11,2025-10-11
I998036,1823,2.4012465523E8,2025-10-01
I998037,1133,6.119026772E7,2025-09-26
I998038,1924,3.878904307E7,2025-09-04
I998039,1413,1.7104972885E8,2025-09-30
I998040,71,7529596.92,2025-10-29
I998041,1551,2.55109956E7,2025-10-22
I998042,422,5074544.9,2025-10-18
I998043,1675,1.3912420137E8,2025-10-13
I998044,1936,1.325346382E7,2025-10-19
I998045,1590,1.4598204199E8,2025-09-16
I998046,1789,1.3628394553E8,2025-09-17
I998047,1007,2.299656257E7,2025-10-12
I998048,1356,3.8043505E7,2025-09-12
I998049,1714,4.471915782E7,2025-09-30
I998050,142,1.916745674E7,2025-09-10
I998051,1393,8.195012324E7,2025-09-08
I998052,831,1.0567058942E8,2025-09-27
I998053,1417,2.0010849392E8,2025-09-29
I998054,1124,2.535797916E7,2025-10-01
I998055,1293,9.852136832E7,2025-10-10
I998056,1461,2.0951423418E8,2025-09-14
I998057,329,2.51676355E7,2025-10-28
I998058,308,564582.52,2025-10-13
I998059,574,3.944585365E7,2025-10-02
I998060,1146,9.496288216E7,2025-10-04
I998061,1740,6.039257531E7,2025-10-19
I998062,1529,3.273068264E7,2025-10-09
I998063,1478,4.711507793E7,2025-10-05
I998064,569,3.409214841E7,2025-10-17
I998065,600,8.67394194E7,2025-09-06
I998066,788,1.1124132412E8,2025-09-25
I998067,1849,1.5013283458E8,2025-09-24
I998068,1284,1.1490575392E8,2025-10-10
I998069,1773,2.3379213911E8,2025-09-16
I998070,1121,7.49550012E7,2025-10-09
I998071,1979,9.963885398E7,2025-10-29
I998072,1958,1.3130513138E8,2025-09-04
I998073,577,5.113113765E7,2025-10-15
I998074,59,5084961.34,2025-10-02
I998075,1976,2.078017047E7,2025-10-24
I998076,1979,6.256425914E7,2025-09-02
I998077,373,4.222458901E7,2025-10-29
I998078,1034,1.1688268931E8,2025-09-29
I998079,1480,2.678788261E7,2025-09-21
I998080,660,2.719957529E7,2025-09-10
I998081,989,2.414834384E7,2025-10-30
I998082,374,3.638812554E7,2025-09-27
I998083,1787,1.0247372965E8,2025-09-18
I998084,1581,5.654035071E7,2025-10-13
I998085,1784,2.684071274E7,2025-09-15
I998086,1681,7.994410742E7,2025-10-29
I998087,860,8.679853937E7,2025-10-06
I998088,805,6774928.06,2025-10-16
I998089,112,1.194838146E7,2025-09-23
I998090,1747,2.4577398314E8,2025-10-28
I998091,1713,4.161112993E7,2025-09-29
I998092,1510,4.742674187E7,2025-09-06
I998093,566,4.234812345E7,2025-10-30
I998094,1903,2.1341485108E8,2025-09-21
I998095,559,5.124838102E7,2025-09-30
I998096,1016,9.959098603E7,2025-10-31
I998097,1585,1.1282620926E8,2025-09-06
I998098,389,1.629330781E7,2025-10-06
I998099,1457,1.039304125E8,2025-10-12
I998100,491,6.922750167E7,2025-10-18
I998101,785,4.287665073E7,2025-10-08
I998102,1493,6562030.37,2025-10-15
I998103,1286,1.3024528239E8,2025-10-03
I998104,1770,1.0761239249E8,2025-09-22
I998105,1908,2.5010507533E8,2025-10-19
I998106,1212,5.970455671E7,2025-10-29
I998107,1332,8.246833334E7,2025-10-15
I998108,1202,1.4921201763E8,2025-09-29
I998109,903,6.586640654E7,2025-09-06
I998110,1880,2.4071854699E8,2025-09-27
I998111,1074,3660580.88,2025-09-01
I998112,1588,5.507118478E7,2025-10-12
I998113,1056,1.0333854194E8,2025-10-22
I998114,331,3.745383361E7,2025-09-04
I998115,90,1.238115225E7,2025-09-25
I998116,1650,1.1748626996E8,2025-10-17
I998117,1223,1.0390451822E8,2025-09-14
I998118,973,1.0981048411E8,2025-10-01
I998119,484,5.683246042E7,2025-09-09
I998120,534,3.352563203E7,2025-09-03
I998121,1696,5.288573803E7,2025-09-09
I998122,799,4.235737308E7,2025-09-04
I998123,775,3.064666894E7,2025-09-30
I998124,329,3.377349276E7,2025-09-04
I998125,1007,9.408235761E7,2025-09-17
I998126,545,2.656770589E7,2025-10-25
I998127,1318,1.4356833131E8,2025-10-10
I998128,1009,6.609765984E7,2025-10-06
I998129,380,4.655664677E7,2025-09-29
I998130,1010,2.088094269E7,2025-10-29
I998131,1267,1.2142236438E8,2025-09-23
I998132,84,6819998.65,2025-10-07
I998133,727,1.0304829398E8,2025-09-10
I998134,844,7.301337038E7,2025-10-30
I998135,63,1350871.14,2025-10-23
I998136,279,2.097939858E7,2025-10-25
I998137,1839,1.4182719706E8,2025-10-27
I998138,542,7.607350722E7,2025-10-10
I998139,640,3.951669686E7,2025-09-27
I998140,1744,1.9110683139E8,2025-10-30
I998141,945,1.2504850798E8,2025-10-21
I998142,211,7033299.85,2025-10-29
I998143,1723,1.1427782267E8,2025-10-05
I998144,1084,1.2192444487E8,2025-10-10
I998145,504,2.532026037E7,2025-10-13
I998146,1897,2.5989637589E8,2025-09-02
I998147,1158,8.061504727E7,2025-10-29
I998148,1380,1.4134249482E8,2025-10-04
I998149,1417,1.7386212972E8,2025-10-09
I998150,68,2600933.27,2025-09-12
I998151,678,9.919713903E7,2025-10-20
I998152,211,1.745659168E7,2025-10-05
I998153,139,4158203.08,2025-10-24
I998154,1770,1.7316897056E8,2025-09-25
I998155,1593,1.9955581224E8,2025-09-08
I998156,664,6.244381295E7,2025-09-11
I998157,1769,2.4631000209E8,2025-10-22
I998158,713,4.751192404E7,2025-10-28
I998159,1079,1.729814884E7,2025-09-24
I998160,1776,6.343176387E7,2025-10-15
I998161,1198,1.6878032095E8,2025-10-14
I998162,275,1.015911929E7,2025-10-21
I998163,1787,2.2237358408E8,2025-10-20
I998164,692,3.136911661E7,2025-10-16
I998165,802,3.608114974E7,2025-10-09
I998166,1146,2.493227115E7,2025-09-17
I998167,1872,2.0443070037E8,2025-09-04
I998168,1936,1.1852686729E8,2025-09-24
I998169,1626,6.748372502E7,2025-09-23
I998170,1790,2.1964795471E8,2025-09-05
I998171,582,2.619939949E7,2025-10-20
I998172,1524,1.7699649458E8,2025-09-01
I998173,121,8742760.53,2025-10-18
I998174,1006,1.07369307E7,2025-09-16
I998175,1798,2.2921450418E8,2025-10-02
I998176,1036,1.3800079228E8,2025-10-06
I998177,997,1.1377437214E8,2025-09-13
I998178,977,1.0512447234E8,2025-10-04
I998179,1164,1.7103198591E8,2025-09-10
I998180,666,8108450.38,2025-10-01
I998181,1308,2586294.74,2025-09-12
I998182,1042,8.900208801E7,2025-10-04
I998183,1402,1.91393479E8,2025-09-15
I998184,1634,1.6566500397E8,2025-09-06
I998185,848,1.385788238E7,2025-09-24
I998186,636,8.226873989E7,2025-09-25
I998187,1368,1.96450833E8,2025-09-23
I998188,1206,2.686862118E7,2025-09-25
I998189,1485,1.126646571E8,2025-09-16
I998190,949,1.719851603E7,2025-10-02
I998191,392,7956832.38,2025-10-16
I998192,1474,2.008595163E7,2025-09-12
I998193,1838,1.2012680709E8,2025-09-12
I998194,400,2182139.89,2025-09-30
I998195,1130,5.656779395E7,2025-09-30
I998196,1572,1.3180093455E8,2025-09-04
I998197,650,7.515553255E7,2025-10-05
I998198,772,6.887309644E7,2025-09-09
I998199,1516,1.1722070155E8,2025-10-06
I998200,984,7953994.81,2025-10-29
I998201,173,2.255055311E7,2025-10-25
I998202,1252,1.3432457108E8,2025-09-21
I998203,1849,2.6883507016E8,2025-09-25
I998204,450,1.400676285E7,2025-09-05
I998205,597,8.108813737E7,2025-10-18
I998206,596,9807611.01,2025-10-04
I998207,1065,9.421312036E7,2025-09-04
I998208,669,5.538831516E7,2025-10-05
I998209,1296,1.7749167787E8,2025-09-11
I998210,1461,2.1224313779E8,2025-09-22
I998211,1126,9755348.83,2025-10-25
I998212,447,6.304922532E7,2025-10-04
I998213,1382,5.948519147E7,2025-10-08
I998214,631,5.309266247E7,2025-10-25
I998215,1922,1.694653395E7,2025-09-01
I998216,746,5521237.97,2025-09-11
I998217,857,1.282741311E7,2025-09-03
I998218,198,1.345319967E7,2025-10-10
I998219,1066,1.0080456268E8,2025-10-02
I998220,962,1.0577231303E8,2025-09-04
I998221,369,3.344396484E7,2025-09-11
I998222,1533,2.1213272167E8,2025-10-09
I998223,1055,8.688271156E7,2025-09-16
I998224,112,2452484.38,2025-09-13
I998225,295,2.502895852E7,2025-10-10
I998226,1643,1.5842037007E8,2025-09-30
I998227,461,4.782259847E7,2025-09-25
I998228,1755,1.1614605827E8,2025-09-10
I998229,1603,7.556110992E7,2025-09-12
I998230,309,4.260519263E7,2025-10-04
I998231,387,5.194151563E7,2025-10-04
I998232,1167,1.4510670974E8,2025-10-28
I998233,1253,1.6704153331E8,2025-10-13
I998234,660,3.502842002E7,2025-10-31
I998235,386,2.385818806E7,2025-09-30
I998236,976,1.1224530761E8,2025-09-10
I998237,1546,4.543765803E7,2025-09-29
I998238,870,2.239108418E7,2025-09-29
I998239,1337,1.8751443711E8,2025-09-18
I998240,283,1.693190194E7,2025-09-24
I998241,375,3.495524092E7,2025-09-11
I998242,828,1.0115957564E8,2025-10-29
I998243,1714,5.012094604E7,2025-09-22
I998244,744,9.652149776E7,2025-10-12
I998245,1230,1.2032007785E8,2025-10-06
I998246,942,1.304087095E7,2025-10-21
I998247,956,1.0560080743E8,2025-09-09
I998248,903,1.2173568237E8,2025-09-29
I998249,1389,4.644010683E7,2025-10-24
I998250,1476,1.7028954838E8,2025-10-28
I998251,1411,1.9930477091E8,2025-10-09
I998252,138,1.684793904E7,2025-10-21
I998253,830,7.934278334E7,2025-09-23
I998254,1106,3.998504324E7,2025-10-13
I998255,339,5940779.62,2025-09-19
I998256,710,6.195122011E7,2025-10-02
I998257,756,8.307968707E7,2025-09-05
I998258,1570,1.4339319967E8,2025-10-21
I998259,1637,4.875511669E7,2025-10-14
I998260,122,1.241700557E7,2025-09-17
I998261,1035,1.3441299957E8,2025-09-30
I998262,1174,1.2425765818E8,2025-10-01
I998263,980,3.85952196E7,2025-09-17
I998264,1195,9.244327796E7,2025-09-03
I998265,1443,9.47188192E7,2025-10-27
I998266,1224,1.037220897E8,2025-09-06
I998267,1207,1.5482091643E8,2025-09-30
I998268,1245,9.086231399E7,2025-10-07
I998269,1493,1.5594375106E8,2025-09-04
I998270,670,3.036697023E7,2025-09-02
I998271,587,2.739989788E7,2025-09-26
I998272,1030,1.2462942327E8,2025-09-24
I998273,91,5127087.79,2025-10-28
I998274,1348,1.2976383832E8,2025-10-11
I998275,458,1.304812492E7,2025-09-01
I998276,611,8.455042354E7,2025-10-13
I998277,1563,2.0107730374E8,2025-10-19
I998278,1150,4.970312088E7,2025-09-07
I998279,1419,1.570246117E7,2025-10-23
I998280,1457,2.1424177855E8,2025-09-26
I998281,1233,1.4560720819E8,2025-09-19
I998282,1872,2.4114797782E8,2025-09-07
I998283,1545,1.9288079229E8,2025-10-15
I998284,1974,1.742547782E8,2025-10-21
I998285,749,9.784640167E7,2025-10-21
I998286,1608,1.532917687E8,2025-10-17
I998287,85,1.157959299E7,2025-09-17
I998288,806,4.224190653E7,2025-09-08
I998289,395,4.329423984E7,2025-10-13
I998290,942,1.1373014026E8,2025-09-02
I998291,542,3.734212272E7,2025-10-25
I998292,1674,1.5575039325E8,2025-09-13
I998293,675,7.258687694E7,2025-10-01
I998294,1048,1.2763011324E8,2025-09-19
I998295,1059,7.119618031E7,2025-10-20
I998296,795,2.088350264E7,2025-09-16
I998297,1022,6.807805368E7,2025-10-17
I998298,668,4.347612378E7,2025-10-08
I998299,1579,1.0446646373E8,2025-09-11
I998300,533,7.965132072E7,2025-10-30
I998301,652,5.214447077E7,2025-09-11
I998302,1990,2.8185657882E8,2025-10-10
I998303,568,5.759309586E7,2025-09-18
I998304,1932,1.123944628E8,2025-09-12
I998305,656,5919138.26,2025-09-05
I998306,1001,4.161192582E7,2025-09-17
I998307,595,1399039.56,2025-10-17
I998308,1138,3.982688383E7,2025-09-06
I998309,1254,8.852363038E7,2025-09-06
I998310,131,3345068.3,2025-10-07
I998311,1377,1.6850376907E8,2025-10-25
I998312,1573,2.148427635E8,2025-10-10
I998313,1538,1.3045992619E8,2025-09-24
I998314,452,3.160827386E7,2025-10-22
I998315,116,4549466.79,2025-10-06
I998316,59,6133346.63,2025-10-02
I998317,1114,4064825.61,2025-10-22
I998318,53,671712.39,2025-09-27
I998319,1519,7.574270112E7,2025-09-15
I998320,486,6.685363738E7,2025-09-24
I998321,1494,1.2094435509E8,2025-10-22
I998322,1669,6.153729444E7,2025-10-05
I998323,1363,1.0462025802E8,2025-09-12
I998324,1453,5251042.51,2025-10-03
I998325,951,1.3477552531E8,2025-09-09
I998326,1858,2.1433101601E8,2025-09-02
I998327,157,2.193603346E7,2025-10-25
I998328,1573,6476248.52,2025-09-20
I998329,1001,8757801.41,2025-10-29
I998330,1134,9.139034812E7,2025-09-08
I998331,1395,1.0354114263E8,2025-10-30
I998332,1005,5.672609821E7,2025-10-03
I998333,1821,1.3369921435E8,2025-09-13
I998334,1138,1.281375677E8,2025-09-05
I998335,1484,1.012449867E8,2025-10-21
I998336,290,3315785.01,2025-09-16
I998337,394,2.969166892E7,2025-09-30
I998338,1497,1.1430220221E8,2025-10-10
I998339,474,3.305600706E7,2025-10-19
I998340,1448,6.45009745E7,2025-10-13
I998341,1717,2.0938330577E8,2025-10-12
I998342,1108,8.156897548E7,2025-09-15
I998343,1177,1.6902456383E8,2025-10-14
I998344,767,3.6090073E7,2025-10-22
I998345,1117,1.2430285843E8,2025-09-02
I998346,735,8.621220929E7,2025-10-20
I998347,124,1.634207824E7,2025-10-19
I998348,226,3.38526664E7,2025-10-17
I998349,1936,1.1283190194E8,2025-09-15
I998350,178,7995444.89,2025-09-16
I998351,113,1432927.11,2025-10-30
I998352,1523,9.007033966E7,2025-10-22
I998353,918,2.448823507E7,2025-09-02
I998354,1486,1.401618488E8,2025-09-28
I998355,578,5.577022099E7,2025-09-07
I998356,539,6.846519937E7,2025-10-05
I998357,1615,1.7535709773E8,2025-10-03
I998358,378,2.779654186E7,2025-09-07
I998359,427,1.170956864E7,2025-10-31
I998360,991,2.58497372E7,2025-10-13
I998361,444,2.552293636E7,2025-10-06
I998362,1360,1.8212897628E8,2025-10-16
I998363,1782,2.1736843972E8,2025-10-19
I998364,829,1.2269942704E8,2025-09-23
I998365,849,1.0451657585E8,2025-10-31
I998366,276,8987354.45,2025-09-18
I998367,1914,2.4385646158E8,2025-10-13
I998368,552,1.448372125E7,2025-10-07
I998369,819,8.734293501E7,2025-09-22
I998370,395,2.87267327E7,2025-09-24
I998371,676,3.637209132E7,2025-10-04
I998372,1376,1.310555588E7,2025-10-03
I998373,265,3.145557849E7,2025-10-27
I998374,666,3.201872223E7,2025-09-11
I998375,711,6.677559243E7,2025-09-01
I998376,1709,1.4475406831E8,2025-10-09
I998377,684,8.4817335E7,2025-09-17
I998378,1945,9.725501767E7,2025-09-14
I998379,1654,8.744377575E7,2025-10-31
I998380,1037,4.728374957E7,2025-09-05
I998381,1025,9.72698106E7,2025-10-27
I998382,840,8.622273807E7,2025-10-05
I998383,1343,7.210483953E7,2025-09-22
I998384,339,4.981224967E7,2025-09-17
I998385,481,2.212062496E7,2025-09-06
I998386,1803,2.0131526963E8,2025-10-25
I998387,1515,4.643684494E7,2025-10-25
I998388,135,9231166.27,2025-09-03
I998389,970,8.649894486E7,2025-09-16
I998390,1959,2.3209437917E8,2025-09-05
I998391,1548,4.246976564E7,2025-09-21
I998392,1077,1.0551967179E8,2025-10-22
I998393,1399,4.729362497E7,2025-10-03
I998394,1268,1.6736423426E8,2025-09-26
I998395,1940,1.0882082777E8,2025-09-26
I998396,601,2.322999148E7,2025-10-01
I998397,1806,1.3022879536E8,2025-09-25
I998398,898,4.286803329E7,2025-10-19
I998399,778,1.609304392E7,2025-10-17
I998400,687,5.826008988E7,2025-10-07
I998401,1724,1.7924220636E8,2025-09-15
I998402,925,2.103204998E7,2025-09-30
I998403,721,3.56083535E7,2025-09-10
I998404,1317,6.428751699E7,2025-09-16
I998405,415,4.340258808E7,2025-10-16
I998406,155,186326.76,2025-09-21
I998407,315,1.989597018E7,2025-09-29
I998408,331,4.770664369E7,2025-09-11
I998409,1987,1.1403893941E8,2025-09-06
I998410,587,8.645099821E7,2025-10-29
I998411,1440,8497259.02,2025-09-13
I998412,1226,1.0630647783E8,2025-10-09
I998413,754,7.051527731E7,2025-09-23
I998414,68,6587508.65,2025-10-06
I998415,1012,1.1637422085E8,2025-09-24
I998416,73,7827380.31,2025-10-09
I998417,1315,7.781462455E7,2025-09-29
I998418,1914,2.599700606E8,2025-10-13
I998419,1172,1.0466929027E8,2025-10-16
I998420,317,7320899.38,2025-10-28
I998421,823,5.54153956E7,2025-09-23
I998422,774,4.737746081E7,2025-09-27
I998423,1634,1.5111083414E8,2025-09-13
I998424,1184,3.087500875E7,2025-10-25
I998425,1021,1.4883190766E8,2025-10-16
I998426,662,7.961192734E7,2025-09-07
I998427,1971,1.8556436701E8,2025-09-18
I998428,610,1.660854661E7,2025-10-13
I998429,1532,2.761996071E7,2025-09-17
I998430,1690,1.3401533691E8,2025-10-27
I998431,690,2.605490075E7,2025-10-13
I998432,82,4694187.13,2025-09-22
I998433,845,1.1616654661E8,2025-10-16
I998434,84,2817688.33,2025-09-03
I998435,722,2.426959327E7,2025-10-09
I998436,632,6.352033262E7,2025-10-11
I998437,862,5.481769148E7,2025-10-02
I998438,1190,6.404423874E7,2025-09-13
I998439,1528,9.932577791E7,2025-10-22
I998440,716,5.205921668E7,2025-10-17
I998441,1502,2.1211566287E8,2025-10-01
I998442,1735,6.178752226E7,2025-10-27
I998443,1595,2.234114044E7,2025-10-26
I998444,1584,2.006878276E8,2025-10-26
I998445,989,1.1858582459E8,2025-10-15
I998446,984,2.624461684E7,2025-10-24
I998447,795,7.989286012E7,2025-09-26
I998448,414,2.707841999E7,2025-10-28
I998449,785,1.908395637E7,2025-09-10
I998450,411,5.781749298E7,2025-09-09
I998451,904,3.994623063E7,2025-10-14
I998452,1235,1.1579231988E8,2025-10-02
I998453,838,7.690515616E7,2025-09-18
I998454,976,1.025184993E7,2025-09-09
I998455,1685,1.611456355E7,2025-09-21
I998456,105,301411.08,2025-09-05
I998457,549,4.802099074E7,2025-10-15
I998458,563,7.789542898E7,2025-09-12
I998459,293,2.016237679E7,2025-09-24
I998460,369,3663269.39,2025-10-14
I998461,1772,1.081020692E7,2025-10-09
I998462,1889,1.1007976211E8,2025-10-25
I998463,1531,1.007666685E8,2025-10-27
I998464,1540,2.2472495653E8,2025-09-28
I998465,781,1.434707376E7,2025-10-08
I998466,1394,1460626.81,2025-10-20
I998467,848,1.396042651E7,2025-10-19
I998468,1866,9725583.57,2025-10-08
I998469,870,1.252407369E7,2025-09-14
I998470,1624,2.1175815257E8,2025-10-11
I998471,1670,1.3887556286E8,2025-10-28
I998472,750,1.0755922916E8,2025-09-25
I998473,884,2.706410722E7,2025-10-21
I998474,241,3.034512001E7,2025-09-18
I998475,384,2.97160713E7,2025-10-13
I998476,1065,7.779905004E7,2025-09-11
I998477,639,4.639669795E7,2025-10-16
I998478,394,2.690123804E7,2025-10-31
I998479,1373,1.8626862062E8,2025-09-25
I998480,620,8540569.53,2025-09-10
I998481,362,5.093167701E7,2025-10-15
I998482,1952,7.33042893E7,2025-09-07
I998483,1575,9.078026727E7,2025-10-02
I998484,482,5.806561822E7,2025-09-09
I998485,833,2.465325901E7,2025-10-10
I998486,610,8.338296437E7,2025-09-09
I998487,921,4.643839461E7,2025-09-13
I998488,1347,8.610817774E7,2025-10-08
I998489,1016,1.39453398E8,2025-09-11
I998490,850,4.51116476E7,2025-10-17
I998491,389,1.541363204E7,2025-10-19
I998492,1082,2953807.78,2025-09-11
I998493,308,4.513798659E7,2025-09-27
I998494,364,4.349298688E7,2025-10-23
I998495,1292,1.4446653962E8,2025-10-11
I998496,687,2.419853818E7,2025-09-27
I998497,94,3443773.99,2025-09-21
I998498,916,9380378.62,2025-09-30
I998499,434,5.374038304E7,2025-09-01
I998500,1324,5.245259115E7,2025-10-29
I998501,639,5.772648145E7,2025-09-15
I998502,1282,1.416409097E8,2025-09-24
I998503,475,4.748008349E7,2025-10-25
I998504,524,6.284748233E7,2025-09-29
I998505,1740,1.716870245E8,2025-10-30
I998506,609,5.694554268E7,2025-09-27
I998507,178,5657504.49,2025-10-21
I998508,1298,1.2429486655E8,2025-10-31
I998509,115,1353801.05,2025-10-09
I998510,1843,2.3564920588E8,2025-10-28
I998511,173,5702870.38,2025-09-28
I998512,896,9.644388675E7,2025-09-30
I998513,234,1.186554289E7,2025-09-25
I998514,516,1.695522002E7,2025-10-02
I998515,875,7.333439861E7,2025-09-19
I998516,255,9275443.58,2025-09-26
I998517,503,4977676.38,2025-10-27
I998518,1653,1.5473999E7,2025-09-12
I998519,867,9.055676274E7,2025-10-26
I998520,1749,1.8381817764E8,2025-10-09
I998521,1996,1.8359714189E8,2025-09-21
I998522,556,1.794576728E7,2025-09-09
I998523,739,1224885.12,2025-10-25
I998524,1242,6330893.89,2025-09-07
I998525,1303,1.1345691038E8,2025-09-30
I998526,784,3408140.72,2025-09-25
I998527,447,4.270010218E7,2025-10-16
I998528,399,1943487.6,2025-10-22
I998529,1555,6.933379777E7,2025-09-08
I998530,1865,3.604901979E7,2025-09-15
I998531,752,5.311530901E7,2025-10-18
I998532,1613,1.070811321E7,2025-09-27
I998533,1053,9.044355514E7,2025-09-26
I998534,762,7.104115141E7,2025-09-07
I998535,880,5.88140172E7,2025-10-09
I998536,600,6.769022999E7,2025-10-16
I998537,1322,1.3132427586E8,2025-09-21
I998538,1947,4.704387763E7,2025-09-21
I998539,987,8.198816392E7,2025-09-16
I998540,842,3.700074447E7,2025-09-06
I998541,1519,1.0833243474E8,2025-10-22
I998542,143,1.863342416E7,2025-09-29
I998543,269,2.036882261E7,2025-09-08
I998544,1401,6.636974073E7,2025-09-02
I998545,246,3.010275346E7,2025-10-11
I998546,1404,1.0173014597E8,2025-10-23
I998547,1750,4.853473834E7,2025-10-21
I998548,1040,2.88087792E7,2025-09-14
I998549,1655,5.929950895E7,2025-10-09
I998550,760,1.1319331031E8,2025-09-02
I998551,1983,3222932.7,2025-10-07
I998552,1423,1.2636687399E8,2025-10-01
I998553,1959,7.912985182E7,2025-10-16
I998554,836,9.485543794E7,2025-09-29
I998555,274,3.383548618E7,2025-09-07
I998556,1787,7.607481884E7,2025-10-27
I998557,534,1.118228401E7,2025-10-02
I998558,223,5323993.31,2025-10-03
I998559,1241,3.0362566E7,2025-10-03
I998560,1458,1.4614013076E8,2025-09-21
I998561,106,3953752.32,2025-10-07
I998562,139,4200647.58,2025-09-12
I998563,1794,8.312866762E7,2025-09-30
I998564,460,2.523179028E7,2025-09-02
I998565,1006,1.1461312238E8,2025-10-10
I998566,1521,3.494472346E7,2025-10-19
I998567,411,6.070827923E7,2025-09-01
I998568,1050,5.656172974E7,2025-10-26
I998569,1589,1.697850854E8,2025-09-18
I998570,1078,8.743871839E7,2025-09-27
I998571,289,2.253602259E7,2025-10-14
I998572,1167,1.3415127386E8,2025-10-26
I998573,570,5.909775815E7,2025-10-25
I998574,1322,1.829507268E7,2025-10-22
I998575,1519,3.808285118E7,2025-09-05
I998576,1808,1.9473192853E8,2025-09-17
I998577,472,5.353412529E7,2025-10-07
I998578,172,1.909434265E7,2025-10-11
I998579,1955,5.459290346E7,2025-09-29
I998580,355,1.192176612E7,2025-10-15
I998581,1293,1.8911318828E8,2025-10-12
I998582,403,3.722320031E7,2025-10-31
I998583,1536,2.2963719882E8,2025-10-22
I998584,473,5002600.55,2025-09-10
I998585,365,5.388125279E7,2025-09-29
I998586,578,3.20249613E7,2025-10-12
I998587,212,4234839.39,2025-10-30
I998588,1276,2377649.63,2025-09-01
I998589,911,6.150805095E7,2025-10-03
I998590,914,9.574782874E7,2025-10-11
I998591,1088,1.3792644719E8,2025-09-25
I998592,1711,1.5333373178E8,2025-09-04
I998593,1479,1.190282643E8,2025-09-28
I998594,438,1.671413443E7,2025-10-29
I998595,1638,9.541281074E7,2025-10-12
I998596,400,1.997970803E7,2025-10-28
I998597,486,3.763678911E7,2025-09-26
I998598,740,1.397111214E7,2025-10-25
I998599,1595,2.0087464691E8,2025-10-25
I998600,350,4.032216306E7,2025-10-11
I998601,1651,1.460315402E7,2025-10-12
I998602,1622,2.928468822E7,2025-10-23
I998603,517,3.346738177E7,2025-09-29
I998604,839,1.0187465799E8,2025-09-21
I998605,1764,1.4897223544E8,2025-10-22
I998606,1228,1.4959675164E8,2025-10-10
I998607,79,376955.72,2025-10-21
I998608,1379,1.0106716937E8,2025-09-07
I998609,1888,2.4484424536E8,2025-10-02
I998610,1593,1.9084626515E8,2025-10-20
I998611,825,1.076246502E8,2025-10-15
I998612,655,8.217019801E7,2025-10-02
I998613,458,3.761542634E7,2025-09-19
I998614,1181,6.789412534E7,2025-10-06
I998615,1986,1.0765414495E8,2025-10-08
I998616,1008,1.596205024E7,2025-10-09
I998617,250,2.128073193E7,2025-09-19
I998618,1497,1.1184459719E8,2025-10-26
I998619,805,880202.93,2025-10-14
I998620,145,1.786543873E7,2025-10-26
I998621,62,5297745.61,2025-09-09
I998622,632,1.397922505E7,2025-09-17
I998623,1704,9.850694088E7,2025-10-13
I998624,1028,1.3492444464E8,2025-09-09
I998625,1767,9.258370011E7,2025-10-27
I998626,1554,1.114175842E7,2025-09-22
I998627,1934,2.2853501332E8,2025-10-20
I998628,136,1.116864644E7,2025-10-27
I998629,799,2.8630815E7,2025-09-27
I998630,521,4.603413746E7,2025-09-15
I998631,1836,1.9737253889E8,2025-09-01
I998632,348,2.985533744E7,2025-09-30
I998633,73,6561932.45,2025-09-19
I998634,442,5.832229582E7,2025-10-15
I998635,761,1.1189668012E8,2025-09-26
I998636,460,6265047.07,2025-09-18
I998637,1742,2.5989320928E8,2025-10-31
I998638,1255,1.4020209111E8,2025-10-16
I998639,289,2702150.02,2025-10-11
I998640,1571,1.2606609076E8,2025-09-17
I998641,555,2.199503585E7,2025-10-29
I998642,1723,5268004.32,2025-09-27
I998643,1568,1.3096132229E8,2025-10-08
I998644,1323,2.806973186E7,2025-10-22
I998645,524,4.727878595E7,2025-09-08
I998646,1703,2.641450654E7,2025-10-06
I998647,333,4347116.88,2025-10-26
I998648,773,5.762597872E7,2025-09-20
I998649,124,1.090543661E7,2025-09-19
I998650,1200,1.5797073998E8,2025-10-06
I998651,1626,1.2102905107E8,2025-09-01
I998652,770,6.839055038E7,2025-10-05
I998653,616,3.019596135E7,2025-09-04
I998654,1630,2.2452312792E8,2025-09-27
I998655,334,4.84755449E7,2025-09-20
I998656,1898,1.2119620512E8,2025-09-01
I998657,1906,2.8535275541E8,2025-09-11
I998658,604,8.870540738E7,2025-09-30
I998659,764,5.8573951E7,2025-09-06
I998660,673,6.021811305E7,2025-09-04
I998661,1848,1.7497499141E8,2025-10-02
I998662,717,8.509082914E7,2025-10-23
I998663,313,1.107656805E7,2025-09-23
I998664,1349,1.5165752159E8,2025-10-13
I998665,83,9628899.81,2025-10-29
I998666,1204,1.4730272481E8,2025-10-16
I998667,852,2.735811339E7,2025-09-23
I998668,1322,2.737869894E7,2025-10-01
I998669,1361,9.443969437E7,2025-09-10
I998670,1160,6.291961003E7,2025-10-19
I998671,454,1.885555359E7,2025-09-06
I998672,348,2.268424539E7,2025-09-20
I998673,1019,3.239872097E7,2025-10-01
I998674,1665,1.3140974065E8,2025-10-13
I998675,114,1813408.05,2025-09-16
I998676,1388,1.9364164597E8,2025-09-14
I998677,1969,8.238623968E7,2025-10-09
I998678,1441,1.5912619666E8,2025-09-05
I998679,1020,1.2812033128E8,2025-09-11
I998680,1210,2.211023169E7,2025-09-04
I998681,352,1.850836991E7,2025-10-12
I998682,481,6.739163723E7,2025-09-30
I998683,1816,1.0071490043E8,2025-10-05
I998684,1366,1.9877980489E8,2025-09-19
I998685,1168,1.5224130033E8,2025-10-04
I998686,817,2.17327242E7,2025-10-21
I998687,924,3.121375123E7,2025-09-26
I998688,1007,1.4635437778E8,2025-09-19
I998689,302,2.005418432E7,2025-10-19
I998690,1250,8.436677091E7,2025-09-08
I998691,1642,1.0298150879E8,2025-09-15
I998692,1869,8.173801423E7,2025-10-13
I998693,1938,8.382148614E7,2025-09-16
I998694,1495,1.5975115906E8,2025-09-18
I998695,98,1.202579856E7,2025-10-31
I998696,1238,8.896732596E7,2025-09-11
I998697,288,3.12791144E7,2025-10-11
I998698,1786,1.458581338E7,2025-10-28
I998699,1346,5.548204825E7,2025-09-23
I998700,1757,1.65763917E7,2025-10-24
I998701,1020,1.973120989E7,2025-09-21
I998702,1911,8.028956928E7,2025-09-04
I998703,1028,8.185707706E7,2025-09-01
I998704,1551,6.427459803E7,2025-09-01
I998705,50,3450743.33,2025-10-01
I998706,1139,1.0413829531E8,2025-09-04
I998707,914,1.2331619636E8,2025-09-02
I998708,1761,1.2402431955E8,2025-10-21
I998709,873,2.241720846E7,2025-10-12
I998710,912,2.059039459E7,2025-10-22
I998711,1054,4215790.55,2025-10-30
I998712,827,6.936647523E7,2025-09-01
I998713,1985,1.2508528523E8,2025-10-06
I998714,834,4.506401016E7,2025-10-22
I998715,1400,1.4905646186E8,2025-09-10
I998716,767,9.206832848E7,2025-09-03
I998717,353,3.404854834E7,2025-10-29
I998718,820,4.640897622E7,2025-09-16
I998719,1565,1.5408354959E8,2025-10-22
I998720,1528,9.632339651E7,2025-09-05
I998721,1113,1.524731712E7,2025-09-01
I998722,70,7914879.39,2025-10-14
I998723,1846,5.853032939E7,2025-09-23
I998724,839,1.1332844027E8,2025-10-09
I998725,663,4.777399518E7,2025-10-02
I998726,451,4.828724181E7,2025-10-15
I998727,889,2942750.6,2025-09-17
I998728,778,9.893273943E7,2025-10-26
I998729,1514,1.6097594663E8,2025-09-29
I998730,594,1.124740262E7,2025-09-05
I998731,1045,7.182227159E7,2025-09-09
I998732,1000,7.426890851E7,2025-10-28
I998733,1386,3.12122978E7,2025-09-17
I998734,480,7188877.73,2025-10-24
I998735,1131,7.22857531E7,2025-09-09
I998736,1913,8.279685715E7,2025-09-30
I998737,1610,6.443174918E7,2025-09-02
I998738,594,8.452866991E7,2025-10-13
I998739,1455,1.2886522371E8,2025-09-13
I998740,1695,4.40884363E7,2025-09-13
I998741,772,4.0326859E7,2025-09-19
I998742,501,317477.19,2025-09-12
I998743,1803,1.9286783938E8,2025-10-25
I998744,1688,1.9703188392E8,2025-09-24
I998745,785,3.986101695E7,2025-09-26
I998746,602,2.702182254E7,2025-10-25
I998747,1600,1.6909629925E8,2025-09-11
I998748,1632,1.6558423478E8,2025-09-18
I998749,864,7.312644779E7,2025-09-19
I998750,86,1.047612457E7,2025-10-13
I998751,377,3.915761264E7,2025-09-23
I998752,102,1.37966819E7,2025-09-10
I998753,1216,1.4832162415E8,2025-09-27
I998754,1935,8.813239254E7,2025-09-25
I998755,1477,6.835630191E7,2025-09-30
I998756,1890,8.721868805E7,2025-10-04
I998757,1002,1.3401135069E8,2025-09-20
I998758,1433,1.2473930873E8,2025-10-21
I998759,421,502580.72,2025-09-18
I998760,1634,7.407438305E7,2025-09-14
I998761,1132,1.080199978E7,2025-09-10
I998762,1143,1.977752032E7,2025-09-11
I998763,1843,2.3910010047E8,2025-09-23
I998764,1586,1.0727167878E8,2025-09-11
I998765,1487,1.447947583E8,2025-09-18
I998766,235,1.339135347E7,2025-10-12
I998767,1072,6.864353623E7,2025-10-23
I998768,945,1.2245126959E8,2025-10-11
I998769,80,7270984.98,2025-09-23
I998770,1857,2.6065049361E8,2025-10-26
I998771,795,9.773489934E7,2025-10-22
I998772,1474,1.4820792413E8,2025-10-14
I998773,252,3.651356685E7,2025-10-17
I998774,1742,1.6335100514E8,2025-10-25
I998775,1387,1.3699102944E8,2025-10-06
I998776,1442,1.4176572808E8,2025-10-12
I998777,1413,2.1171730719E8,2025-09-24
I998778,771,6.878591262E7,2025-09-23
I998779,1190,8.641098258E7,2025-09-23
I998780,1541,1.1976550415E8,2025-10-02
I998781,1784,5.84523054E7,2025-09-26
I998782,1939,2.193968664E8,2025-09-01
I998783,1252,1.7478260434E8,2025-09-10
I998784,104,9661012.77,2025-10-28
I998785,1822,2.3734200368E8,2025-10-27
I998786,951,5.304379949E7,2025-10-01
I998787,215,2.373754135E7,2025-10-07
I998788,1463,7.075909887E7,2025-10-08
I998789,1620,2.3602502193E8,2025-10-19
I998790,1540,2.0983979196E8,2025-10-25
I998791,1165,5.321051871E7,2025-09-16
I998792,790,8.79247657E7,2025-09-17
I998793,362,4.324472151E7,2025-09-16
I998794,320,1.036473481E7,2025-10-25
I998795,1538,1.803709922E8,2025-10-28
I998796,1288,1.903120944E8,2025-09-19
I998797,1490,2.1865960584E8,2025-09-29
I998798,1364,7.058335608E7,2025-09-12
I998799,1945,2.3233154387E8,2025-10-14
I998800,603,2.268326396E7,2025-10-02
I998801,1679,1.0165943792E8,2025-09-17
I998802,1456,1.4332000975E8,2025-10-29
I998803,294,3.671029583E7,2025-10-22
I998804,1742,3.516504351E7,2025-09-22
I998805,150,7352542.18,2025-10-04
I998806,1642,1.2692191656E8,2025-10-06
I998807,1595,1.9401047112E8,2025-09-14
I998808,1205,2.174183758E7,2025-10-28
I998809,54,3231342.06,2025-10-05
I998810,1155,1.2896898177E8,2025-10-10
I998811,986,7.427280127E7,2025-10-09
I998812,1839,1.471888384E7,2025-09-09
I998813,1482,1.4783371438E8,2025-10-15
I998814,1289,9.854494472E7,2025-09-18
I998815,361,1.05206626E7,2025-09-13
I998816,248,1.887644332E7,2025-09-17
I998817,538,2.276828169E7,2025-09-06
I998818,1857,1.1867228656E8,2025-10-18
I998819,588,2.435576295E7,2025-10-08
I998820,1581,1.9349977837E8,2025-09-20
I998821,1787,3.899228817E7,2025-09-15
I998822,741,2.954266926E7,2025-09-23
I998823,327,8689642.35,2025-10-29
I998824,619,8690677.05,2025-10-26
I998825,840,6.089958664E7,2025-09-25
I998826,1073,5.077914971E7,2025-09-25
I998827,762,8.846503452E7,2025-10-26
I998828,1118,1.0660987426E8,2025-10-13
I998829,728,7.405887923E7,2025-09-18
I998830,1306,2.718757366E7,2025-09-11
I998831,740,9.123779533E7,2025-10-26
I998832,158,2365172.84,2025-09-26
I998833,608,1.921148882E7,2025-10-20
I998834,682,7.809189575E7,2025-10-29
I998835,927,2424889.61,2025-09-02
I998836,1386,8.188751182E7,2025-09-24
I998837,1016,1.2977383754E8,2025-10-05
I998838,811,1.197589837E8,2025-10-27
I998839,1720,1.2274360769E8,2025-09-07
I998840,201,1.324760102E7,2025-10-13
I998841,1194,5.132167037E7,2025-10-01
I998842,1091,1.5881038605E8,2025-10-23
I998843,1067,1.0115214415E8,2025-10-06
I998844,1693,1.4163736728E8,2025-09-05
I998845,61,1801184.83,2025-09-21
I998846,1705,7.550271565E7,2025-10-22
I998847,694,8.581331652E7,2025-09-23
I998848,1637,1.3616541074E8,2025-09-04
I998849,1899,2.477056321E7,2025-09-23
I998850,1996,1.2569704852E8,2025-10-23
I998851,1977,1.2331463818E8,2025-09-18
I998852,1724,1.0931820503E8,2025-10-03
I998853,848,1.0551201359E8,2025-10-08
I998854,456,2.397082669E7,2025-09-28
I998855,515,7.640708261E7,2025-10-23
I998856,366,2.698368373E7,2025-09-05
I998857,455,5.761707355E7,2025-09-11
I998858,372,2.95828834E7,2025-09-03
I998859,1910,1.3228010588E8,2025-09-03
I998860,1115,7151735.17,2025-10-01
I998861,579,8695295.74,2025-09-14
I998862,1735,1.646206445E7,2025-10-03
I998863,672,2.295153621E7,2025-09-21
I998864,1340,4.265704962E7,2025-09-24
I998865,1829,2.0910373999E8,2025-10-06
I998866,623,1.105194008E7,2025-09-21
I998867,1796,1.3716797106E8,2025-09-02
I998868,73,8821671.52,2025-10-26
I998869,1895,1.2880619199E8,2025-10-10
I998870,1093,6591136.15,2025-09-21
I998871,1258,1.8395175986E8,2025-10-10
I998872,618,2.200764216E7,2025-09-22
I998873,402,3.885018154E7,2025-09-25
I998874,281,2.20624464E7,2025-09-05
I998875,1792,1.3765869573E8,2025-09-12
I998876,438,4.588972379E7,2025-09-21
I998877,831,5.871980092E7,2025-09-05
I998878,429,1.619122827E7,2025-09-30
I998879,645,5184885.58,2025-09-26
I998880,453,6.201814269E7,2025-09-10
I998881,1766,1.6948925768E8,2025-09-17
I998882,265,9766478.89,2025-10-23
I998883,847,5.696966613E7,2025-09-08
I998884,938,7.434502954E7,2025-10-14
I998885,493,5.441511195E7,2025-10-06
I998886,1142,1.1503319697E8,2025-09-03
I998887,197,1.956544581E7,2025-10-16
I998888,1743,1.1530666011E8,2025-09-18
I998889,953,5.840864193E7,2025-10-23
I998890,1668,1.6634036009E8,2025-09-24
I998891,1917,1.4983957577E8,2025-09-24
I998892,707,3089171.59,2025-09-07
I998893,909,5.51643226E7,2025-10-29
I998894,721,1.591309634E7,2025-10-14
I998895,1294,1.3702355466E8,2025-09-03
I998896,1722,7.533584358E7,2025-10-13
I998897,1696,2.5321586127E8,2025-09-10
I998898,1943,4.043460898E7,2025-10-31
I998899,1826,2.802383743E7,2025-10-20
I998900,609,1.505095059E7,2025-10-15
I998901,1612,1.010139819E8,2025-09-16
I998902,912,2.542176717E7,2025-09-19
I998903,181,3536291.47,2025-09-30
I998904,1822,8.347227351E7,2025-09-07
I998905,425,1.697191958E7,2025-09-26
I998906,730,8.513191214E7,2025-10-16
I998907,1078,1.0569279726E8,2025-09-07
I998908,775,6.360685308E7,2025-09-06
I998909,1987,1.2268028783E8,2025-10-18
I998910,220,2.281850701E7,2025-10-26
I998911,1719,1.1443799549E8,2025-10-10
I998912,1086,3.873394034E7,2025-09-02
I998913,1709,3.932729343E7,2025-09-24
I998914,1684,2.889459278E7,2025-10-11
I998915,1902,9.767594605E7,2025-10-14
I998916,1692,2.3922523551E8,2025-10-10
I998917,129,7164108.98,2025-09-13
I998918,1772,2.5749480046E8,2025-10-12
I998919,968,1.0697381913E8,2025-09-30
I998920,1233,9.179100431E7,2025-10-24
I998921,758,5.411370326E7,2025-09-03
I998922,1980,2.4120735554E8,2025-09-23
I998923,1164,9.581687321E7,2025-09-26
I998924,995,8.466996254E7,2025-10-05
I998925,301,1.983004189E7,2025-10-03
I998926,1336,8.073594789E7,2025-09-28
I998927,434,1.389051096E7,2025-10-13
I998928,1911,2.0272140004E8,2025-09-10
I998929,1853,1.1383868447E8,2025-10-13
I998930,1632,2.3524337425E8,2025-10-05
I998931,781,2.845404454E7,2025-10-31
I998932,84,4446178.24,2025-09-02
I998933,629,7.347164607E7,2025-10-27
I998934,955,7.938422978E7,2025-09-01
I998935,566,6179071.61,2025-09-29
I998936,1841,2.0783734238E8,2025-09-01
I998937,1024,1.2223427059E8,2025-10-17
I998938,1593,1.2834059308E8,2025-09-06
I998939,1437,1.6336029743E8,2025-09-07
I998940,957,1.2611585632E8,2025-09-21
I998941,1796,1.3344910809E8,2025-09-25
I998942,437,4.009876933E7,2025-09-29
I998943,1006,9353955.08,2025-09-22
I998944,1558,1.181816042E7,2025-09-08
I998945,1957,2.3243507581E8,2025-09-08
I998946,1160,1.0015120332E8,2025-10-20
I998947,1778,2.5668869895E8,2025-09-25
I998948,854,2.619275263E7,2025-10-16
I998949,643,9.133942697E7,2025-10-15
I998950,108,1.412277862E7,2025-10-20
I998951,1955,1.0016322426E8,2025-09-28
I998952,1680,5.160924079E7,2025-09-10
I998953,1254,5.761772297E7,2025-10-06
I998954,1861,2.7076673013E8,2025-09-05
I998955,1357,9.936768752E7,2025-10-16
I998956,1214,1.5498912764E8,2025-09-07
I998957,1382,8.796183012E7,2025-09-18
I998958,419,1.993868791E7,2025-09-19
I998959,1225,5.46853674E7,2025-10-06
I998960,97,294391.49,2025-09-12
I998961,526,2.99965853E7,2025-09-04
I998962,177,2.557712942E7,2025-09-30
I998963,301,2.638665341E7,2025-09-29
I998964,710,5.912106883E7,2025-10-26
I998965,590,1.094383264E7,2025-10-14
I998966,1013,1.91372339E7,2025-10-06
I998967,1530,5.408872722E7,2025-09-24
I998968,1429,2.784036887E7,2025-09-06
I998969,196,1.221802788E7,2025-09-20
I998970,1903,4.24410986E7,2025-10-04
I998971,107,1.364252604E7,2025-09-06
I998972,307,1.131096857E7,2025-10-31
I998973,651,1.638076762E7,2025-10-16
I998974,241,7798461.42,2025-09-01
I998975,1168,1.3686057069E8,2025-09-21
I998976,1154,6.935335808E7,2025-10-31
I998977,503,3.15311064E7,2025-09-19
I998978,997,1.2049462999E8,2025-09-26
I998979,1077,8.432488574E7,2025-10-01
I998980,1453,1.5953576418E8,2025-10-27
I998981,291,2097098.82,2025-10-06
I998982,178,2.393029919E7,2025-09-23
I998983,1008,1.012713806E8,2025-10-28
I998984,115,1.414914154E7,2025-10-20
I998985,1559,1.1924554679E8,2025-09-07
I998986,288,1.520262432E7,2025-10-06
I998987,1376,4.567292133E7,2025-09-04
I998988,813,9.876132096E7,2025-09-29
I998989,1842,1.3619979352E8,2025-09-26
I998990,135,1.339754926E7,2025-10-09
I998991,1315,7.672676084E7,2025-09-16
I998992,440,6.18667888E7,2025-09-20
I998993,1712,5.523126084E7,2025-09-27
I998994,358,3.129034441E7,2025-09-10
I998995,1162,1.573390717E7,2025-10-21
I998996,1897,2.6048110291E8,2025-10-07
I998997,343,5240722.77,2025-10-06
I998998,949,2.797630566E7,2025-10-26
I998999,1736,2.0546539586E8,2025-10-09
I999000,1389,1.593824644E8,2025-10-18
I999001,185,8252004.41,2025-10-08
I999002,227,1.601466487E7,2025-10-11
I999003,1849,2.6483540381E8,2025-10-30
I999004,1138,5.306373216E7,2025-09-19
I999005,1234,9.405204708E7,2025-09-09
I999006,1602,1.4941574258E8,2025-09-16
I999007,333,2.33266327E7,2025-10-24
I999008,307,3521916.4,2025-10-07
I999009,923,1.1074921116E8,2025-09-23
I999010,1567,4.591394974E7,2025-09-04
I999011,569,5.833070225E7,2025-10-12
I999012,828,2.898221144E7,2025-09-12
I999013,429,2.557057402E7,2025-10-05
I999014,805,8.43707406E7,2025-09-15
I999015,928,6.932883618E7,2025-09-14
I999016,1867,6.774873315E7,2025-09-14
I999017,691,5.574094624E7,2025-10-02
I999018,1332,2.411100847E7,2025-10-09
I999019,903,6.869009878E7,2025-10-10
I999020,1351,3.87987015E7,2025-10-14
I999021,691,1.78402164E7,2025-09-25
I999022,156,2.327205463E7,2025-09-15
I999023,249,3747853.0,2025-10-25
I999024,91,1.310849987E7,2025-09-03
I999025,838,2.389273802E7,2025-10-30
I999026,879,2359687.29,2025-09-28
I999027,355,4.824344861E7,2025-10-20
I999028,994,5700459.31,2025-09-09
I999029,105,5857332.74,2025-10-26
I999030,1852,2.577663433E7,2025-10-23
I999031,1475,1.2170375095E8,2025-10-21
I999032,1444,1.7228009133E8,2025-10-29
I999033,582,4.378040074E7,2025-09-09
I999034,1872,7452685.96,2025-09-21
I999035,1088,3.756168806E7,2025-09-05
I999036,1498,1.636850373E8,2025-10-05
I999037,1111,1.840311036E7,2025-10-14
I999038,82,3572798.32,2025-09-13
I999039,1831,5.924369902E7,2025-09-12
I999040,1489,5.373455823E7,2025-09-22
I999041,545,2.808075895E7,2025-10-28
I999042,1737,1.5532233342E8,2025-09-16
I999043,125,1.425842655E7,2025-10-10
I999044,585,4645521.66,2025-10-02
I999045,922,5.015844269E7,2025-10-24
I999046,1854,4.038467926E7,2025-09-23
I999047,211,2.039512297E7,2025-09-11
I999048,1650,2.3931550814E8,2025-09-22
I999049,1038,1.258088789E8,2025-10-30
I999050,1244,5.156772886E7,2025-09-20
I999051,823,9.569757529E7,2025-09-29
I999052,1338,7780796.54,2025-10-30
I999053,1426,1.898622574E8,2025-10-12
I999054,1424,8.209111499E7,2025-10-10
I999055,434,2.297804927E7,2025-10-07
I999056,867,9.802540011E7,2025-10-26
I999057,1374,1.2957483598E8,2025-10-10
I999058,1445,1.1182458042E8,2025-09-26
I999059,696,8.661872829E7,2025-10-26
I999060,1218,1.6657273313E8,2025-09-04
I999061,728,4.95114444E7,2025-09-18
I999062,846,1.1541191049E8,2025-09-23
I999063,1771,5.628078944E7,2025-10-03
I999064,728,5.205532397E7,2025-09-13
I999065,548,3.227020626E7,2025-09-06
I999066,955,1.1120767953E8,2025-10-05
I999067,1134,7.885390546E7,2025-10-18
I999068,1666,1.8159224395E8,2025-10-15
I999069,164,853727.9,2025-09-05
I999070,892,1.59529946E7,2025-10-09
I999071,341,2.728283085E7,2025-09-27
I999072,1397,1.5578858607E8,2025-09-30
I999073,951,1.2053772077E8,2025-09-16
I999074,252,2.013718561E7,2025-09-21
I999075,642,5.599645974E7,2025-10-08
I999076,1719,1.177799413E8,2025-10-08
I999077,1353,9.068408292E7,2025-09-12
I999078,79,8393616.56,2025-10-18
I999079,1601,1.1871234577E8,2025-09-18
I999080,1105,7349858.32,2025-09-28
I999081,1871,2.5968324969E8,2025-09-17
I999082,1863,1.2297878087E8,2025-09-30
I999083,310,8711412.9,2025-09-25
I999084,1485,7.017934094E7,2025-09-08
I999085,595,4.447074504E7,2025-10-13
I999086,1657,4.311664247E7,2025-09-09
I999087,1087,1.109970879E8,2025-10-28
I999088,1522,1.361252491E8,2025-09-27
I999089,562,2.661966185E7,2025-10-10
I999090,1899,2.4372457847E8,2025-10-26
I999091,1475,2.0345257944E8,2025-09-24
I999092,1377,1.8112650422E8,2025-10-05
I999093,923,8.739876414E7,2025-09-30
I999094,448,3.683086429E7,2025-09-23
I999095,1287,1.051715564E8,2025-10-18
I999096,741,5.949188151E7,2025-09-10
I999097,1243,1.7744334924E8,2025-09-10
I999098,1742,1.9307089519E8,2025-09-14
I999099,1527,9.255866883E7,2025-10-17
I999100,324,1.023532157E7,2025-10-23
I999101,772,9.977372925E7,2025-10-10
I999102,293,3.49232484E7,2025-09-15
I999103,1513,2.2434099399E8,2025-10-03
I999104,820,5828879.51,2025-10-16
I999105,1975,2.1187531363E8,2025-10-18
I999106,656,4.029331462E7,2025-09-05
I999107,1868,2.3739524474E8,2025-10-24
I999108,255,6728536.19,2025-09-26
I999109,633,4.495216316E7,2025-09-05
I999110,148,2.120513343E7,2025-09-25
I999111,200,1.558048645E7,2025-10-09
I999112,341,2.293842896E7,2025-10-15
I999113,280,1.767992245E7,2025-10-18
I999114,1554,2.368368818E7,2025-09-20
I999115,952,6.780268475E7,2025-09-22
I999116,1066,6.65917258E7,2025-10-16
I999117,836,9.943160263E7,2025-10-04
I999118,1625,1.223665529E7,2025-10-30
I999119,1373,5.725339116E7,2025-10-01
I999120,957,9.632617228E7,2025-10-07
I999121,274,3.127893749E7,2025-09-29
I999122,852,5.42359143E7,2025-10-13
I999123,123,9662677.86,2025-09-24
I999124,1263,1.4530518882E8,2025-10-28
I999125,761,6.061872445E7,2025-10-31
I999126,366,2.388383495E7,2025-09-14
I999127,1338,1.5365153671E8,2025-10-29
I999128,320,1.474222886E7,2025-09-04
I999129,1791,1.4537400217E8,2025-10-28
I999130,613,5.279343474E7,2025-10-17
I999131,1455,7.751542309E7,2025-10-05
I999132,1828,2.329948208E7,2025-10-30
I999133,1109,2681967.74,2025-10-20
I999134,497,4.433714321E7,2025-10-09
I999135,1422,1.7958579918E8,2025-09-23
I999136,409,3.775565089E7,2025-10-19
I999137,1616,4.903028577E7,2025-09-20
I999138,1273,8.621128797E7,2025-10-18
I999139,1279,1.0647398902E8,2025-09-26
I999140,855,5.850233784E7,2025-10-21
I999141,1905,1.881283854E8,2025-10-01
I999142,1920,4.988017979E7,2025-10-29
I999143,680,7.445626433E7,2025-09-04
I999144,1661,9.277229335E7,2025-09-12
I999145,932,4.053645062E7,2025-09-12
I999146,1859,8.029201534E7,2025-10-05
I999147,1622,2.1084536048E8,2025-09-26
I999148,813,7.183101238E7,2025-09-24
I999149,764,1.0838414959E8,2025-10-07
I999150,506,5.953900307E7,2025-09-08
I999151,1168,2.058280789E7,2025-09-23
I999152,1639,1271705.29,2025-10-21
I999153,1874,1.3858667204E8,2025-09-24
I999154,1998,9.822666405E7,2025-09-10
I999155,937,4.770097658E7,2025-09-27
I999156,403,2.337388736E7,2025-10-16
I999157,1775,1.8169347896E8,2025-09-26
I999158,257,1.051053275E7,2025-10-28
I999159,201,1.060888771E7,2025-09-06
I999160,1579,1.3605467184E8,2025-09-11
I999161,1177,5.082387818E7,2025-10-10
I999162,865,1.2166771942E8,2025-10-06
I999163,105,2517465.95,2025-09-09
I999164,1879,1.0000691801E8,2025-10-13
I999165,237,3.000217737E7,2025-10-08
I999166,1504,1.5302942104E8,2025-10-10
I999167,1254,7.309983145E7,2025-09-20
I999168,1036,4.364324682E7,2025-10-16
I999169,1548,1.3314002993E8,2025-10-10
I999170,1951,1.1810991123E8,2025-10-01
I999171,1325,7.64446929E7,2025-10-03
I999172,690,7.08673077E7,2025-09-07
I999173,410,1.648789501E7,2025-09-24
I999174,1478,1.3750080654E8,2025-10-07
I999175,1901,1.8047892192E8,2025-10-14
I999176,1446,1.8344007215E8,2025-10-11
I999177,1100,9398986.28,2025-09-21
I999178,1591,1.6965244701E8,2025-09-06
I999179,1351,1.9604832245E8,2025-10-28
I999180,362,4.526948658E7,2025-09-12
I999181,1872,2.5795557512E8,2025-10-20
I999182,774,5848310.34,2025-10-30
I999183,726,3.709308043E7,2025-10-26
I999184,1444,1.4715847739E8,2025-10-23
I999185,951,8.923859301E7,2025-09-18
I999186,727,1.508394459E7,2025-10-10
I999187,174,1.401681483E7,2025-10-10
I999188,450,552873.57,2025-09-07
I999189,921,7.757632412E7,2025-09-15
I999190,241,1.126190166E7,2025-09-17
I999191,1581,1.5466485527E8,2025-10-24
I999192,1823,1.7693373246E8,2025-09-18
I999193,1188,5.127314768E7,2025-10-12
I999194,136,2.039742493E7,2025-09-21
I999195,1169,1.2015181789E8,2025-09-09
I999196,1027,1.1142138944E8,2025-09-20
I999197,165,1.642440316E7,2025-09-13
I999198,1777,3.52870732E7,2025-10-17
I999199,1471,7.207274513E7,2025-10-12
I999200,581,1.676210906E7,2025-09-11
I999201,293,1.379802464E7,2025-09-02
I999202,1386,8883970.41,2025-09-08
I999203,1375,1.5807783816E8,2025-10-22
I999204,1375,1.9292158425E8,2025-09-12
I999205,251,5762806.9,2025-10-21
I999206,742,9.453795069E7,2025-09-06
I999207,862,1.0679545874E8,2025-10-29
I999208,183,1.808762205E7,2025-09-23
I999209,1976,1.6702521521E8,2025-10-21
I999210,1260,9.059533953E7,2025-10-19
I999211,88,1.216323812E7,2025-09-16
I999212,1890,8.02339458E7,2025-09-02
I999213,1278,7897585.7,2025-10-23
I999214,1603,3.38665991E7,2025-10-20
I999215,412,1.052383266E7,2025-09-07
I999216,560,4.306419691E7,2025-09-21
I999217,1003,6.737873387E7,2025-10-13
I999218,1167,1.247321018E8,2025-10-29
I999219,217,1.637489415E7,2025-10-09
I999220,423,1.365698129E7,2025-10-21
I999221,1166,4.915342146E7,2025-10-18
I999222,1314,9.706688434E7,2025-09-10
I999223,1014,4720248.66,2025-09-07
I999224,368,3.501771279E7,2025-10-01
I999225,1423,5067897.86,2025-10-22
I999226,1979,1.2303429427E8,2025-10-29
I999227,1834,3.861773956E7,2025-09-05
I999228,684,9.304042698E7,2025-10-20
I999229,1971,1.532007992E7,2025-09-17
I999230,1485,1.3100611161E8,2025-09-29
I999231,236,1.478598305E7,2025-09-17
I999232,1057,4.352386004E7,2025-10-24
I999233,935,3.964254896E7,2025-09-02
I999234,1243,1.154977581E8,2025-10-20
I999235,1107,1.6115650624E8,2025-10-03
I999236,353,4.002851042E7,2025-10-31
I999237,1078,9.373464073E7,2025-10-14
I999238,1834,9.974802284E7,2025-10-12
I999239,614,5775707.43,2025-09-25
I999240,599,7.238333232E7,2025-10-16
I999241,1829,1.077753896E8,2025-10-30
I999242,117,8265648.76,2025-09-17
I999243,1532,1.3014726694E8,2025-09-07
I999244,1732,1.903761185E7,2025-10-16
I999245,1096,1.5102833996E8,2025-09-01
I999246,255,3.577415366E7,2025-10-06
I999247,1758,2.970624746E7,2025-09-11
I999248,843,6103525.26,2025-09-05
I999249,1313,1.2327797264E8,2025-10-21
I999250,697,8.062504754E7,2025-10-19
I999251,486,6.025954349E7,2025-10-30
I999252,1186,1.4963435157E8,2025-10-28
I999253,421,3001855.08,2025-09-14
I999254,1456,9.689182634E7,2025-10-08
I999255,731,4.77717428E7,2025-10-05
I999256,118,1.382093465E7,2025-09-10
I999257,1224,7.620000321E7,2025-09-16
I999258,618,1.283497329E7,2025-09-25
I999259,1159,8.559555103E7,2025-09-25
I999260,1563,1.0919140291E8,2025-09-08
I999261,221,5017035.12,2025-10-31
I999262,1702,1.9205878643E8,2025-10-12
I999263,1792,1.8554662201E8,2025-09-25
I999264,1680,2.072026336E8,2025-10-21
I999265,713,9.667774973E7,2025-09-13
I999266,746,1.106545309E7,2025-10-18
I999267,628,3.879499902E7,2025-09-13
I999268,1281,9.358186446E7,2025-10-21
I999269,604,3.845364258E7,2025-09-18
I999270,1946,1.6179744962E8,2025-09-06
I999271,1847,1.1698739196E8,2025-09-21
I999272,1692,1.619394285E7,2025-10-26
I999273,1045,1.1961062097E8,2025-10-24
I999274,467,2.278710029E7,2025-10-13
I999275,753,1.978990306E7,2025-10-24
I999276,1532,3.494908314E7,2025-10-09
I999277,1723,4.195910238E7,2025-10-31
I999278,1397,1.7050044297E8,2025-10-27
I999279,1685,9.01969986E7,2025-10-05
I999280,1235,8010029.9,2025-09-15
I999281,619,1.714983535E7,2025-09-13
I999282,964,7787667.48,2025-09-04
I999283,1925,2.7003963209E8,2025-09-15
I999284,1743,8.39274298E7,2025-09-05
I999285,1031,7.402550313E7,2025-10-31
I999286,186,2.778435853E7,2025-10-25
I999287,1146,1.5960012473E8,2025-10-25
I999288,1367,1.1869453895E8,2025-10-27
I999289,798,1.1208365751E8,2025-10-11
I999290,850,7.43365864E7,2025-10-07
I999291,1228,1.7384006587E8,2025-10-07
I999292,1424,1.013808921E8,2025-10-11
I999293,170,2.424632469E7,2025-10-27
I999294,310,4.367260258E7,2025-10-26
I999295,1609,1.4945735648E8,2025-10-11
I999296,1216,1.0412157579E8,2025-09-05
I999297,1926,2.5793498932E8,2025-10-04
I999298,1973,8.093158803E7,2025-09-15
I999299,1133,4.7874854E7,2025-09-01
I999300,852,1002261.95,2025-10-18
I999301,441,2.219927002E7,2025-09-23
I999302,490,3.65764778E7,2025-10-09
I999303,1006,7.677491504E7,2025-09-07
I999304,281,3.51608219E7,2025-10-04
I999305,920,1.326393216E8,2025-09-26
I999306,972,7.789459387E7,2025-09-09
I999307,662,4.903907057E7,2025-09-28
I999308,1827,7.863488992E7,2025-10-12
I999309,417,2.669892392E7,2025-10-11
I999310,741,1.51549028E7,2025-09-18
I999311,639,5.798649355E7,2025-10-25
I999312,1329,1.1180650537E8,2025-10-30
I999313,402,4.149924562E7,2025-10-01
I999314,105,3820322.27,2025-10-08
I999315,392,4.573336367E7,2025-09-09
I999316,642,2.550564225E7,2025-10-04
I999317,597,4.473403535E7,2025-09-08
I999318,1060,1.2859105453E8,2025-10-30
I999319,1379,6.654867229E7,2025-10-26
I999320,1064,4.373146737E7,2025-09-18
I999321,1875,1.092364064E7,2025-10-06
I999322,1149,9.879331272E7,2025-10-20
I999323,1244,3.472752704E7,2025-10-05
I999324,1275,1.1349566249E8,2025-09-12
I999325,1071,8.003298906E7,2025-10-26
I999326,980,6429107.23,2025-09-06
I999327,1139,5.834995662E7,2025-10-28
I999328,985,8.164676878E7,2025-10-06
I999329,82,1643428.17,2025-10-29
I999330,581,8.69790161E7,2025-10-01
I999331,1605,8.453368405E7,2025-09-07
I999332,1805,2.1670666289E8,2025-10-08
I999333,962,1.802504339E7,2025-09-04
I999334,62,9002773.07,2025-09-03
I999335,1073,2.099756845E7,2025-09-19
I999336,711,1.042473444E7,2025-10-20
I999337,1670,2.4322645558E8,2025-09-09
I999338,208,2.57685639E7,2025-10-04
I999339,955,9.551753207E7,2025-10-23
I999340,1481,2.015786348E8,2025-10-02
I999341,1734,1.2207047157E8,2025-09-07
I999342,75,8898781.82,2025-10-09
I999343,1837,9.962006327E7,2025-10-16
I999344,727,4.480525103E7,2025-09-10
I999345,735,1.0774166397E8,2025-10-10
I999346,1400,8.842540502E7,2025-09-14
I999347,1586,6.583713031E7,2025-09-03
I999348,1906,1.8809440775E8,2025-10-29
I999349,1535,6.616906091E7,2025-10-09
I999350,1817,2.1721803404E8,2025-10-12
I999351,334,1.899721337E7,2025-09-12
I999352,1053,4.144391708E7,2025-09-09
I999353,1081,4.498387427E7,2025-10-10
I999354,1034,1.5247740358E8,2025-10-18
I999355,1537,3.43667742E7,2025-09-21
I999356,1357,1.0395421701E8,2025-10-16
I999357,590,1.498664498E7,2025-09-10
I999358,468,3.818023553E7,2025-10-15
I999359,1664,7.978316775E7,2025-10-09
I999360,67,2479088.27,2025-09-19
I999361,1235,9.08058448E7,2025-10-09
I999362,123,1.149937778E7,2025-10-02
I999363,473,1.320831124E7,2025-10-01
I999364,168,1.727955753E7,2025-09-29
I999365,894,6.839260605E7,2025-10-23
I999366,1289,1.1076121869E8,2025-10-05
I999367,435,5.858685727E7,2025-09-19
I999368,155,841393.33,2025-09-01
I999369,1089,2.458441236E7,2025-10-08
I999370,1608,1.017189051E7,2025-10-30
I999371,384,2.375327399E7,2025-10-03
I999372,1209,8834658.71,2025-10-17
I999373,82,4973887.48,2025-10-23
I999374,1831,2.085826283E7,2025-09-26
I999375,1686,8.88188668E7,2025-10-29
I999376,1001,2.514302537E7,2025-10-25
I999377,1008,5.753141881E7,2025-09-15
I999378,928,1.1957721522E8,2025-10-24
I999379,1147,6.239941953E7,2025-09-10
I999380,1276,1.1432464978E8,2025-09-25
I999381,1451,2.1690804477E8,2025-09-20
I999382,164,9595627.16,2025-09-24
I999383,638,4.636894562E7,2025-10-23
I999384,795,1.1100099275E8,2025-10-09
I999385,1968,1.8208373049E8,2025-10-06
I999386,1351,6.762529235E7,2025-10-10
I999387,844,8.085605738E7,2025-09-27
I999388,1488,1.402163768E7,2025-09-23
I999389,603,3.296879929E7,2025-10-12
I999390,450,6.377150347E7,2025-09-08
I999391,1280,1.6816279207E8,2025-09-27
I999392,880,8.531499764E7,2025-10-28
I999393,1784,7146939.31,2025-10-20
I999394,1609,1.1273410197E8,2025-10-15
I999395,1564,1.0939613288E8,2025-10-08
I999396,385,7820952.37,2025-10-25
I999397,232,3.099662169E7,2025-09-17
I999398,1933,2.0318914197E8,2025-10-13
I999399,455,2.733021912E7,2025-10-18
I999400,1513,1.5483159756E8,2025-09-01
I999401,1688,2.137800479E7,2025-10-11
I999402,293,1.627586834E7,2025-09-20
I999403,1437,3.077570496E7,2025-09-11
I999404,1601,2.3739332522E8,2025-10-23
I999405,987,9.763864583E7,2025-09-02
I999406,1965,9.668171945E7,2025-10-02
I999407,155,1.723223501E7,2025-10-18
I999408,870,5.338894602E7,2025-09-02
I999409,88,389312.17,2025-09-27
I999410,1248,4215886.1,2025-09-15
I999411,1021,1.129144559E8,2025-10-07
I999412,1373,1.4211670033E8,2025-09-07
I999413,1741,6.238581125E7,2025-09-11
I999414,791,2.501330965E7,2025-10-17
I999415,1787,2.5590176239E8,2025-10-29
I999416,339,3.782303272E7,2025-10-06
I999417,1060,1.4096903631E8,2025-09-27
I999418,758,2.470890374E7,2025-10-21
I999419,1664,5.743727078E7,2025-09-01
I999420,371,3.075101059E7,2025-10-02
I999421,519,2.138234492E7,2025-09-06
I999422,148,1.760035444E7,2025-09-20
I999423,878,1.0631848957E8,2025-09-24
I999424,779,5.353108136E7,2025-09-11
I999425,1982,1.6581406332E8,2025-10-11
I999426,1912,3.220762609E7,2025-09-01
I999427,559,3.026292073E7,2025-10-07
I999428,1498,1.8048371176E8,2025-09-14
I999429,1680,1.434591348E7,2025-10-31
I999430,645,2.382489919E7,2025-10-20
I999431,1795,9.948338524E7,2025-09-01
I999432,1528,1.4941348209E8,2025-09-18
I999433,746,1.893229396E7,2025-10-05
I999434,1604,1.7290363421E8,2025-09-05
I999435,294,3.616535219E7,2025-09-04
I999436,1728,4.515981871E7,2025-10-09
I999437,211,1.552534234E7,2025-10-09
I999438,498,2.209126391E7,2025-09-05
I999439,1468,1.2693974618E8,2025-09-21
I999440,856,9.290069845E7,2025-10-24
I999441,833,9.046589861E7,2025-09-09
I999442,275,1.998206118E7,2025-10-16
I999443,1488,1.3788568916E8,2025-09-15
I999444,584,4395564.04,2025-09-07
I999445,239,2.767355004E7,2025-09-06
I999446,912,3.12886467E7,2025-09-18
I999447,1564,5.891171278E7,2025-09-23
I999448,1786,9.403658768E7,2025-10-28
I999449,187,2907088.75,2025-10-12
I999450,63,2984721.0,2025-09-16
I999451,693,2.480974928E7,2025-09-28
I999452,1498,1.6914473698E8,2025-10-05
I999453,603,319322.41,2025-10-16
I999454,855,2.682374405E7,2025-10-22
I999455,1927,1.3609235671E8,2025-10-10
I999456,316,2.148163575E7,2025-10-20
I999457,1557,1.1611412749E8,2025-10-07
I999458,594,5.353913559E7,2025-09-15
I999459,959,1.2543795769E8,2025-09-04
I999460,1617,1.8266709092E8,2025-10-08
I999461,253,2.559628515E7,2025-10-09
I999462,587,8.223323625E7,2025-09-24
I999463,932,8.494460676E7,2025-09-20
I999464,977,9.774255454E7,2025-10-12
I999465,1079,5.306320889E7,2025-10-18
I999466,1759,4.063493159E7,2025-10-04
I999467,1766,1.2074493473E8,2025-09-13
I999468,1742,2.5570216549E8,2025-09-17
I999469,737,1.1027167536E8,2025-10-02
I999470,1332,1.0604895429E8,2025-10-18
I999471,150,1.635707604E7,2025-10-24
I999472,228,7928390.58,2025-09-06
I999473,124,9443006.32,2025-09-03
I999474,1726,1.7919009108E8,2025-09-29
I999475,1916,2.3251381119E8,2025-10-20
I999476,1465,1.1512303832E8,2025-09-07
I999477,1737,9.481535747E7,2025-09-14
I999478,780,8.354102962E7,2025-10-20
I999479,883,1.0244280787E8,2025-10-31
I999480,655,8.018660706E7,2025-10-02
I999481,1515,1.0749613208E8,2025-10-14
I999482,1495,1.1711139008E8,2025-10-16
I999483,467,3.876049516E7,2025-09-05
I999484,638,3.639204037E7,2025-10-19
I999485,304,4.128630879E7,2025-09-20
I999486,309,1.638961061E7,2025-10-06
I999487,1437,1.7188032229E8,2025-10-15
I999488,987,1.4736352661E8,2025-09-14
I999489,1675,1.6031460085E8,2025-09-30
I999490,819,8.560089288E7,2025-10-16
I999491,1167,8.799694136E7,2025-10-11
I999492,377,4661756.58,2025-10-25
I999493,1906,3.176024623E7,2025-09-09
I999494,1537,1.3900730761E8,2025-10-01
I999495,1077,1.0027720319E8,2025-10-16
I999496,256,2.546813686E7,2025-09-20
I999497,206,2.425979151E7,2025-10-24
I999498,1158,7.31521171E7,2025-10-22
I999499,1368,1.707276006E7,2025-09-19
I999500,1622,1.0603786999E8,2025-09-23
I999501,495,6.506091034E7,2025-10-14
I999502,1335,4.749117439E7,2025-10-31
I999503,1929,6.64616908E7,2025-10-11
I999504,1342,1.392315273E7,2025-09-22
I999505,729,4.521016428E7,2025-09-14
I999506,993,2.802324441E7,2025-10-12
I999507,1028,8.273570324E7,2025-10-14
I999508,991,3.255420355E7,2025-10-06
I999509,849,6.112665067E7,2025-10-12
I999510,1684,2.510810421E8,2025-10-19
I999511,483,1.473355664E7,2025-09-15
I999512,131,2510959.86,2025-09-02
I999513,207,3122595.47,2025-09-14
I999514,282,1.199499823E7,2025-09-08
I999515,979,1.0915718934E8,2025-10-15
I999516,1172,1.57566605E7,2025-09-04
I999517,1015,6263497.67,2025-10-11
I999518,437,2.65249213E7,2025-10-09
I999519,1937,9.532773737E7,2025-10-11
I999520,782,4.553221696E7,2025-09-20
I999521,394,3.014078158E7,2025-10-07
I999522,1466,1.5328162578E8,2025-09-05
I999523,1955,3.577064663E7,2025-09-26
I999524,936,1.709990041E7,2025-09-03
I999525,975,8.047149522E7,2025-10-25
I999526,1865,1.5277126226E8,2025-09-26
I999527,1873,5.755593551E7,2025-09-03
I999528,485,9142307.25,2025-10-13
I999529,712,5.196623245E7,2025-10-07
I999530,966,1.1522737644E8,2025-09-27
I999531,545,8.143639152E7,2025-09-27
I999532,1471,9.463746918E7,2025-09-02
I999533,1505,1.9956972501E8,2025-10-22
I999534,335,2.521607088E7,2025-09-02
I999535,642,8.592967245E7,2025-10-10
I999536,406,5.147161319E7,2025-10-15
I999537,1906,5.976307809E7,2025-09-15
I999538,1940,8.708392928E7,2025-09-27
I999539,701,1.093951377E7,2025-10-13
I999540,391,5.240187974E7,2025-10-12
I999541,1174,1.4298805398E8,2025-09-12
I999542,1267,1.588240677E8,2025-09-19
I999543,987,3.225604863E7,2025-10-15
I999544,1597,6.781496394E7,2025-09-13
I999545,1477,1.049987143E8,2025-10-24
I999546,778,8.030075729E7,2025-09-10
I999547,1658,1.2095592468E8,2025-10-30
I999548,109,1.305981243E7,2025-10-12
I999549,1410,1.3087456411E8,2025-09-07
I999550,1664,2.3281799288E8,2025-09-19
I999551,266,1.700787255E7,2025-09-20
I999552,578,8116428.12,2025-10-30
I999553,645,7.201412913E7,2025-10-03
I999554,1159,1.4675464973E8,2025-10-05
I999555,1879,1.677701873E8,2025-10-27
I999556,1633,1.8985962565E8,2025-10-14
I999557,894,1.1420110016E8,2025-10-03
I999558,366,4.633006939E7,2025-09-01
I999559,165,2.452112523E7,2025-09-05
I999560,1049,9.202420551E7,2025-09-02
I999561,425,2.355209324E7,2025-09-15
I999562,1175,1.0891299676E8,2025-09-07
I999563,1168,5.509451223E7,2025-10-21
I999564,891,7.494646342E7,2025-10-28
I999565,889,9.951938478E7,2025-09-10
I999566,984,1.4710200562E8,2025-09-02
I999567,251,2.633005216E7,2025-09-16
I999568,791,4.351569065E7,2025-10-22
I999569,1910,2.6428999966E8,2025-09-04
I999570,498,4.291442586E7,2025-09-03
I999571,1675,8.41021679E7,2025-10-02
I999572,1572,1.8653143964E8,2025-09-21
I999573,1238,1.0693338587E8,2025-09-16
I999574,112,1557885.15,2025-10-15
I999575,1056,1.0885860711E8,2025-10-20
I999576,626,2.95061384E7,2025-09-26
I999577,1061,1.3114507616E8,2025-10-30
I999578,695,7.104666936E7,2025-10-26
I999579,397,5.677171881E7,2025-10-06
I999580,1592,8.637131358E7,2025-09-28
I999581,554,4.850915709E7,2025-10-12
I999582,1895,4345825.91,2025-10-14
I999583,207,6936321.05,2025-09-15
I999584,1262,4.4546935E7,2025-10-22
I999585,1898,2.7049216348E8,2025-09-10
I999586,1452,1.7690218892E8,2025-09-10
I999587,604,1.671204854E7,2025-09-01
I999588,1273,2.560766405E7,2025-09-05
I999589,1621,1.3283510763E8,2025-10-04
I999590,875,4.471136074E7,2025-10-20
I999591,72,7251819.04,2025-09-04
I999592,624,7.904774506E7,2025-10-25
I999593,1950,2.784396705E8,2025-10-08
I999594,100,1.269477734E7,2025-09-14
I999595,920,1.1375040804E8,2025-09-27
I999596,179,1.475732036E7,2025-09-02
I999597,1378,9.224294329E7,2025-10-09
I999598,1791,1.5547584479E8,2025-09-16
I999599,1755,5.472583672E7,2025-09-08
I999600,938,2.907568539E7,2025-09-10
I999601,1142,2.397915071E7,2025-09-10
I999602,1682,1.9376593688E8,2025-10-29
I999603,1255,1.2149518813E8,2025-09-07
I999604,1789,2.1868997407E8,2025-10-06
I999605,1596,1.4257175637E8,2025-10-21
I999606,1331,1.4451471639E8,2025-09-02
I999607,387,1.10199282E7,2025-09-06
I999608,830,2.156587075E7,2025-09-27
I999609,1360,1.2437732511E8,2025-09-16
I999610,1846,1.394128044E7,2025-10-02
I999611,753,5.607433472E7,2025-10-26
I999612,330,4.309401782E7,2025-09-02
I999613,1154,1.5429991389E8,2025-10-31
I999614,799,7.026595697E7,2025-09-03
I999615,1087,1.4633936426E8,2025-09-19
I999616,1033,4.797378512E7,2025-10-15
I999617,1536,1.9131734794E8,2025-09-01
I999618,1972,2.8731228548E8,2025-09-29
I999619,142,653109.06,2025-09-08
I999620,360,1.943298283E7,2025-09-10
I999621,1429,1.6386014488E8,2025-09-05
I999622,423,5.345199605E7,2025-09-29
I999623,249,2036617.15,2025-09-07
I999624,1225,1.0886565422E8,2025-10-11
I999625,584,2.117665292E7,2025-09-12
I999626,927,7.865616334E7,2025-10-29
I999627,1734,1.0695013385E8,2025-10-05
I999628,1746,1.9998261862E8,2025-10-14
I999629,325,4.738874408E7,2025-10-13
I999630,672,7.730862256E7,2025-09-03
I999631,379,2.138925198E7,2025-10-13
I999632,1005,7.816199907E7,2025-10-12
I999633,1611,1.7980063746E8,2025-10-06
I999634,1387,8.425611068E7,2025-10-15
I999635,883,9.821603848E7,2025-10-23
I999636,1219,2.99623382E7,2025-09-17
I999637,1697,4.451116058E7,2025-09-16
I999638,399,5.759592632E7,2025-10-17
I999639,1910,2.6905412482E8,2025-10-04
I999640,1166,6.265962799E7,2025-10-18
I999641,900,1.407991994E7,2025-10-18
I999642,959,6.071982978E7,2025-09-27
I999643,131,1.244021887E7,2025-09-10
I999644,392,4.470191172E7,2025-09-09
I999645,587,3212657.11,2025-10-31
I999646,443,5.154345092E7,2025-10-22
I999647,501,1.053664803E7,2025-10-08
I999648,1634,1.3732248321E8,2025-09-22
I999649,928,4.222702483E7,2025-10-10
I999650,1061,1.1543033478E8,2025-10-26
I999651,1104,1.4574194611E8,2025-10-27
I999652,824,5.432031715E7,2025-09-08
I999653,600,7.318938084E7,2025-10-27
I999654,624,5.633208366E7,2025-09-22
I999655,992,1.1900926045E8,2025-10-15
I999656,1206,1.1031454398E8,2025-10-31
I999657,1471,6531319.71,2025-09-02
I999658,858,9469348.71,2025-09-07
I999659,1516,1.3424952322E8,2025-09-16
I999660,280,2.48478017E7,2025-10-19
I999661,1092,8.319540596E7,2025-09-23
I999662,860,1.1022337398E8,2025-10-13
I999663,950,3.508643073E7,2025-09-05
I999664,491,1.056817651E7,2025-09-01
I999665,1556,1.5813425692E8,2025-10-19
I999666,702,2.090381388E7,2025-09-14
I999667,308,3.394046509E7,2025-10-25
I999668,1650,6.842588437E7,2025-09-29
I999669,266,2.171100705E7,2025-10-14
I999670,1260,1.799325689E7,2025-10-23
I999671,965,7.971576048E7,2025-10-04
I999672,1380,1.345947336E8,2025-09-18
I999673,1761,1.3178287652E8,2025-09-17
I999674,276,1.837776417E7,2025-10-11
I999675,930,1.3904796376E8,2025-09-25
I999676,261,3038530.28,2025-09-21
I999677,983,7.071912707E7,2025-10-30
I999678,931,1.3268539099E8,2025-10-19
I999679,223,1.707228509E7,2025-09-23
I999680,894,1.1122892653E8,2025-10-05
I999681,1555,9.927426932E7,2025-10-21
I999682,305,3.720689797E7,2025-10-21
I999683,1534,2.722355863E7,2025-10-07
I999684,1064,6.15106249E7,2025-09-17
I999685,884,1.079183326E8,2025-09-09
I999686,1820,2.003939551E8,2025-10-06
I999687,863,8.991737346E7,2025-09-24
I999688,1697,1.0907991951E8,2025-10-11
I999689,1823,5.652036843E7,2025-10-12
I999690,848,2.302980796E7,2025-10-20
I999691,204,2.983771051E7,2025-09-29
I999692,920,1.3431698999E8,2025-10-13
I999693,1141,1.4334128205E8,2025-09-07
I999694,140,7739723.25,2025-10-15
I999695,818,8.751886514E7,2025-10-05
I999696,1073,1.4340272235E8,2025-10-21
I999697,1467,740177.18,2025-10-14
I999698,1794,1.8710047364E8,2025-10-27
I999699,172,1.17955815E7,2025-10-02
I999700,740,1.0158830284E8,2025-09-15
I999701,1143,1.4825525415E8,2025-10-05
I999702,1371,1.6099560406E8,2025-09-23
I999703,158,7349896.64,2025-09-30
I999704,954,5.515408912E7,2025-09-21
I999705,1190,1.7310508075E8,2025-09-19
I999706,1022,3.175389746E7,2025-10-20
I999707,1891,1.4586287591E8,2025-09-02
I999708,1270,1.6607344477E8,2025-10-14
I999709,1299,1.7895647528E8,2025-10-05
I999710,866,9.493013531E7,2025-09-30
I999711,1361,1.8523387246E8,2025-09-10
I999712,749,7.919145582E7,2025-10-22
I999713,661,2.622381829E7,2025-09-22
I999714,455,6.530190732E7,2025-10-18
I999715,891,4.739031376E7,2025-09-22
I999716,514,4.505713735E7,2025-10-04
I999717,278,1.427198291E7,2025-09-06
I999718,1687,1.7790299681E8,2025-09-20
I999719,1497,1.1399753357E8,2025-09-04
I999720,496,2.122725038E7,2025-09-30
I999721,1942,1.7829747612E8,2025-09-28
I999722,669,3.995406253E7,2025-09-30
I999723,1673,1.0361988795E8,2025-09-29
I999724,1683,8.074680478E7,2025-09-04
I999725,1340,1.4620965067E8,2025-10-20
I999726,1339,4.103611931E7,2025-10-06
I999727,1996,5.573817641E7,2025-09-20
I999728,1069,8.848546592E7,2025-09-21
I999729,1165,2.061775687E7,2025-10-09
I999730,920,3.790159084E7,2025-10-04
I999731,706,8493191.23,2025-10-15
I999732,131,1.554603828E7,2025-10-05
I999733,1373,2.043427152E7,2025-09-28
I999734,1076,4.443283743E7,2025-09-18
I999735,1132,3.349434008E7,2025-10-15
I999736,960,6.385588117E7,2025-10-30
I999737,1833,2.2625555114E8,2025-10-03
I999738,885,5.070308971E7,2025-09-11
I999739,1799,2.4552577962E8,2025-10-02
I999740,1614,6.014525679E7,2025-09-07
I999741,543,7.554566075E7,2025-10-07
I999742,972,6.2205886E7,2025-10-27
I999743,1258,1.6425069914E8,2025-09-13
I999744,1878,1.0502206891E8,2025-10-07
I999745,1345,1.4751837034E8,2025-10-26
I999746,651,4.135571688E7,2025-09-04
I999747,138,1134549.75,2025-10-02
I999748,1878,1.0687744092E8,2025-10-01
I999749,1646,2.886893263E7,2025-09-17
I999750,1730,2.1996212438E8,2025-10-07
I999751,1701,8.287785281E7,2025-09-16
I999752,272,3.736553658E7,2025-10-24
I999753,1804,2.464606165E7,2025-10-13
I999754,688,7.415096247E7,2025-10-08
I999755,1787,1.8863696937E8,2025-09-18
I999756,1706,1.5210748301E8,2025-10-09
I999757,1393,1.9464327198E8,2025-10-27
I999758,1625,1.164148432E7,2025-10-26
I999759,451,4.979188829E7,2025-10-10
I999760,440,3.164563838E7,2025-10-15
I999761,969,1.404700392E8,2025-09-12
I999762,453,5.369210142E7,2025-10-06
I999763,1214,7.331020714E7,2025-10-14
I999764,553,1.027283653E7,2025-09-20
I999765,849,1.0698890268E8,2025-10-06
I999766,1272,1.841256129E7,2025-09-25
I999767,1009,2743267.9,2025-10-10
I999768,910,1.3608575121E8,2025-10-03
I999769,55,2261563.19,2025-10-02
I999770,1163,1.2745982414E8,2025-09-08
I999771,1135,1.551571949E7,2025-09-17
I999772,573,1.035057513E7,2025-09-24
I999773,526,3.541966628E7,2025-10-15
I999774,364,4.498047457E7,2025-09-30
I999775,817,1.084439109E7,2025-10-04
I999776,393,5.717909733E7,2025-10-23
I999777,590,8.526439137E7,2025-10-31
I999778,270,2.205329558E7,2025-09-28
I999779,1586,1.7912583439E8,2025-09-21
I999780,1072,8.897163081E7,2025-09-08
I999781,348,5.206157261E7,2025-10-23
I999782,159,2382817.49,2025-09-03
I999783,536,1.505490451E7,2025-10-23
I999784,403,2.227814456E7,2025-10-30
I999785,1223,1.2138805361E8,2025-10-04
I999786,1209,4.894903498E7,2025-09-27
I999787,1137,1.2915289965E8,2025-09-27
I999788,1892,1.0752106102E8,2025-09-27
I999789,895,6.886320985E7,2025-09-29
I999790,702,9.038635575E7,2025-09-13
I999791,1896,2.4840995128E8,2025-09-07
I999792,821,3.554899407E7,2025-09-05
I999793,1805,5.496592267E7,2025-09-27
I999794,330,3.299494828E7,2025-09-21
I999795,1988,2.9447077137E8,2025-10-02
I999796,99,1.221090902E7,2025-09-29
I999797,227,2.238748807E7,2025-09-02
I999798,1075,7.777101715E7,2025-10-24
I999799,1551,1.9710260342E8,2025-09-20
I999800,715,9.321726784E7,2025-09-30
I999801,150,1.186667505E7,2025-09-03
I999802,491,4.81700419E7,2025-10-23
I999803,205,1.211669014E7,2025-10-29
I999804,1277,3.98952507E7,2025-10-04
I999805,1655,1.4381779338E8,2025-10-19
I999806,915,8.946850249E7,2025-09-27
I999807,1493,1.7615150917E8,2025-10-11
I999808,705,9.827787787E7,2025-10-24
I999809,963,1.167600541E7,2025-10-04
I999810,740,8.703241837E7,2025-09-02
I999811,943,7.243389016E7,2025-10-10
I999812,682,1.310376037E7,2025-09-11
I999813,1556,1.3121346675E8,2025-10-06
I999814,1669,2.3263573131E8,2025-10-01
I999815,450,4.233969836E7,2025-10-09
I999816,1228,9.009901734E7,2025-09-17
I999817,905,1.972018693E7,2025-09-13
I999818,523,1.76184093E7,2025-10-17
I999819,404,5.710784413E7,2025-09-11
I999820,1982,9991896.97,2025-09-21
I999821,1118,1.2512618233E8,2025-09-19
I999822,1785,3.271066416E7,2025-10-06
I999823,1111,1.3315884242E8,2025-09-29
I999824,182,2373966.67,2025-09-14
I999825,1266,1547861.59,2025-09-26
I999826,1949,1.7664794247E8,2025-09-07
I999827,205,1.982784625E7,2025-10-14
I999828,1704,9277397.06,2025-10-24
I999829,1637,2.3678717804E8,2025-10-13
I999830,1950,2.4081268486E8,2025-09-12
I999831,734,2.458657265E7,2025-09-13
I999832,68,2982218.51,2025-10-29
I999833,1886,8.203204908E7,2025-10-23
I999834,219,1121162.59,2025-10-29
I999835,736,2073214.03,2025-09-29
I999836,1369,3.889381106E7,2025-09-08
I999837,1193,9.218410444E7,2025-09-03
I999838,1689,1.0136216656E8,2025-10-25
I999839,1081,1.2677758974E8,2025-09-06
I999840,735,9.845461438E7,2025-10-08
I999841,711,1.656420047E7,2025-09-09
I999842,1900,2.1865893617E8,2025-09-09
I999843,1472,5.498589908E7,2025-09-05
I999844,690,4.888797909E7,2025-09-20
I999845,1969,1.1576218019E8,2025-09-02
I999846,923,5.215955098E7,2025-09-03
I999847,150,6036730.96,2025-09-07
I999848,1433,1.3534086868E8,2025-10-01
I999849,1257,6036657.38,2025-09-29
I999850,831,5.832661743E7,2025-09-29
I999851,1767,1.4569763126E8,2025-10-16
I999852,1372,1.6049802298E8,2025-10-16
I999853,1046,9.299974338E7,2025-09-13
I999854,1001,2.512913831E7,2025-10-24
I999855,238,2.974897126E7,2025-09-18
I999856,380,6784848.01,2025-09-29
I999857,1478,2.0636001639E8,2025-09-25
I999858,857,1.0185285017E8,2025-10-02
I999859,1198,1.5170068094E8,2025-09-30
I999860,1527,8.230641506E7,2025-09-29
I999861,646,7.384911286E7,2025-09-04
I999862,161,852979.86,2025-09-29
I999863,1606,9.12487887E7,2025-10-30
I999864,1594,1.2003983855E8,2025-10-02
I999865,309,1767905.55,2025-09-23
I999866,210,3.02656231E7,2025-10-15
I999867,159,8192231.14,2025-10-10
I999868,757,4.873899218E7,2025-10-13
I999869,120,1.664874454E7,2025-10-02
I999870,608,1.43981268E7,2025-10-27
I999871,492,5.017612892E7,2025-10-07
I999872,1256,2.016794464E7,2025-09-08
I999873,1040,2.034664627E7,2025-09-22
I999874,490,1.044299719E7,2025-10-19
I999875,542,3106585.89,2025-09-03
I999876,447,6.423703205E7,2025-10-06
I999877,1109,1.3571331675E8,2025-10-17
I999878,1945,1.10822467E8,2025-09-05
I999879,1551,1.074106312E7,2025-10-10
I999880,1212,3.150686083E7,2025-10-20
I999881,1777,1.497276265E8,2025-10-04
I999882,1796,1.8485395462E8,2025-09-22
I999883,1355,1.5520360077E8,2025-10-18
I999884,314,6050113.47,2025-09-18
I999885,708,7062929.58,2025-10-22
I999886,1209,1.3328228245E8,2025-10-17
I999887,1335,5.072753672E7,2025-09-03
I999888,1868,2.2180227156E8,2025-10-13
I999889,1611,1.5704685207E8,2025-09-30
I999890,459,3.686333295E7,2025-10-11
I999891,873,1089240.84,2025-09-24
I999892,1198,1.5025610864E8,2025-10-06
I999893,278,2.06602692E7,2025-09-14
I999894,81,2250960.56,2025-10-11
I999895,723,5.120682095E7,2025-10-18
I999896,422,2.529106605E7,2025-10-28
I999897,1255,1.7032402472E8,2025-09-02
I999898,1088,3.36799219E7,2025-10-11
I999899,1061,1.5707875951E8,2025-10-06
I999900,1983,2.1388161602E8,2025-09-13
I999901,425,2.053152303E7,2025-10-16
I999902,1103,8.785216819E7,2025-09-28
I999903,939,8.95789997E7,2025-10-20
I999904,136,1.041095215E7,2025-09-25
I999905,264,3.475864212E7,2025-10-04
I999906,798,9.215740107E7,2025-10-08
I999907,1389,2.318123824E7,2025-09-26
I999908,304,3.552493206E7,2025-10-06
I999909,1734,2.5282185753E8,2025-09-21
I999910,1494,2628808.65,2025-09-15
I999911,1306,1.9551347532E8,2025-09-13
I999912,456,2.055302953E7,2025-10-05
I999913,984,1.2262692078E8,2025-10-12
I999914,1391,3.4199321E7,2025-09-14
I999915,1805,3.082294674E7,2025-09-20
I999916,436,2.225157399E7,2025-09-04
I999917,1641,1.6184782085E8,2025-10-04
I999918,1826,2.487631002E8,2025-09-22
I999919,1280,1.4374942342E8,2025-09-09
I999920,1605,1.9063752284E8,2025-09-03
I999921,1925,4.969911771E7,2025-10-31
I999922,299,1.680581353E7,2025-09-11
I999923,1794,2.1891883363E8,2025-10-25
I999924,1966,7.731230099E7,2025-09-09
I999925,1427,9272696.5,2025-09-14
I999926,545,2.569005989E7,2025-09-29
I999927,855,3.117041321E7,2025-10-24
I999928,800,1.1095695172E8,2025-09-15
I999929,1108,9728223.49,2025-10-23
I999930,1736,1.3508384892E8,2025-10-26
I999931,94,2981333.26,2025-10-01
I999932,1969,1.5136759869E8,2025-10-26
I999933,895,1.0241847196E8,2025-10-04
I999934,1552,2.232662631E7,2025-10-23
I999935,1521,4.363535927E7,2025-10-17
I999936,399,4.476680578E7,2025-10-16
I999937,1530,2.875658794E7,2025-09-16
I999938,1586,4.280559081E7,2025-10-01
I999939,633,9521318.15,2025-10-09
I999940,1939,1.923115507E7,2025-10-19
I999941,656,6.985484223E7,2025-10-02
I999942,1756,2.277279619E7,2025-10-04
I999943,1106,5.781409779E7,2025-09-08
I999944,1812,1.6150945438E8,2025-09-19
I999945,1693,2.4936269726E8,2025-09-28
I999946,1520,6.096720879E7,2025-10-18
I999947,747,7.605718946E7,2025-10-26
I999948,75,9263506.43,2025-10-13
I999949,1130,7.182679516E7,2025-09-16
I999950,1042,3.444831629E7,2025-10-29
I999951,1769,2.3785145008E8,2025-09-12
I999952,812,2.363343397E7,2025-10-02
I999953,254,1.392595814E7,2025-10-07
I999954,199,218919.65,2025-09-23
I999955,501,6.323317576E7,2025-09-10
I999956,1033,1.0149349595E8,2025-10-27
I999957,1996,2.8474655966E8,2025-09-01
I999958,1600,6.66088649E7,2025-09-28
I999959,1650,1.9825939161E8,2025-10-14
I999960,1017,1.110962488E7,2025-10-31
I999961,686,6.574419692E7,2025-10-27
I999962,705,2.540425848E7,2025-10-21
I999963,539,1.406971086E7,2025-10-19
I999964,1359,2.0243705358E8,2025-10-12
I999965,1338,4.362339624E7,2025-09-18
I999966,1287,1.6275396087E8,2025-10-27
I999967,1833,5.820399997E7,2025-10-09
I999968,1072,7.19412322E7,2025-09-24
I999969,290,2.598886505E7,2025-09-09
I999970,704,2.618406748E7,2025-10-04
I999971,917,2.643215974E7,2025-10-23
I999972,1730,2.056646864E8,2025-10-25
I999973,1056,6507444.96,2025-09-17
I999974,432,6.192006464E7,2025-10-31
I999975,1924,1.4891312347E8,2025-10-18
I999976,53,5795444.46,2025-09-11
I999977,840,1.2430529887E8,2025-09-17
I999978,933,4.178352898E7,2025-09-21
I999979,1545,1.1744139244E8,2025-09-27
I999980,1313,8.095968529E7,2025-09-27
I999981,618,5386386.39,2025-09-25
I999982,1343,1.7344244126E8,2025-09-22
I999983,783,8470777.44,2025-09-14
I999984,1218,5.833123905E7,2025-09-05
I999985,679,1.0176804958E8,2025-10-24
I999986,1287,1.7542682327E8,2025-10-03
I999987,970,6.520077557E7,2025-10-27
I999988,1819,1.3593483756E8,2025-09-27
I999989,586,1.505444877E7,2025-10-14
I999990,1858,1.9245640298E8,2025-09-30
I999991,843,8.835004796E7,2025-10-28
I999992,1298,1.1931571525E8,2025-09-21
I999993,320,8770059.24,2025-10-08
I999994,97,1.033140661E7,2025-10-14
I999995,110,2367256.96,2025-10-08
I999996,459,9055011.68,2025-09-01
I999997,1759,1.9711701495E8,2025-10-05
I999998,749,1.0816090146E8,2025-10-12
I999999,105,1.380209151E7,2025-09-30
I1000000,1377,1.1234336728E8,2025-10-08
I1000001,671,5.035178941E7,2025-10-02
I1000002,970,1.3010359883E8,2025-10-24
I1000003,580,4.090409395E7,2025-10-08
I1000004,1139,1.109738637E7,2025-10-30
I1000005,1371,1.4134067133E8,2025-10-21
I1000006,850,5.886401427E7,2025-09-22
I1000007,431,6.28374927E7,2025-10-22
I1000008,710,8.469526382E7,2025-09-02
I1000009,362,2.617220659E7,2025-09-22
I1000010,945,1.0011763367E8,2025-09-29
I1000011,1242,1.2858809075E8,2025-09-02
I1000012,1939,9.35009614E7,2025-10-20
I1000013,620,1.444658033E7,2025-09-02
I1000014,1331,1.0100035E7,2025-10-20
I1000015,696,8.525003415E7,2025-09-12
I1000016,274,2.759204174E7,2025-09-21
I1000017,1800,1.9511704138E8,2025-10-10
I1000018,775,3.805546882E7,2025-10-18
I1000019,757,6934484.56,2025-10-28
I1000020,70,1.030406544E7,2025-09-22
I1000021,1170,1.4191711003E8,2025-09-12
I1000022,466,4011868.51,2025-10-01
I1000023,1034,1.3724291E8,2025-10-01
I1000024,57,3364154.54,2025-10-19
I1000025,227,2.807125131E7,2025-09-24
I1000026,1235,1.5230877582E8,2025-10-19
I1000027,223,4670586.59,2025-09-08
I1000028,1087,7.581788395E7,2025-09-23
I1000029,1342,8.293729355E7,2025-09-02
I1000030,1280,1.852347889E8,2025-10-28
I1000031,1359,3.456097983E7,2025-09-28
I1000032,582,1.35342359E7,2025-10-20
I1000033,794,7.633210083E7,2025-10-04
I1000034,1524,5.239102248E7,2025-10-14
I1000035,304,2.740796558E7,2025-09-17
I1000036,884,5.069572473E7,2025-10-25
I1000037,479,3.853555162E7,2025-09-11
I1000038,924,1.736615149E7,2025-09-06
I1000039,1755,8.256703427E7,2025-10-24
I1000040,1742,1.115802241E8,2025-09-17
I1000041,1322,1.6399377294E8,2025-10-06
I1000042,1217,1.564130498E7,2025-10-10
I1000043,333,1.024592666E7,2025-10-23
I1000044,1295,3.047331855E7,2025-10-22
I1000045,1820,1.858524954E8,2025-10-05
I1000046,1599,1.7380620574E8,2025-09-09
I1000047,1599,1.407140347E7,2025-09-07
I1000048,438,3258322.07,2025-09-06
I1000049,1364,7.828832235E7,2025-10-28
I1000050,984,6.205904165E7,2025-10-06
I1000051,621,1.50244039E7,2025-09-01
I1000052,688,1.454349986E7,2025-09-30
I1000053,599,4.942129157E7,2025-10-09
I1000054,1632,1.6953746333E8,2025-10-04
I1000055,1934,1.0542334289E8,2025-09-07
I1000056,1233,1.7173843E8,2025-09-12
I1000057,1247,3.083362925E7,2025-09-11
I1000058,1103,8.041718592E7,2025-09-18
I1000059,1669,2.1749668551E8,2025-09-26
I1000060,438,5.87737293E7,2025-09-23
I1000061,1764,3.522748999E7,2025-10-23
I1000062,464,6.291544035E7,2025-10-30
I1000063,1417,1.4897986147E8,2025-09-24
I1000064,1252,1.1188570409E8,2025-09-12
I1000065,1263,5.617671086E7,2025-10-07
I1000066,1430,3563231.01,2025-09-14
I1000067,83,1.175996157E7,2025-09-15
I1000068,549,2.204732219E7,2025-09-16
I1000069,1203,1.4436134075E8,2025-10-23
I1000070,578,7.997640215E7,2025-10-18
I1000071,1503,1.276680368E8,2025-10-16
I1000072,283,2.554229102E7,2025-09-14
I1000073,1521,1.572350615E8,2025-10-24
I1000074,1748,1.730234003E7,2025-09-07
I1000075,912,1.2976077581E8,2025-10-15
I1000076,1667,1.3858679081E8,2025-10-18
I1000077,535,3.790176094E7,2025-10-15
I1000078,383,1.022550569E7,2025-09-08
I1000079,831,2.762336245E7,2025-09-16
I1000080,1060,7.436053906E7,2025-10-02
I1000081,1938,1.5713476405E8,2025-09-16
I1000082,1006,580506.68,2025-10-31
I1000083,583,7.866352415E7,2025-10-05
I1000084,1684,1.2645283997E8,2025-10-24
I1000085,1389,8.619577467E7,2025-09-10
I1000086,593,1350369.1,2025-09-17
I1000087,905,8.027683665E7,2025-09-22
I1000088,997,7.952816204E7,2025-10-03
I1000089,1688,1.4129477914E8,2025-10-07
I1000090,1281,8.714359808E7,2025-09-27
I1000091,89,1381433.77,2025-09-06
I1000092,1886,2.3573011595E8,2025-09-03
I1000093,672,8410434.53,2025-09-28
I1000094,841,7.455205361E7,2025-09-20
I1000095,1600,7.735991517E7,2025-09-27
I1000096,1792,2.333853329E8,2025-10-10
I1000097,512,5.031104219E7,2025-09-07
I1000098,166,1.467568389E7,2025-10-30
I1000099,547,7.773390746E7,2025-10-23
I1000100,398,3.850170069E7,2025-10-18
I1000101,1673,1.7062095224E8,2025-10-12
I1000102,1361,6.103519071E7,2025-10-03
I1000103,321,4.088052279E7,2025-09-24
I1000104,866,4.755468505E7,2025-10-01
I1000105,1071,8.445910324E7,2025-09-20
I1000106,1253,1.751798603E8,2025-10-24
I1000107,702,6.153124524E7,2025-10-22
I1000108,1381,4.602142416E7,2025-10-16
I1000109,471,2.646744088E7,2025-09-16
I1000110,1261,1.3031707588E8,2025-10-02
I1000111,547,1.172582096E7,2025-09-30
I1000112,1032,1.3221392942E8,2025-10-20
I1000113,1909,1.3249068501E8,2025-10-18
I1000114,968,1.3474061153E8,2025-09-03
I1000115,1288,1.0562662139E8,2025-10-01
I1000116,1592,2.2558826734E8,2025-10-12
I1000117,794,6.399592799E7,2025-09-14
I1000118,1265,1.7103600011E8,2025-09-19
I1000119,1373,1.903780983E8,2025-09-14
I1000120,970,584649.25,2025-10-13
I1000121,1228,6.326047856E7,2025-10-15
I1000122,411,7974558.07,2025-09-15
I1000123,742,5.842712029E7,2025-09-03
I1000124,968,1.2513582064E8,2025-10-21
I1000125,192,2.191158382E7,2025-09-18
I1000126,1469,1.7912387213E8,2025-10-03
I1000127,1610,8.819836834E7,2025-10-22
I1000128,1885,9.420097026E7,2025-10-13
I1000129,900,6.689253995E7,2025-10-03
I1000130,755,3.042326274E7,2025-09-06
I1000131,887,6.675026603E7,2025-09-28
I1000132,991,9.550654606E7,2025-10-04
I1000133,901,7.311633977E7,2025-10-15
I1000134,1302,1.6281011689E8,2025-09-24
I1000135,1385,1.9533438621E8,2025-09-07
I1000136,408,3351747.78,2025-09-13
I1000137,150,1.932693993E7,2025-09-03
I1000138,1982,1.5990602233E8,2025-10-14
I1000139,661,2.741300045E7,2025-10-20
I1000140,91,4280130.95,2025-10-08
I1000141,971,1.0186154119E8,2025-09-27
I1000142,483,5.328278593E7,2025-10-25
I1000143,1582,2.343816032E8,2025-10-14
I1000144,81,7554693.65,2025-10-18
I1000145,1835,2.602534718E8,2025-10-22
I1000146,113,1.367923162E7,2025-10-07
I1000147,393,1.570960481E7,2025-09-29
I1000148,238,1.137881107E7,2025-09-09
I1000149,1066,1.988737756E7,2025-09-05
I1000150,667,9612263.13,2025-09-03
I1000151,983,1.013507193E8,2025-10-07
I1000152,907,1.1770439767E8,2025-09-04
I1000153,1156,1.5291728457E8,2025-10-02
I1000154,774,6.380200931E7,2025-10-03
I1000155,1736,9.927300709E7,2025-10-29
I1000156,1254,1.5879232304E8,2025-10-04
I1000157,591,6.861764112E7,2025-09-11
I1000158,1997,5.689374717E7,2025-09-06
I1000159,1017,7170436.55,2025-10-04
I1000160,337,2.601725625E7,2025-10-10
I1000161,160,2.20182566E7,2025-10-21
I1000162,1026,6.638419595E7,2025-10-18
I1000163,1108,9.071623775E7,2025-09-18
I1000164,1286,1.305136362E7,2025-09-10
I1000165,1844,2.1586268591E8,2025-09-27
I1000166,1415,1.1685357976E8,2025-10-18
I1000167,273,3.058339565E7,2025-09-17
I1000168,1434,1.1230269933E8,2025-10-16
I1000169,425,1.481046761E7,2025-09-26
I1000170,510,2.859533624E7,2025-10-17
I1000171,992,1.3431061074E8,2025-10-29
I1000172,1479,3.479137599E7,2025-09-16
I1000173,1563,1.8908137658E8,2025-09-12
I1000174,1231,1.629703946E8,2025-10-30
I1000175,213,2.074294165E7,2025-10-31
I1000176,690,4.084166236E7,2025-10-09
I1000177,1676,3.392581659E7,2025-09-05
I1000178,1344,3.666835496E7,2025-10-26
I1000179,1949,2.53278281E7,2025-09-19
I1000180,774,1.473983468E7,2025-09-01
I1000181,300,3.17770532E7,2025-09-06
I1000182,609,3.030707252E7,2025-09-18
I1000183,1510,1.6523116021E8,2025-10-15
I1000184,1436,1.7138382154E8,2025-10-18
I1000185,229,1.466265943E7,2025-09-27
I1000186,749,5.743465725E7,2025-09-06
I1000187,190,2.142462675E7,2025-10-09
I1000188,1923,2.8495271157E8,2025-09-01
I1000189,386,8992405.95,2025-10-04
I1000190,1497,1.404051517E7,2025-09-10
I1000191,423,5.992616473E7,2025-10-16
I1000192,1562,8.257223844E7,2025-09-17
I1000193,1796,1.5480593934E8,2025-10-02
I1000194,1318,1.391936418E7,2025-10-18
I1000195,230,1.0183042E7,2025-09-13
I1000196,1188,1.6296756997E8,2025-10-29
I1000197,626,5.967266803E7,2025-10-27
I1000198,140,614849.48,2025-09-01
I1000199,967,9498029.17,2025-09-28
I1000200,159,6968533.76,2025-10-07
I1000201,1490,2.2253217162E8,2025-10-19
I1000202,1699,2.3351468162E8,2025-10-02
I1000203,182,1.40321094E7,2025-10-26
I1000204,869,7.879642228E7,2025-09-04
I1000205,1723,1.9277179977E8,2025-10-09
I1000206,344,2.193756766E7,2025-10-23
I1000207,343,2650184.37,2025-09-16
I1000208,1792,1.1670636341E8,2025-10-10
I1000209,595,1.775393549E7,2025-09-22
I1000210,1613,1.7502847005E8,2025-09-04
I1000211,993,1.2174497955E8,2025-09-23
I1000212,514,6455428.67,2025-09-18
I1000213,1953,9.200071686E7,2025-09-15
I1000214,1073,1.583624526E7,2025-10-04
I1000215,334,2.251294804E7,2025-10-21
I1000216,1134,5.346965306E7,2025-10-26
I1000217,1068,1.4735253849E8,2025-10-17
I1000218,1776,1.1153413245E8,2025-09-09
I1000219,1541,2.507996866E7,2025-09-25
I1000220,1017,4.021380686E7,2025-10-20
I1000221,1956,1.4936114467E8,2025-09-20
I1000222,1806,5.052046128E7,2025-10-07
I1000223,1677,2.4524798701E8,2025-09-19
I1000224,75,4004210.26,2025-10-04
I1000225,518,4.914592372E7,2025-10-18
I1000226,1917,6.251948002E7,2025-09-21
I1000227,1334,9.960577014E7,2025-10-30
I1000228,1521,5.249324354E7,2025-09-02
I1000229,1892,1.3237838112E8,2025-10-25
I1000230,1007,1.3830248275E8,2025-10-04
I1000231,1455,1.173497813E7,2025-09-15
I1000232,1646,6.110079102E7,2025-10-13
I1000233,229,3.175072611E7,2025-09-18
I1000234,559,6.855535788E7,2025-10-09
I1000235,1234,2.432431867E7,2025-09-08
I1000236,659,1.589835381E7,2025-10-27
I1000237,1331,7.883729211E7,2025-10-11
I1000238,1668,1.4821621513E8,2025-10-11
I1000239,1401,2.0818422965E8,2025-10-04
I1000240,1205,8.7278771E7,2025-10-22
I1000241,143,5710857.29,2025-09-28
I1000242,1958,1.2657941035E8,2025-09-08
I1000243,1070,1.0718581657E8,2025-09-15
I1000244,1213,4.722375455E7,2025-10-05
I1000245,1368,7.259550892E7,2025-09-07
I1000246,1047,2.395369635E7,2025-10-20
I1000247,503,2.667014649E7,2025-09-14
I1000248,1526,1.614326534E7,2025-09-26
I1000249,1737,2.2594472507E8,2025-09-05
I1000250,116,4081011.68,2025-10-06
I1000251,271,3.529465738E7,2025-09-01
I1000252,166,2.103022869E7,2025-10-22
I1000253,381,1.179390325E7,2025-10-02
I1000254,1052,7.61720566E7,2025-10-14
I1000255,1417,8.081017395E7,2025-09-07
I1000256,1460,1.1456866381E8,2025-10-25
I1000257,1631,1.1084043648E8,2025-09-23
I1000258,199,1.609915264E7,2025-09-19
I1000259,1469,8.999076933E7,2025-10-19
I1000260,589,3.766789866E7,2025-10-08
I1000261,1683,3.977381711E7,2025-10-03
I1000262,1002,1.4115037244E8,2025-09-07
I1000263,1585,1.9795789777E8,2025-10-15
I1000264,455,6.014455938E7,2025-10-31
I1000265,1370,4.165456435E7,2025-10-25
I1000266,929,1.1736617998E8,2025-09-14
I1000267,781,2.887004401E7,2025-09-24
I1000268,1721,6.705067688E7,2025-09-23
I1000269,233,2.265849021E7,2025-10-31
I1000270,1481,5.678529585E7,2025-10-19
I1000271,270,6541029.25,2025-10-04
I1000272,353,1.424566707E7,2025-09-29
I1000273,940,1.690832094E7,2025-09-09
I1000274,411,2.310650837E7,2025-09-16
I1000275,1350,8.289237625E7,2025-10-16
I1000276,1109,5.602006708E7,2025-10-28
I1000277,1826,5.462428292E7,2025-10-28
I1000278,1552,1.0566682906E8,2025-09-21
I1000279,1573,3.328742521E7,2025-10-12
I1000280,1302,5.767987189E7,2025-09-02
I1000281,642,1.25708484E7,2025-10-25
I1000282,1032,1.3175819793E8,2025-09-15
I1000283,1024,2.559200313E7,2025-09-14
I1000284,1151,2.993552322E7,2025-10-12
I1000285,1752,2.4568001269E8,2025-09-18
I1000286,118,1223963.3,2025-10-22
I1000287,592,3.029500932E7,2025-09-21
I1000288,1059,9.821156094E7,2025-09-04
I1000289,863,8.006769317E7,2025-09-12
I1000290,823,1.233485924E8,2025-09-13
I1000291,764,1.54352457E7,2025-10-19
I1000292,514,5.224531415E7,2025-10-24
I1000293,1483,1.7495958915E8,2025-10-24
I1000294,1258,1.569441611E7,2025-10-11
I1000295,1550,4.647014331E7,2025-10-05
I1000296,1963,1.194844264E7,2025-10-26
I1000297,1093,9.601678083E7,2025-09-28
I1000298,1158,1.2657565253E8,2025-10-27
I1000299,1583,1.628598834E8,2025-10-10
I1000300,1694,4.206155899E7,2025-09-17
I1000301,1207,1.4249270179E8,2025-09-21
I1000302,870,9.685919908E7,2025-10-26
I1000303,1803,7.286361954E7,2025-09-28
I1000304,1852,1.682783589E8,2025-09-24
I1000305,1847,4.752104511E7,2025-10-21
I1000306,632,2.304042739E7,2025-10-21
I1000307,555,4.673858096E7,2025-09-13
I1000308,1158,1.4799634337E8,2025-10-28
I1000309,1598,1.3431721396E8,2025-09-23
I1000310,1828,1.0867731256E8,2025-09-16
I1000311,1643,1.1149706612E8,2025-09-26
I1000312,67,7665913.04,2025-10-31
I1000313,1267,1.1936266633E8,2025-09-14
I1000314,279,3.142736096E7,2025-09-28
I1000315,1396,7.607567256E7,2025-09-18
I1000316,758,1.598946352E7,2025-10-23
I1000317,1455,1130853.85,2025-09-27
I1000318,933,9.969227258E7,2025-09-01
I1000319,311,4.175236674E7,2025-10-17
I1000320,570,7.875983966E7,2025-10-24
I1000321,581,2.151298435E7,2025-10-11
I1000322,127,1.346201529E7,2025-10-11
I1000323,493,7.258344503E7,2025-10-25
I1000324,1101,1.6360994178E8,2025-10-05
I1000325,315,3.2083118E7,2025-10-08
I1000326,562,3.423674411E7,2025-10-25
I1000327,691,7.848669597E7,2025-10-17
I1000328,796,4965565.19,2025-09-16
I1000329,1270,1.8989479161E8,2025-09-24
I1000330,1406,1.8048777841E8,2025-09-19
I1000331,875,4.931689165E7,2025-10-11
I1000332,1938,1.2081319246E8,2025-09-13
I1000333,432,3.551036398E7,2025-09-27
I1000334,1234,5.50058332E7,2025-09-21
I1000335,1236,5.215899478E7,2025-09-30
I1000336,1335,9.040812141E7,2025-09-12
I1000337,1304,1.6425256144E8,2025-10-22
I1000338,676,1.335214225E7,2025-10-10
I1000339,708,9.254214045E7,2025-10-26
I1000340,629,2.768240478E7,2025-09-30
I1000341,233,2.485450839E7,2025-09-26
I1000342,340,4.39901127E7,2025-10-06
I1000343,486,6.298884161E7,2025-09-20
I1000344,974,1.2052326472E8,2025-10-29
I1000345,1061,1.3166181737E8,2025-09-21
I1000346,309,1.402981444E7,2025-09-29
I1000347,905,1.920320406E7,2025-09-22
I1000348,1273,8.443278427E7,2025-09-03
I1000349,1006,9.198694329E7,2025-09-25
I1000350,738,1.0391501931E8,2025-10-17
I1000351,1600,1.3996616744E8,2025-09-27
I1000352,503,7.428785633E7,2025-09-14
I1000353,830,1.64086047E7,2025-10-31
I1000354,1064,7.902743891E7,2025-10-30
I1000355,1710,9.215426357E7,2025-10-11
I1000356,1309,1.5495811467E8,2025-10-12
I1000357,526,3411972.56,2025-09-18
I1000358,156,1.967124889E7,2025-10-30
I1000359,862,2.123393154E7,2025-10-30
I1000360,764,8.793445317E7,2025-09-06
I1000361,943,1.2778334138E8,2025-10-25
I1000362,685,6.342995886E7,2025-09-01
I1000363,1357,1.5550065641E8,2025-09-03
I1000364,1941,1.0682465744E8,2025-10-16
I1000365,1160,9.264783043E7,2025-10-14
I1000366,1004,7.3450459E7,2025-10-20
I1000367,1347,1.235835666E7,2025-10-15
I1000368,1836,1.1671261144E8,2025-09-14
I1000369,1194,6.896419301E7,2025-09-07
I1000370,1048,5.575710969E7,2025-09-05
I1000371,1852,2.273956575E8,2025-09-28
I1000372,877,1.2732133707E8,2025-10-04
I1000373,810,1.735290604E7,2025-10-26
I1000374,1836,6.730028689E7,2025-09-04
I1000375,1454,1.4844020713E8,2025-10-22
I1000376,635,8.529959011E7,2025-10-02
I1000377,979,5.408443338E7,2025-10-30
I1000378,1888,2.6226325954E8,2025-09-09
I1000379,1000,3.325335842E7,2025-09-09
I1000380,1232,9.056263126E7,2025-09-01
I1000381,66,6806501.09,2025-10-28
I1000382,1819,2.4298785793E8,2025-10-29
I1000383,1439,9.525036964E7,2025-10-02
I1000384,1485,2.0812677105E8,2025-09-22
I1000385,1775,2.4208280099E8,2025-10-02
I1000386,770,9.632649646E7,2025-09-01
I1000387,1638,2.2834043628E8,2025-09-14
I1000388,1650,1.4968899597E8,2025-09-10
I1000389,385,5.753192431E7,2025-09-12
I1000390,1583,1.3711232304E8,2025-10-19
I1000391,316,5528414.82,2025-09-05
I1000392,1305,7.201669695E7,2025-10-03
I1000393,295,3.474155795E7,2025-09-21
I1000394,1214,1.1606933371E8,2025-09-13
I1000395,636,9.483534246E7,2025-10-08
I1000396,1823,2.5110582576E8,2025-10-18
I1000397,1492,5.816232E7,2025-10-24
I1000398,278,2.530537142E7,2025-09-30
I1000399,1557,2.1392295249E8,2025-10-09
I1000400,881,8.3865421E7,2025-09-02
I1000401,1296,1.0409779741E8,2025-10-08
I1000402,1766,1.491835806E7,2025-09-08
I1000403,1282,1.296143874E8,2025-10-24
I1000404,575,7.587338011E7,2025-10-12
I1000405,587,8063472.63,2025-10-23
I1000406,896,4193273.22,2025-09-01
I1000407,1682,2.060713491E7,2025-09-07
I1000408,141,377312.98,2025-10-19
I1000409,503,2.957358818E7,2025-09-06
I1000410,846,1.214737279E7,2025-10-23
I1000411,1805,3.687284362E7,2025-10-06
I1000412,1387,1.941985044E7,2025-09-05
I1000413,1534,8.890671201E7,2025-10-12
I1000414,1935,9.948062277E7,2025-09-06
I1000415,738,1.804102294E7,2025-09-21
I1000416,1335,5898083.29,2025-10-12
I1000417,1005,1.3618554835E8,2025-09-03
I1000418,1818,1.4783892642E8,2025-10-05
I1000419,642,4.566950524E7,2025-09-30
I1000420,1100,5.42865291E7,2025-10-14
I1000421,463,5.623387065E7,2025-10-02
I1000422,783,9.404733858E7,2025-09-17
I1000423,112,520839.85,2025-10-07
I1000424,315,2.592837059E7,2025-09-20
I1000425,163,1567436.34,2025-10-11
I1000426,155,6498855.39,2025-10-18
I1000427,499,4.738426663E7,2025-09-07
I1000428,174,4768719.95,2025-10-10
I1000429,785,1.1558950907E8,2025-09-12
I1000430,704,1.234219376E7,2025-10-11
I1000431,515,1.934257569E7,2025-09-22
I1000432,381,1.302778833E7,2025-10-13
I1000433,1867,2.325996118E7,2025-10-31
I1000434,1336,1.9457832037E8,2025-10-21
I1000435,175,2.051246559E7,2025-09-23
I1000436,943,8.23117227E7,2025-10-22
I1000437,1573,1.0841327115E8,2025-10-28
I1000438,741,3.147345505E7,2025-09-06
I1000439,991,1.557347408E7,2025-09-06
I1000440,402,6585533.84,2025-09-04
I1000441,1464,4.867185163E7,2025-09-03
I1000442,226,2.400058763E7,2025-09-22
I1000443,284,3.170517848E7,2025-09-04
I1000444,484,2571376.25,2025-10-30
I1000445,1807,1.747678356E7,2025-09-30
I1000446,1194,1.7151359812E8,2025-09-13
I1000447,390,3.895253838E7,2025-09-19
I1000448,1094,2.414504212E7,2025-09-22
I1000449,1119,3.263566307E7,2025-10-17
I1000450,1712,1.8073456369E8,2025-09-13
I1000451,996,5.388656117E7,2025-10-31
I1000452,173,2.092799014E7,2025-09-12
I1000453,395,9509948.36,2025-09-01
I1000454,702,8.104123459E7,2025-09-07
I1000455,1214,7.7932716E7,2025-10-13
I1000456,751,2.385712421E7,2025-10-30
I1000457,1056,5.777455193E7,2025-10-14
I1000458,239,1642939.14,2025-10-08
I1000459,1915,1.1643000769E8,2025-10-16
I1000460,187,2.714202074E7,2025-10-12
I1000461,289,1.223032162E7,2025-09-06
I1000462,1347,1.7028340716E8,2025-09-14
I1000463,1251,3.426777329E7,2025-10-12
I1000464,723,5.801250105E7,2025-09-06
I1000465,972,9.73485166E7,2025-09-23
I1000466,53,3883675.36,2025-09-20
I1000467,1260,3521517.66,2025-10-10
I1000468,1975,8.259867794E7,2025-10-24
I1000469,445,1.563665943E7,2025-10-25
I1000470,392,4.604065316E7,2025-09-13
I1000471,399,4.955341393E7,2025-10-24
I1000472,1185,5.034272594E7,2025-10-08
I1000473,1762,2.284403982E7,2025-10-14
I1000474,1618,1.8034232247E8,2025-10-16
I1000475,1324,1.8315487302E8,2025-09-24
I1000476,1391,3.921742356E7,2025-10-05
I1000477,115,2256741.34,2025-10-20
I1000478,1966,1.654959219E7,2025-09-13
I1000479,1839,1.691624974E8,2025-10-04
I1000480,1258,1758530.02,2025-10-01
I1000481,1928,3.185526842E7,2025-09-08
I1000482,344,1.829671829E7,2025-09-22
I1000483,1075,8.309089772E7,2025-10-20
I1000484,1550,1.8544848541E8,2025-10-16
I1000485,1204,1.3284898757E8,2025-10-19
I1000486,1926,1.4935239464E8,2025-10-07
I1000487,1727,1.6032012599E8,2025-09-27
I1000488,815,4.74671274E7,2025-10-05
I1000489,1666,2.2009100316E8,2025-10-31
I1000490,1895,6.845739564E7,2025-10-10
I1000491,1985,2.3664579272E8,2025-10-26
I1000492,2000,4.300730566E7,2025-10-08
I1000493,1990,8.000805177E7,2025-10-19
I1000494,1445,1.7159253494E8,2025-10-28
I1000495,1284,1.5761663872E8,2025-10-20
I1000496,494,2.707997649E7,2025-09-27
I1000497,441,5.631620641E7,2025-09-08
I1000498,727,2.073708221E7,2025-09-25
I1000499,1809,1.1984747633E8,2025-10-22
I1000500,693,4.314188456E7,2025-10-17
I1000501,204,2.7933237E7,2025-10-11
I1000502,58,2710237.95,2025-09-19
I1000503,1469,1.9537565264E8,2025-09-19
I1000504,233,5021552.22,2025-09-24
I1000505,240,6922767.59,2025-10-26
I1000506,1350,5.116170248E7,2025-09-24
I1000507,1838,8.69778235E7,2025-09-16
I1000508,1323,1.0202266368E8,2025-09-27
I1000509,416,4127941.21,2025-09-25
I1000510,1255,1.4715966076E8,2025-09-06
I1000511,1667,1.7270115838E8,2025-09-27
I1000512,1699,1785411.78,2025-10-04
I1000513,811,9.550007451E7,2025-10-01
I1000514,108,4246829.71,2025-10-31
I1000515,1563,3.619365003E7,2025-10-26
I1000516,1964,1.7403628985E8,2025-09-15
I1000517,1961,2.7034627164E8,2025-10-06
I1000518,156,7171665.95,2025-10-07
I1000519,1560,7.78893766E7,2025-10-23
I1000520,1675,5.550513354E7,2025-10-16
I1000521,523,6.422157669E7,2025-10-09
I1000522,975,1.4559781471E8,2025-10-23
I1000523,1558,5.701304318E7,2025-10-01
I1000524,984,6.878713007E7,2025-10-02
I1000525,362,2.917967503E7,2025-10-14
I1000526,303,7218180.44,2025-10-16
I1000527,571,3.222164773E7,2025-09-22
I1000528,1506,8.820628874E7,2025-09-17
I1000529,1915,2.013869005E7,2025-10-01
I1000530,1284,1.0771724974E8,2025-10-13
I1000531,1632,1.415493265E7,2025-10-07
I1000532,629,7.562719288E7,2025-10-26
I1000533,229,1.855099522E7,2025-09-03
I1000534,1426,6.817810561E7,2025-10-23
I1000535,173,2.217801458E7,2025-09-13
I1000536,1895,2.2998822621E8,2025-10-06
I1000537,1618,4.484714302E7,2025-10-06
I1000538,1634,1.2196171257E8,2025-09-18
I1000539,997,5.673023173E7,2025-09-04
I1000540,319,2.459338325E7,2025-10-21
I1000541,1488,7.391907552E7,2025-09-07
I1000542,1193,7.398672299E7,2025-10-24
I1000543,559,6.806542784E7,2025-09-05
I1000544,1828,1.1584364489E8,2025-09-11
I1000545,1607,8.278990053E7,2025-09-04
I1000546,1191,9.841256019E7,2025-10-12
I1000547,641,5.900826476E7,2025-10-04
I1000548,86,7273494.24,2025-10-29
I1000549,1611,1.9312546044E8,2025-10-13
I1000550,249,7003972.69,2025-09-27
I1000551,1390,1.9752689435E8,2025-09-23
I1000552,1654,9.721624507E7,2025-09-19
I1000553,210,1.665761175E7,2025-09-02
I1000554,1730,1.4138879187E8,2025-10-08
I1000555,1363,1.9206257592E8,2025-09-14
I1000556,1295,8.139489521E7,2025-09-25
I1000557,881,1.0291526558E8,2025-10-16
I1000558,350,2.075865099E7,2025-10-12
I1000559,1048,1.1370374775E8,2025-10-24
I1000560,1940,1.9041626272E8,2025-10-07
I1000561,987,1.4289244759E8,2025-10-11
I1000562,1956,1.1664064108E8,2025-10-02
I1000563,716,1.455282061E7,2025-09-27
I1000564,1240,1.0705598192E8,2025-10-04
I1000565,458,1.259722952E7,2025-10-05
I1000566,376,1.317892519E7,2025-10-24
I1000567,195,2.020956508E7,2025-09-15
I1000568,223,3.290744817E7,2025-10-16
I1000569,1931,2.5965202738E8,2025-10-05
I1000570,1340,4.012455623E7,2025-09-16
I1000571,1336,1.8436034826E8,2025-10-17
I1000572,326,3.659674179E7,2025-10-03
I1000573,1196,5.518919421E7,2025-10-16
I1000574,75,9667752.5,2025-09-05
I1000575,1960,2.0730281635E8,2025-09-10
I1000576,733,4.685023247E7,2025-09-19
I1000577,112,347870.1,2025-09-19
I1000578,287,5979947.95,2025-10-16
I1000579,1305,5.11065579E7,2025-10-23
I1000580,863,1.0737211516E8,2025-09-13
I1000581,224,2.296078293E7,2025-09-18
I1000582,654,8.762000602E7,2025-09-02
I1000583,1854,1276127.19,2025-09-17
I1000584,448,2.917507078E7,2025-10-01
I1000585,850,8.856561864E7,2025-10-20
I1000586,553,5871069.55,2025-09-07
I1000587,820,1193979.74,2025-09-15
I1000588,1861,2.0806960324E8,2025-09-10
I1000589,297,3.912897184E7,2025-10-20
I1000590,76,272197.34,2025-09-10
I1000591,1109,1.14483467E7,2025-10-08
I1000592,1326,6.642704239E7,2025-09-09
I1000593,1779,2.4464114238E8,2025-09-17
I1000594,608,2.546555682E7,2025-09-28
I1000595,1563,1.0820058567E8,2025-09-09
I1000596,157,1.938046063E7,2025-10-26
I1000597,1446,1.6384302139E8,2025-10-22
I1000598,1051,5.918469083E7,2025-09-19
I1000599,580,4.806071658E7,2025-09-20
I1000600,831,8.058910641E7,2025-09-02
I1000601,987,1.331861969E8,2025-10-24
I1000602,392,2.835146598E7,2025-10-18
I1000603,1770,2.121973928E8,2025-10-12
I1000604,1485,1.4442542642E8,2025-09-08
I1000605,630,4.352167167E7,2025-09-28
I1000606,603,8.293304756E7,2025-09-05
I1000607,740,9.930917853E7,2025-10-21
I1000608,1715,1.7000387722E8,2025-09-07
I1000609,505,2.730017431E7,2025-09-09
I1000610,465,4.677295254E7,2025-09-07
I1000611,515,4.481102208E7,2025-09-18
I1000612,1969,1.9671494975E8,2025-10-29
I1000613,751,4.596076256E7,2025-09-11
I1000614,700,1.077255488E7,2025-09-27
I1000615,1959,7.225261049E7,2025-10-20
I1000616,792,7.878341827E7,2025-09-12
I1000617,378,2.213207288E7,2025-09-05
I1000618,1239,7.640675559E7,2025-09-18
I1000619,362,2.817839578E7,2025-10-27
I1000620,1588,6.613658312E7,2025-09-26
I1000621,785,2.420695986E7,2025-09-24
I1000622,1328,1.800811803E7,2025-10-11
I1000623,85,3214048.77,2025-09-18
I1000624,512,4.599720598E7,2025-09-23
I1000625,273,2475300.67,2025-09-25
I1000626,553,5.573763835E7,2025-10-20
I1000627,523,6.26768074E7,2025-10-21
I1000628,179,7574068.55,2025-09-28
I1000629,677,6.118983028E7,2025-09-03
I1000630,1991,2.5919823125E8,2025-09-26
I1000631,185,2.5393009E7,2025-10-03
I1000632,1638,1.721893242E8,2025-09-17
I1000633,1881,1.2364009316E8,2025-10-01
I1000634,591,2.363604531E7,2025-10-03
I1000635,508,3.945507813E7,2025-10-26
I1000636,211,1.614959875E7,2025-10-29
I1000637,1792,1.214384035E7,2025-09-22
I1000638,1237,9.916898973E7,2025-09-30
I1000639,744,7.192329403E7,2025-10-10
I1000640,274,3.538003129E7,2025-10-28
I1000641,640,8643825.49,2025-09-15
I1000642,1239,4.298775489E7,2025-09-09
I1000643,1669,9.318570969E7,2025-09-05
I1000644,666,4.626826722E7,2025-09-03
I1000645,1034,1.4497201405E8,2025-09-20
I1000646,177,1.943613627E7,2025-09-06
I1000647,1845,1.5791307116E8,2025-09-16
I1000648,640,3.661538724E7,2025-09-03
I1000649,1748,2.1141116506E8,2025-09-01
I1000650,115,1.285797833E7,2025-10-11
I1000651,230,2.534878697E7,2025-09-25
I1000652,1808,2.5398662267E8,2025-09-24
I1000653,1025,4.20840728E7,2025-09-07
I1000654,156,2.109060103E7,2025-10-31
I1000655,337,3.614501198E7,2025-09-24
I1000656,1529,2.240808665E7,2025-09-02
I1000657,1923,2.8107461509E8,2025-10-07
I1000658,615,4.897447792E7,2025-09-07
I1000659,1118,1.3440644248E8,2025-09-19
I1000660,777,7.346684316E7,2025-09-19
I1000661,826,8.331021654E7,2025-09-04
I1000662,498,2.288561253E7,2025-10-22
I1000663,51,7053993.52,2025-10-28
I1000664,134,5863278.33,2025-09-09
I1000665,180,2.130291075E7,2025-10-25
I1000666,1819,2.664146008E8,2025-10-19
I1000667,422,5.181506879E7,2025-10-04
I1000668,775,4.341861685E7,2025-09-11
I1000669,706,8.127423238E7,2025-09-29
I1000670,521,4.014574429E7,2025-10-24
I1000671,685,1.508600769E7,2025-09-07
I1000672,1962,2.0163731087E8,2025-10-01
I1000673,1527,1.3589113547E8,2025-09-04
I1000674,1705,1.0940875637E8,2025-09-18
I1000675,1773,6.222446547E7,2025-10-14
I1000676,576,8.211549509E7,2025-10-20
I1000677,1367,4.321285696E7,2025-10-05
I1000678,419,5.861570187E7,2025-09-17
I1000679,1646,2.4008393283E8,2025-10-11
I1000680,397,5.216866982E7,2025-10-22
I1000681,1905,5.588630103E7,2025-10-31
I1000682,958,1.264709612E7,2025-10-13
I1000683,1438,2.0384209884E8,2025-09-13
I1000684,901,6.52797581E7,2025-09-29
I1000685,1109,1.3993563774E8,2025-09-30
I1000686,1133,6.909902377E7,2025-09-06
I1000687,127,1.783550964E7,2025-10-19
I1000688,1474,4.801663905E7,2025-10-09
I1000689,163,2.440594329E7,2025-10-14
I1000690,716,8400776.25,2025-09-26
I1000691,795,1.1138067988E8,2025-10-15
I1000692,154,9050681.89,2025-10-23
I1000693,1247,1.5513823359E8,2025-10-09
I1000694,1703,2.023720904E7,2025-10-02
I1000695,62,720958.29,2025-10-18
I1000696,1619,1.4702154631E8,2025-10-05
I1000697,1891,2.1700772178E8,2025-09-26
I1000698,481,2.784501182E7,2025-09-25
I1000699,1007,1.054602516E7,2025-09-24
I1000700,116,5733882.11,2025-10-21
I1000701,1930,1.8420712557E8,2025-09-12
I1000702,647,2.511944978E7,2025-09-30
I1000703,301,1.594538697E7,2025-10-08
I1000704,1289,8.613984855E7,2025-10-29
I1000705,1838,2.2748044695E8,2025-09-02
I1000706,284,3.357030252E7,2025-09-14
I1000707,1828,2.6509845515E8,2025-10-01
I1000708,1409,4.665530623E7,2025-09-02
I1000709,974,1.3461493721E8,2025-09-01
I1000710,280,9044807.85,2025-10-31
I1000711,1703,5.819371977E7,2025-09-06
I1000712,453,4.793338579E7,2025-09-08
I1000713,279,1.272726866E7,2025-10-28
I1000714,96,8365845.66,2025-10-21
I1000715,740,1.070755065E8,2025-09-08
I1000716,226,1.978295821E7,2025-09-11
I1000717,1999,7.064644246E7,2025-10-12
I1000718,821,1.1950471402E8,2025-09-13
I1000719,696,5.646248116E7,2025-10-04
I1000720,694,1.442733133E7,2025-10-31
I1000721,1783,1.9086340512E8,2025-09-25
I1000722,1442,1.5672744227E8,2025-10-17
I1000723,887,4.139033167E7,2025-09-01
I1000724,1651,1.1525251116E8,2025-09-05
I1000725,870,5.067654057E7,2025-09-18
I1000726,1006,1.3826675476E8,2025-09-30
I1000727,142,1.945451243E7,2025-09-11
I1000728,1058,1.1825220872E8,2025-09-20
I1000729,1324,1.1449985727E8,2025-10-20
I1000730,976,1.0360120992E8,2025-09-12
I1000731,768,2.32535556E7,2025-10-01
I1000732,269,1.704688336E7,2025-10-06
I1000733,1924,6.434796981E7,2025-10-09
I1000734,203,2161511.88,2025-09-04
I1000735,1302,1.881837721E8,2025-09-26
I1000736,1078,1.4509278479E8,2025-09-12
I1000737,229,6481678.85,2025-09-02
I1000738,515,3.42260103E7,2025-09-19
I1000739,1284,6.456655344E7,2025-09-21
I1000740,305,3.32359403E7,2025-10-03
I1000741,1536,2.2903650041E8,2025-09-08
I1000742,569,4.544685854E7,2025-09-03
I1000743,675,8.891392237E7,2025-09-22
I1000744,1124,8.653731412E7,2025-09-08
I1000745,1607,2.4079150478E8,2025-10-02
I1000746,1389,7.565661201E7,2025-09-18
I1000747,1900,4.847668243E7,2025-09-10
I1000748,1670,1.7530640391E8,2025-09-07
I1000749,1255,1.1680598013E8,2025-10-06
I1000750,311,6630731.12,2025-10-02
I1000751,652,1.538939135E7,2025-10-07
I1000752,1195,1.6872275071E8,2025-09-18
I1000753,1477,1.978777609E7,2025-09-14
I1000754,1141,1.0546555122E8,2025-10-10
I1000755,680,2.845713816E7,2025-09-30
I1000756,1757,1.250533856E7,2025-09-29
I1000757,1362,5983254.96,2025-10-02
I1000758,871,5.056975999E7,2025-09-16
I1000759,1924,1.6468360216E8,2025-10-07
I1000760,1023,8.711463396E7,2025-10-05
I1000761,411,4.6905658E7,2025-09-17
I1000762,1983,2.6123460813E8,2025-09-30
I1000763,250,1.611317467E7,2025-09-19
I1000764,1833,2.74018603E7,2025-09-17
I1000765,1797,1.8678765737E8,2025-09-23
I1000766,1635,1.5238302685E8,2025-09-08
I1000767,802,9.388701671E7,2025-10-04
I1000768,380,1.391683765E7,2025-10-06
I1000769,1562,5.64656875E7,2025-10-07
I1000770,492,6.364948876E7,2025-10-30
I1000771,341,3.575127347E7,2025-09-03
I1000772,1407,1.5253360898E8,2025-09-15
I1000773,1481,6226916.63,2025-10-07
I1000774,1036,9.430644121E7,2025-09-14
I1000775,145,4542195.86,2025-09-30
I1000776,101,1.167550178E7,2025-10-31
I1000777,1518,1.4734820041E8,2025-10-09
I1000778,1283,1.9192578421E8,2025-10-27
I1000779,1989,2.9027687161E8,2025-09-24
I1000780,726,9.347069718E7,2025-10-30
I1000781,1842,3.61928622E7,2025-09-18
I1000782,775,1.1474000486E8,2025-10-16
I1000783,1455,1.4549072892E8,2025-09-25
I1000784,1480,1.4160070053E8,2025-09-28
I1000785,1255,1.3442786431E8,2025-09-24
I1000786,1403,5.985743143E7,2025-10-21
I1000787,800,6.88912418E7,2025-09-10
I1000788,1305,1.529988173E7,2025-10-23
I1000789,1811,1.9562692773E8,2025-09-12
I1000790,1783,1.0588649016E8,2025-09-02
I1000791,1807,2.30157239E7,2025-10-04
I1000792,236,2.243231225E7,2025-10-18
I1000793,1713,8.24661545E7,2025-09-16
I1000794,1276,1.90870027E7,2025-10-14
I1000795,1844,1.6333756491E8,2025-10-16
I1000796,1902,2.3786743223E8,2025-09-17
I1000797,95,1796122.3,2025-10-19
I1000798,960,9.653429102E7,2025-09-30
I1000799,1506,7083040.2,2025-09-09
I1000800,1078,1.4623767117E8,2025-10-28
I1000801,734,9.069428204E7,2025-10-17
I1000802,1888,1.5093548332E8,2025-09-19
I1000803,467,4.571954664E7,2025-10-05
I1000804,651,9.633443369E7,2025-09-01
I1000805,1300,3.092242377E7,2025-10-08
I1000806,272,3.242249717E7,2025-09-19
I1000807,943,1.099277743E8,2025-10-19
I1000808,290,1.327344671E7,2025-10-27
I1000809,1090,1.0434669267E8,2025-09-24
I1000810,1815,2.0587891976E8,2025-10-29
I1000811,1245,3.25594651E7,2025-10-22
I1000812,971,3.593715913E7,2025-09-08
I1000813,1990,6.482056031E7,2025-10-12
I1000814,1132,5.592467266E7,2025-10-03
I1000815,204,1.185332498E7,2025-10-14
I1000816,392,5.81422786E7,2025-09-14
I1000817,1968,1.2804732926E8,2025-09-12
I1000818,1277,6638073.27,2025-09-14
I1000819,1459,8.983318121E7,2025-09-18
I1000820,1814,8.258618988E7,2025-10-13
I1000821,1187,1.0519116938E8,2025-10-06
I1000822,1901,1.2224874481E8,2025-09-11
I1000823,688,2337269.49,2025-09-24
I1000824,53,3746664.48,2025-10-31
I1000825,1820,1.3694990296E8,2025-09-03
I1000826,650,7.734101479E7,2025-10-30
I1000827,997,3.542196282E7,2025-09-27
I1000828,1825,1.6074685082E8,2025-10-19
I1000829,1138,1.0915874818E8,2025-09-19
I1000830,322,2.429005405E7,2025-09-07
I1000831,1139,9.782190079E7,2025-10-23
I1000832,648,1.899878128E7,2025-09-17
I1000833,899,8411002.59,2025-09-02
I1000834,1657,2.2946424055E8,2025-10-28
I1000835,626,2456288.99,2025-10-24
I1000836,1378,1.192962206E8,2025-09-07
I1000837,934,1.366806075E7,2025-10-27
I1000838,1014,9.753514768E7,2025-09-07
I1000839,1475,1.9708925846E8,2025-09-27
I1000840,502,3.592599505E7,2025-10-27
I1000841,1063,1.5898913134E8,2025-10-28
I1000842,1679,1.1498749167E8,2025-09-16
I1000843,1991,4.675766231E7,2025-10-27
I1000844,1422,1.0732802217E8,2025-09-15
I1000845,1183,7.834476351E7,2025-10-02
I1000846,1702,1.8404850691E8,2025-10-17
I1000847,611,3.633927847E7,2025-10-28
I1000848,1266,1.7791996126E8,2025-10-02
I1000849,879,8.988599779E7,2025-10-01
I1000850,180,1.147290304E7,2025-10-24
I1000851,1513,7.552472764E7,2025-09-02
I1000852,1458,3.612162797E7,2025-09-09
I1000853,1640,7.986129986E7,2025-09-30
I1000854,594,5.529947871E7,2025-10-06
I1000855,1385,1.2840237478E8,2025-09-03
I1000856,957,5.049445139E7,2025-10-20
I1000857,1723,2.3715768614E8,2025-09-20
I1000858,1607,2.2807117055E8,2025-10-01
I1000859,938,6.529439858E7,2025-10-13
I1000860,1328,2.012886954E7,2025-10-24
I1000861,858,8.085663456E7,2025-10-12
I1000862,1566,8.114713277E7,2025-10-19
I1000863,195,2.68626507E7,2025-10-02
I1000864,580,6.032663024E7,2025-10-04
I1000865,590,4.9544019E7,2025-10-05
I1000866,58,5642809.1,2025-10-11
I1000867,1777,1.8605186346E8,2025-09-20
I1000868,677,8.065748105E7,2025-09-10
I1000869,1537,9.849173967E7,2025-09-19
I1000870,1033,9.861888711E7,2025-09-26
I1000871,771,8.617381642E7,2025-10-01
I1000872,1353,1.416644573E7,2025-10-04
I1000873,791,7.094112961E7,2025-09-28
I1000874,111,1.434299914E7,2025-10-17
I1000875,423,4.756862329E7,2025-10-10
I1000876,544,5.692613258E7,2025-10-08
I1000877,1720,2.574043132E7,2025-09-08
I1000878,1171,2.294286006E7,2025-09-04
I1000879,689,4167550.21,2025-10-12
I1000880,1775,1.250216616E7,2025-10-29
I1000881,1484,3.146763852E7,2025-10-21
I1000882,930,1.0701891679E8,2025-09-07
I1000883,1695,1.0930575643E8,2025-09-14
I1000884,1926,9.075478806E7,2025-10-11
I1000885,1048,8.251248645E7,2025-10-24
I1000886,1192,1.4684655789E8,2025-09-14
I1000887,497,6.17378705E7,2025-09-06
I1000888,862,8.414312706E7,2025-10-01
I1000889,1454,1.2323766298E8,2025-10-15
I1000890,1071,1.2763096997E8,2025-09-14
I1000891,852,1.100114462E7,2025-09-19
I1000892,1657,1.8725863381E8,2025-09-01
I1000893,1133,1.1621510856E8,2025-10-29
I1000894,1452,2.737650718E7,2025-09-09
I1000895,413,4.569024469E7,2025-09-30
I1000896,1751,1.453898994E7,2025-09-07
I1000897,565,5.275656016E7,2025-09-30
I1000898,170,7278068.29,2025-10-10
I1000899,1182,3.019460526E7,2025-09-10
I1000900,1609,1.5227010843E8,2025-10-18
I1000901,1849,2.0768779605E8,2025-09-01
I1000902,134,2259581.5,2025-10-14
I1000903,1105,5.471139607E7,2025-09-03
I1000904,937,1.0480314505E8,2025-10-10
I1000905,970,1.2001333912E8,2025-09-03
I1000906,1614,3.52617768E7,2025-09-14
I1000907,1027,1.0774669516E8,2025-10-13
I1000908,269,5014909.16,2025-09-29
I1000909,1031,1.2536128233E8,2025-09-18
I1000910,1299,1.1273186781E8,2025-09-18
I1000911,1843,6.775191487E7,2025-10-30
I1000912,457,6.127834123E7,2025-10-01
I1000913,1781,1.0933369538E8,2025-09-11
I1000914,1439,1.1893387293E8,2025-09-17
I1000915,438,1.192912517E7,2025-09-16
I1000916,1903,1.3585562489E8,2025-10-02
I1000917,1110,1.5828462984E8,2025-09-17
I1000918,947,1.3717757069E8,2025-09-08
I1000919,1066,1.5667798887E8,2025-10-13
I1000920,703,2.452382548E7,2025-09-01
I1000921,1315,5.056464219E7,2025-09-17
I1000922,104,1.117293656E7,2025-10-03
I1000923,1935,2.961295275E7,2025-09-20
I1000924,1023,5.523089558E7,2025-10-13
I1000925,1316,5.444462496E7,2025-09-11
I1000926,496,6.136959012E7,2025-10-15
I1000927,373,1.7964427E7,2025-09-29
I1000928,1892,2.0333722385E8,2025-09-10
I1000929,374,2.943823077E7,2025-10-01
I1000930,1838,1.1355659698E8,2025-09-10
I1000931,102,6391286.56,2025-09-21
I1000932,1565,2709220.44,2025-09-11
I1000933,1703,1.6910459503E8,2025-10-18
I1000934,1710,2.4884251468E8,2025-09-26
I1000935,1403,1.3818688187E8,2025-09-29
I1000936,991,1.4140066939E8,2025-10-12
I1000937,341,3.591639109E7,2025-09-13
I1000938,1285,1.2290627918E8,2025-10-16
I1000939,551,3263635.15,2025-09-09
I1000940,491,3896753.01,2025-09-20
I1000941,1427,8.038827472E7,2025-10-10
I1000942,1005,4.634448075E7,2025-10-28
I1000943,896,3.435737886E7,2025-10-31
I1000944,1985,1.2729519941E8,2025-09-03
I1000945,395,1.425380935E7,2025-10-01
I1000946,1038,1.197471298E8,2025-09-20
I1000947,1492,4.568779859E7,2025-09-12
I1000948,1036,7.731804109E7,2025-10-07
I1000949,1120,9.650717738E7,2025-09-21
I1000950,1797,2.2039215111E8,2025-09-28
I1000951,1302,6.3734414E7,2025-10-21
I1000952,1471,1.1259406896E8,2025-09-23
I1000953,1832,1.9761280207E8,2025-09-04
I1000954,846,4.889550585E7,2025-09-29
I1000955,731,4403187.65,2025-09-18
I1000956,1127,5.206181438E7,2025-09-04
I1000957,1006,1.809687395E7,2025-09-08
I1000958,335,8258106.08,2025-10-27
I1000959,1424,1.175119032E7,2025-09-14
I1000960,554,4897818.41,2025-09-15
I1000961,1559,1.2521651548E8,2025-09-18
I1000962,347,1.986157376E7,2025-10-28
I1000963,1381,5.87239755E7,2025-10-12
I1000964,1360,3.786709658E7,2025-10-16
I1000965,704,4.899699558E7,2025-09-24
I1000966,1165,8.706504739E7,2025-09-23
I1000967,1553,8.030458329E7,2025-10-30
I1000968,1163,1.3343576435E8,2025-09-26
I1000969,719,8.381819786E7,2025-09-17
I1000970,674,3.801476276E7,2025-10-27
I1000971,1895,2.1915760057E8,2025-10-27
I1000972,450,3.190601544E7,2025-09-15
I1000973,1457,1.3980548039E8,2025-09-18
I1000974,1406,1.7764739735E8,2025-10-15
I1000975,677,1.20856428E7,2025-10-23
I1000976,1748,1.7796851987E8,2025-09-07
I1000977,1041,6.903165394E7,2025-10-22
I1000978,347,3.808001643E7,2025-09-10
I1000979,1556,1.1869282843E8,2025-09-28
I1000980,156,6812719.87,2025-10-27
I1000981,872,8.90490273E7,2025-09-11
I1000982,1239,1.28703046E8,2025-10-06
I1000983,764,4098530.65,2025-10-14
I1000984,793,1.591477539E7,2025-09-23
I1000985,482,7.059394928E7,2025-09-03
I1000986,777,3.5199784E7,2025-09-30
I1000987,510,1347630.22,2025-09-27
I1000988,1944,2.9135153817E8,2025-10-11
I1000989,1252,1.0633875827E8,2025-10-20
I1000990,1431,1.3629320861E8,2025-09-09
I1000991,161,2148906.55,2025-10-08
I1000992,81,7398961.45,2025-10-17
I1000993,260,1.726598724E7,2025-09-21
I1000994,210,1.655796651E7,2025-10-08
I1000995,1032,1.5040419643E8,2025-09-18
I1000996,390,455557.85,2025-10-07
I1000997,1143,1.2288442701E8,2025-09-30
I1000998,807,8.091191756E7,2025-09-11
I1000999,434,2.605080665E7,2025-09-13
I1001000,1825,1.6580473952E8,2025-09-17
I1001001,369,4.902058018E7,2025-09-16
I1001002,907,3.181357601E7,2025-10-09
I1001003,407,2.320911599E7,2025-09-29
I1001004,402,2643598.23,2025-09-07
I1001005,104,2318329.03,2025-09-09
I1001006,406,3.632763778E7,2025-09-26
I1001007,1427,4.656522083E7,2025-09-05
I1001008,79,1.113350256E7,2025-09-28
I1001009,562,3.206245551E7,2025-09-15
I1001010,1702,7.390085871E7,2025-09-07
I1001011,1439,1.3165816011E8,2025-10-28
I1001012,810,6.54945685E7,2025-09-07
I1001013,672,8.915227301E7,2025-09-16
I1001014,1474,4.286584585E7,2025-09-05
I1001015,404,1.902311405E7,2025-09-22
I1001016,314,1.058701997E7,2025-10-06
I1001017,1343,1.3491745805E8,2025-10-13
I1001018,1348,1.5365601333E8,2025-09-23
I1001019,1690,1.551308362E7,2025-09-06
I1001020,479,5.473240787E7,2025-09-24
I1001021,1984,1.40005171E8,2025-09-04
I1001022,410,2.892354142E7,2025-10-03
I1001023,235,3.408435652E7,2025-10-30
I1001024,329,2.730596129E7,2025-10-04
I1001025,777,9.513549238E7,2025-09-21
I1001026,411,1.148843379E7,2025-10-04
I1001027,173,1.544479812E7,2025-09-29
I1001028,1501,9.13441085E7,2025-10-16
I1001029,1477,2417004.73,2025-10-20
I1001030,1642,1.6881848829E8,2025-10-22
I1001031,1814,1.9969242789E8,2025-09-05
I1001032,484,4.191184543E7,2025-09-23
I1001033,1489,8.575699208E7,2025-09-07
I1001034,804,6.945862219E7,2025-09-03
I1001035,912,5.755352212E7,2025-09-25
I1001036,320,8526877.17,2025-10-29
I1001037,290,3.175199517E7,2025-10-22
I1001038,123,1.312534267E7,2025-09-12
I1001039,959,1.2611129501E8,2025-10-16
I1001040,1596,8968487.29,2025-09-08
I1001041,1026,1.3111196192E8,2025-09-02
I1001042,969,1.1137087517E8,2025-10-07
I1001043,1868,2.340010262E7,2025-10-07
I1001044,722,5.248076739E7,2025-09-09
I1001045,730,1634944.8,2025-09-25
I1001046,791,4.713139657E7,2025-09-04
I1001047,387,2.47013981E7,2025-10-13
I1001048,628,2.782440593E7,2025-09-20
I1001049,1422,1.1002892562E8,2025-09-13
I1001050,837,4.29470249E7,2025-10-18
I1001051,60,6228209.19,2025-09-25
I1001052,1708,1.3286732432E8,2025-09-27
I1001053,169,2.00332595E7,2025-09-21
I1001054,1866,1.2780234368E8,2025-10-16
I1001055,1405,1.3979094563E8,2025-10-04
I1001056,1096,3.628923779E7,2025-09-18
I1001057,1923,3.476576116E7,2025-10-29
I1001058,536,7.821224419E7,2025-10-16
I1001059,1868,1.0456701611E8,2025-10-21
I1001060,107,7213748.89,2025-10-03
I1001061,202,1.201225343E7,2025-10-15
I1001062,1373,1.3246299527E8,2025-10-30
I1001063,1254,1.151000986E8,2025-10-10
I1001064,887,8.236338742E7,2025-09-15
I1001065,174,826540.56,2025-10-07
I1001066,633,4727053.03,2025-09-24
I1001067,1900,2.6611137154E8,2025-09-12
I1001068,554,4.738600033E7,2025-09-16
I1001069,1579,2.2483740097E8,2025-09-10
I1001070,453,2.549286351E7,2025-10-27
I1001071,1190,2.582766488E7,2025-09-02
I1001072,1728,2.5051218257E8,2025-09-28
I1001073,1788,1.398039563E8,2025-09-29
I1001074,393,3.345208411E7,2025-09-09
I1001075,470,4515707.87,2025-10-04
I1001076,1073,9.603477675E7,2025-09-04
I1001077,1590,1.0675303118E8,2025-09-09
I1001078,501,4.423339944E7,2025-10-20
I1001079,704,5.597062168E7,2025-10-04
I1001080,1719,1.854326268E7,2025-09-09
I1001081,506,3.474564447E7,2025-10-31
I1001082,1425,1.605587962E8,2025-10-17
I1001083,1795,1.8467021943E8,2025-10-15
I1001084,301,3.075372907E7,2025-10-07
I1001085,980,3.776636914E7,2025-09-20
I1001086,1944,1.8970519491E8,2025-09-07
I1001087,364,5.359819019E7,2025-09-16
I1001088,1595,1.7634009785E8,2025-10-11
I1001089,1921,5300031.61,2025-10-30
I1001090,1995,9.018730099E7,2025-10-30
I1001091,1504,1.7077661068E8,2025-10-31
I1001092,1279,8.085880572E7,2025-09-25
I1001093,1991,1.5759943869E8,2025-10-04
I1001094,1477,2.581811761E7,2025-09-15
I1001095,1866,9.799684305E7,2025-09-14
I1001096,129,1.027392716E7,2025-10-02
I1001097,412,2461626.08,2025-09-24
I1001098,670,4.466026672E7,2025-10-23
I1001099,834,5745144.52,2025-10-20
I1001100,86,174143.57,2025-10-05
I1001101,972,2.460004571E7,2025-10-25
I1001102,1998,1.3707622741E8,2025-10-28
I1001103,1527,1.3286332489E8,2025-10-12
I1001104,1902,2.3217209564E8,2025-09-15
I1001105,1028,4.182519434E7,2025-09-20
I1001106,810,1.524318973E7,2025-10-07
I1001107,593,2.042730365E7,2025-10-18
I1001108,1520,1.1060818484E8,2025-10-01
I1001109,1846,2.3298573838E8,2025-10-30
I1001110,755,4219141.36,2025-09-06
I1001111,570,7.585343277E7,2025-10-23
I1001112,1473,1.2261444869E8,2025-09-16
I1001113,1756,1.6071763687E8,2025-10-26
I1001114,769,6.353016339E7,2025-09-27
I1001115,401,3.509785927E7,2025-09-30
I1001116,567,5272405.19,2025-10-06
I1001117,50,2112000.83,2025-09-25
I1001118,1565,6030794.8,2025-09-23
I1001119,1988,1.5418147921E8,2025-09-07
I1001120,1192,9.706692712E7,2025-09-05
I1001121,1415,1.5039238152E8,2025-10-29
I1001122,1085,4.322673932E7,2025-09-04
I1001123,1369,1.9251261499E8,2025-09-21
I1001124,1636,6.824477625E7,2025-10-16
I1001125,1208,8.066127269E7,2025-10-06
I1001126,1877,1.2384360251E8,2025-09-18
I1001127,1262,4.991520427E7,2025-09-18
I1001128,1454,1.555758607E7,2025-10-22
I1001129,1833,8.556008969E7,2025-09-09
I1001130,440,3549548.99,2025-10-19
I1001131,465,4322016.47,2025-09-07
I1001132,230,3.442505185E7,2025-09-19
I1001133,1098,1.0087648269E8,2025-10-02
I1001134,1049,5.223506873E7,2025-09-27
I1001135,915,1.3011569122E8,2025-10-23
I1001136,1535,2.1579640581E8,2025-10-08
I1001137,1516,1.409178143E8,2025-10-21
I1001138,408,1.516909815E7,2025-10-27
I1001139,836,9.187604449E7,2025-09-03
I1001140,1822,1.073023291E7,2025-09-02
I1001141,1114,8.975257222E7,2025-09-24
I1001142,1617,2.041387451E8,2025-10-21
I1001143,1655,9.224766554E7,2025-10-20
I1001144,1126,4.048894282E7,2025-09-21
I1001145,1923,1.2723779387E8,2025-09-10
I1001146,1877,1.031909601E7,2025-09-02
I1001147,1250,3.520094165E7,2025-10-31
I1001148,1643,1.6522911869E8,2025-10-01
I1001149,338,476512.9,2025-09-26
I1001150,805,9.956621375E7,2025-09-01
I1001151,416,3.887334543E7,2025-10-31
I1001152,1049,7.893413946E7,2025-09-08
I1001153,598,7678212.87,2025-10-20
I1001154,562,2.264340322E7,2025-09-29
I1001155,1022,1.2323136927E8,2025-09-28
I1001156,1476,1.6122077702E8,2025-09-21
I1001157,482,4.674327235E7,2025-09-10
I1001158,1549,4889153.78,2025-10-16
I1001159,1262,1.8144481262E8,2025-09-29
I1001160,99,5269516.11,2025-09-16
I1001161,1120,1.3251996318E8,2025-09-28
I1001162,1378,1.2741493412E8,2025-10-31
I1001163,309,2.515923674E7,2025-09-10
I1001164,1732,1.1413329021E8,2025-09-01
I1001165,1552,1.5962684456E8,2025-10-29
I1001166,497,1.598256139E7,2025-10-20
I1001167,366,5.388664115E7,2025-10-09
I1001168,742,5.311954996E7,2025-09-21
I1001169,1292,1.8903730486E8,2025-09-23
I1001170,177,1.122647768E7,2025-09-20
I1001171,188,1.280429117E7,2025-09-08
I1001172,1313,1.7786479667E8,2025-09-17
I1001173,1428,3.640232432E7,2025-09-22
I1001174,1926,4.432124936E7,2025-10-09
I1001175,378,1.329004085E7,2025-09-08
I1001176,393,2.188231773E7,2025-09-13
I1001177,1267,6.108657839E7,2025-09-22
I1001178,1848,1.1870334745E8,2025-09-03
I1001179,416,3305624.83,2025-10-03
I1001180,1951,1.022687635E8,2025-10-24
I1001181,1771,5.642006501E7,2025-10-25
I1001182,874,2.360855344E7,2025-09-05
I1001183,795,8.019644229E7,2025-09-06
I1001184,633,5712666.62,2025-10-03
I1001185,1051,1.1391805608E8,2025-09-02
I1001186,993,8.701073444E7,2025-10-22
I1001187,60,2052051.51,2025-09-06
I1001188,1388,1.8464501109E8,2025-09-26
I1001189,399,3.593629512E7,2025-09-18
I1001190,1079,1.5953162676E8,2025-10-07
I1001191,749,7345942.58,2025-09-06
I1001192,369,4.321980828E7,2025-09-26
I1001193,1151,6.659204545E7,2025-09-21
I1001194,574,1440789.59,2025-10-15
I1001195,1355,8.436857098E7,2025-09-26
I1001196,768,1.1141944787E8,2025-09-27
I1001197,913,1.3504707397E8,2025-10-03
I1001198,1351,6.496786571E7,2025-09-10
I1001199,83,5585073.16,2025-10-07
I1001200,1643,1.2314063353E8,2025-10-30
I1001201,378,5.654019888E7,2025-10-17
I1001202,824,8.245136886E7,2025-09-10
I1001203,483,3.102118997E7,2025-10-30
I1001204,676,8919404.89,2025-10-30
I1001205,1571,2.2974205445E8,2025-10-12
I1001206,1735,2.230103737E7,2025-09-13
I1001207,292,1.060154932E7,2025-10-19
I1001208,199,1.735257008E7,2025-09-04
I1001209,169,1.356015585E7,2025-09-06
I1001210,1913,1.1917089438E8,2025-10-22
I1001211,1023,7.290465336E7,2025-09-26
I1001212,130,1177132.7,2025-10-13
I1001213,1106,1.3175734664E8,2025-09-28
I1001214,982,3.350838794E7,2025-10-27
I1001215,1063,5.369673644E7,2025-10-29
I1001216,390,2.957729521E7,2025-10-07
I1001217,333,4738996.59,2025-09-10
I1001218,1959,4.026917882E7,2025-09-04
I1001219,470,1.49792007E7,2025-09-09
I1001220,1566,7.291744269E7,2025-09-19
I1001221,1190,1.3490464266E8,2025-09-19
I1001222,446,2.697316217E7,2025-10-31
I1001223,1395,6477628.0,2025-09-02
I1001224,282,2.439665442E7,2025-09-07
I1001225,1817,1.8099257733E8,2025-10-05
I1001226,438,3.261892061E7,2025-09-03
I1001227,1639,2.66551406E7,2025-10-17
I1001228,1376,2.644281529E7,2025-10-21
I1001229,109,8374404.38,2025-10-07
I1001230,259,3.1603105E7,2025-10-18
I1001231,1454,3.089858902E7,2025-09-24
I1001232,1110,7.010209656E7,2025-10-02
I1001233,767,7.115923088E7,2025-09-10
I1001234,1837,1.3030162968E8,2025-09-11
I1001235,367,9140689.0,2025-09-16
I1001236,811,6.931197029E7,2025-09-06
I1001237,236,1.235988764E7,2025-10-14
I1001238,1011,7.325866063E7,2025-10-26
I1001239,349,3539118.58,2025-09-14
I1001240,251,5659147.66,2025-10-21
I1001241,838,8.770604535E7,2025-09-01
I1001242,156,1.252730849E7,2025-10-22
I1001243,211,1.352434296E7,2025-09-03
I1001244,496,7.412163427E7,2025-09-24
I1001245,1818,7259361.82,2025-10-05
I1001246,1038,3.214712643E7,2025-10-12
I1001247,1441,2.1219003801E8,2025-10-18
I1001248,975,1.3068063952E8,2025-10-07
I1001249,362,4.938975297E7,2025-09-27
I1001250,727,8.224646812E7,2025-10-17
I1001251,895,1.1278603773E8,2025-10-30
I1001252,1402,1.0026915541E8,2025-10-27
I1001253,778,3.109931836E7,2025-09-16
I1001254,1677,1.5929698475E8,2025-10-21
I1001255,1156,4.251152624E7,2025-09-24
I1001256,221,1.031283346E7,2025-09-16
I1001257,1307,1.2365046629E8,2025-09-12
I1001258,1334,1.502680434E7,2025-09-14
I1001259,1398,1.8431189894E8,2025-09-03
I1001260,1891,1.7333952111E8,2025-10-25
I1001261,1355,6430379.76,2025-10-20
I1001262,784,9.797412054E7,2025-09-10
I1001263,1614,3.782657042E7,2025-10-28
I1001264,69,2099445.19,2025-10-17
I1001265,991,9.722658661E7,2025-10-19
I1001266,634,6.936335246E7,2025-10-16
I1001267,1966,3.713978521E7,2025-10-26
I1001268,1457,1.1944597187E8,2025-09-03
I1001269,644,3.045229843E7,2025-10-08
I1001270,493,9747567.01,2025-09-08
I1001271,1381,1.5783121846E8,2025-10-12
I1001272,1438,5.176045133E7,2025-09-20
I1001273,1676,1.1637089161E8,2025-10-20
I1001274,1538,5.967656971E7,2025-10-10
I1001275,1922,8.597745387E7,2025-09-09
I1001276,989,1.1637389703E8,2025-10-04
I1001277,783,8.96244374E7,2025-10-23
I1001278,311,2.217050166E7,2025-09-13
I1001279,755,1.413862004E7,2025-10-26
I1001280,331,1775575.89,2025-09-22
I1001281,72,8951505.68,2025-10-21
I1001282,160,811274.11,2025-10-05
I1001283,1651,1.3690900569E8,2025-09-09
I1001284,1049,9.799566179E7,2025-09-17
I1001285,83,2198881.41,2025-10-18
I1001286,945,4.467364652E7,2025-09-07
I1001287,1138,2.669828364E7,2025-09-01
I1001288,1472,1.0690761357E8,2025-09-26
I1001289,1035,2.537578813E7,2025-10-12
I1001290,397,2150319.23,2025-09-23
I1001291,838,1.787476008E7,2025-10-16
I1001292,1459,2.547862683E7,2025-09-07
I1001293,691,968912.74,2025-09-21
I1001294,1180,3.783462878E7,2025-09-05
I1001295,1955,1.4989444728E8,2025-10-25
I1001296,1060,9.42746128E7,2025-10-05
I1001297,1700,3.033990055E7,2025-09-17
I1001298,1004,6.693975125E7,2025-10-11
I1001299,780,1.697854288E7,2025-09-12
I1001300,288,4081857.77,2025-10-26
I1001301,1608,1.8926577072E8,2025-09-24
I1001302,1542,1.3454919191E8,2025-09-09
I1001303,548,6.345007439E7,2025-09-28
I1001304,1874,2014893.36,2025-09-23
I1001305,467,2.747218438E7,2025-10-21
I1001306,136,8808310.61,2025-10-05
I1001307,167,2.15515602E7,2025-10-30
I1001308,305,9847196.5,2025-10-27
I1001309,748,8.79642699E7,2025-09-14
I1001310,108,2751745.21,2025-09-17
I1001311,1875,4.529333401E7,2025-10-09
I1001312,1289,3.633668127E7,2025-10-25
I1001313,1978,1.1842675876E8,2025-10-05
I1001314,1363,6.100141478E7,2025-09-04
I1001315,920,1.2940456369E8,2025-10-29
I1001316,1693,9.923869086E7,2025-10-30
I1001317,989,1.3905937336E8,2025-09-21
I1001318,368,9715469.88,2025-10-13
I1001319,659,2.831195467E7,2025-09-24
I1001320,1102,1.0068025656E8,2025-09-11
I1001321,1871,1.9680134239E8,2025-09-01
I1001322,437,4.977921996E7,2025-09-08
I1001323,218,8031951.31,2025-10-22
I1001324,1929,1.6397026409E8,2025-09-05
I1001325,1785,8.512649698E7,2025-10-30
I1001326,966,6.40694799E7,2025-10-24
I1001327,1480,3.416002372E7,2025-10-27
I1001328,1182,1.6216042016E8,2025-09-12
I1001329,1722,1.3358404466E8,2025-09-28
I1001330,1754,2.4772877119E8,2025-10-07
I1001331,1422,1.5325178353E8,2025-09-17
I1001332,1760,1.5368235084E8,2025-10-08
I1001333,807,1.1509841842E8,2025-09-01
I1001334,1147,1.3723154389E8,2025-10-23
I1001335,1275,7.600367933E7,2025-09-12
I1001336,704,8.383329361E7,2025-10-08
I1001337,1820,2.43837532E8,2025-09-11
I1001338,1866,5.809551842E7,2025-10-18
I1001339,649,2781767.79,2025-10-09
I1001340,514,4.533034327E7,2025-09-28
I1001341,124,6543220.49,2025-10-20
I1001342,903,1.425924671E7,2025-09-18
I1001343,107,3508558.75,2025-10-01
I1001344,230,8030531.78,2025-09-01
I1001345,558,2.72182307E7,2025-10-03
I1001346,1346,6.65895104E7,2025-10-26
I1001347,1470,2.125825326E8,2025-09-27
I1001348,1466,1.0124124218E8,2025-09-09
I1001349,1630,1.230687279E8,2025-10-04
I1001350,1974,1.012788557E8,2025-09-09
I1001351,198,7653965.18,2025-10-09
I1001352,148,7325212.74,2025-09-15
I1001353,1518,1.4684377504E8,2025-09-01
I1001354,472,5.84411308E7,2025-10-02
I1001355,805,3.49154715E7,2025-09-06
I1001356,1204,9.193646084E7,2025-10-17
I1001357,1576,1.1111994812E8,2025-10-24
I1001358,485,1.284146864E7,2025-09-08
I1001359,226,3.205083216E7,2025-10-13
I1001360,1016,2.769529977E7,2025-10-23
I1001361,703,2.943915433E7,2025-10-22
I1001362,1217,1.3683385853E8,2025-10-08
I1001363,1016,1.364292513E7,2025-10-16
I1001364,1037,1.3540008402E8,2025-09-21
I1001365,809,1.621432609E7,2025-09-20
I1001366,1492,1.9770858897E8,2025-09-15
I1001367,520,6.871266508E7,2025-10-16
I1001368,1327,7881372.54,2025-10-17
I1001369,1616,2.461717879E7,2025-10-27
I1001370,1933,6.892924985E7,2025-09-30
I1001371,183,2.623349769E7,2025-09-20
I1001372,180,2.635111636E7,2025-09-09
I1001373,828,1.204219781E7,2025-09-09
I1001374,1729,1.5584595111E8,2025-10-03
I1001375,346,1.991649931E7,2025-09-29
I1001376,999,7.549762673E7,2025-10-10
I1001377,1019,3.350517599E7,2025-09-01
I1001378,617,4561578.23,2025-09-10
I1001379,1919,2.733980596E8,2025-09-21
I1001380,1190,6.459534306E7,2025-10-29
I1001381,1422,1.6615508941E8,2025-10-28
I1001382,513,9734656.12,2025-09-26
I1001383,56,4357221.9,2025-09-14
I1001384,336,3.805364508E7,2025-10-06
I1001385,993,1.3125284662E8,2025-09-28
I1001386,206,7716949.47,2025-09-01
I1001387,721,6230719.56,2025-10-05
I1001388,414,4.122917025E7,2025-10-27
I1001389,659,6.126713928E7,2025-09-07
I1001390,1593,1.0911646107E8,2025-10-31
I1001391,552,7.878757619E7,2025-09-02
I1001392,655,9.539519462E7,2025-10-30
I1001393,559,6.495626931E7,2025-10-17
I1001394,638,5.621033666E7,2025-09-26
I1001395,1227,1.5415775134E8,2025-09-08
I1001396,217,1.357591204E7,2025-10-26
I1001397,228,1.892542245E7,2025-10-14
I1001398,211,839499.93,2025-10-12
I1001399,1575,1.7478904401E8,2025-09-10
I1001400,808,1.0825440195E8,2025-09-04
I1001401,1421,1.363987749E7,2025-10-07
I1001402,1249,3.980118552E7,2025-10-15
I1001403,1629,2.184833066E7,2025-10-09
I1001404,926,6.562748128E7,2025-10-01
I1001405,1960,3.344365135E7,2025-10-04
I1001406,453,2312970.59,2025-09-14
I1001407,1032,4.898968784E7,2025-09-04
I1001408,1609,2.0146799734E8,2025-09-03
I1001409,873,8.389850359E7,2025-09-03
I1001410,830,5.993883977E7,2025-09-26
I1001411,1754,2.4845827574E8,2025-09-04
I1001412,1617,5.729404322E7,2025-10-16
I1001413,1422,5.702241281E7,2025-10-26
I1001414,880,9.88792197E7,2025-09-30
I1001415,433,5.363071817E7,2025-10-25
I1001416,1979,2.0159652348E8,2025-10-20
I1001417,1492,2.2198474755E8,2025-09-20
I1001418,678,1.494035085E7,2025-09-18
I1001419,1774,2.4143249756E8,2025-09-07
I1001420,223,4786326.15,2025-10-19
I1001421,1733,1.9134767878E8,2025-10-27
I1001422,1432,1602641.38,2025-09-17
I1001423,1885,4.720660798E7,2025-09-17
I1001424,1547,1.7118717856E8,2025-09-14
I1001425,1519,1.2119509556E8,2025-09-26
I1001426,1180,4.178708713E7,2025-10-26
I1001427,1263,1.6128507485E8,2025-09-18
I1001428,408,3.865329836E7,2025-09-14
I1001429,714,7.699636875E7,2025-09-18
I1001430,714,4.271754771E7,2025-10-28
I1001431,475,3.317713906E7,2025-10-13
I1001432,1164,1.076661391E8,2025-09-24
I1001433,675,7.622551907E7,2025-09-16
I1001434,1124,1.159441188E8,2025-10-23
I1001435,1089,8.480553332E7,2025-10-13
I1001436,1099,6.922302806E7,2025-10-26
I1001437,637,2.879099981E7,2025-10-02
I1001438,820,9.464655373E7,2025-09-20
I1001439,561,2.530661801E7,2025-09-10
I1001440,921,1.411141193E7,2025-09-24
I1001441,978,1.645070631E7,2025-10-23
I1001442,840,436475.79,2025-09-26
I1001443,1436,1.1833773211E8,2025-09-29
I1001444,873,9.704576227E7,2025-09-25
I1001445,846,4.779991693E7,2025-10-03
I1001446,1049,5.284443178E7,2025-09-12
I1001447,1029,9834689.03,2025-09-06
I1001448,1402,1.1920232285E8,2025-10-08
I1001449,1190,6.32357142E7,2025-10-29
I1001450,1137,1.1768512914E8,2025-10-03
I1001451,1867,2.3503817506E8,2025-10-04
I1001452,326,5223046.5,2025-10-08
I1001453,1886,8.391897903E7,2025-09-22
I1001454,1753,1.8879212678E8,2025-09-05
I1001455,1884,9.626687882E7,2025-09-29
I1001456,963,1.93924519E7,2025-09-04
I1001457,1914,2.164441161E7,2025-10-27
I1001458,1420,1.0261696967E8,2025-09-20
I1001459,1692,1.2548965452E8,2025-09-06
I1001460,1453,5.622690891E7,2025-09-11
I1001461,659,2.255899894E7,2025-10-07
I1001462,352,6017613.34,2025-10-20
I1001463,591,1.545645836E7,2025-09-02
I1001464,1009,1.2718706213E8,2025-09-01
I1001465,172,3252243.72,2025-09-17
I1001466,442,1.221348041E7,2025-10-05
I1001467,848,1.120580895E7,2025-10-15
I1001468,1730,2.5570489116E8,2025-10-01
I1001469,239,2.900129791E7,2025-10-12
I1001470,1899,1.1811845081E8,2025-09-04
I1001471,653,7.263201913E7,2025-09-30
I1001472,703,8.450841002E7,2025-10-28
I1001473,1389,2.87631427E7,2025-10-10
I1001474,1431,2.0135289005E8,2025-09-07
I1001475,1748,1.53015662E7,2025-09-09
I1001476,1875,4.202525326E7,2025-10-31
I1001477,704,1.622047623E7,2025-09-30
I1001478,1362,1.5300542975E8,2025-09-18
I1001479,978,8.433382224E7,2025-09-20
I1001480,495,6.291742377E7,2025-10-02
I1001481,1573,5377447.55,2025-09-17
I1001482,1946,6.939785271E7,2025-10-20
I1001483,402,2.813375197E7,2025-10-02
I1001484,1295,1.240466025E7,2025-09-01
I1001485,1736,6.57406825E7,2025-10-17
I1001486,322,2.415245655E7,2025-10-13
I1001487,1509,7.725774839E7,2025-09-29
I1001488,293,9563341.76,2025-10-29
I1001489,616,3511110.25,2025-09-15
I1001490,1669,1.8236060509E8,2025-09-05
I1001491,1469,4.739440351E7,2025-10-27
I1001492,69,6850441.13,2025-10-03
I1001493,1288,5.348757118E7,2025-09-12
I1001494,1874,1.2944070999E8,2025-09-13
I1001495,357,3.63071166E7,2025-09-07
I1001496,1093,1.6347211937E8,2025-09-01
I1001497,1222,1.890640164E7,2025-10-02
I1001498,252,3631153.58,2025-10-19
I1001499,1684,9.541043938E7,2025-10-09
I1001500,80,2304745.84,2025-10-16
I1001501,224,2.44905034E7,2025-09-17
I1001502,1564,1.0916317484E8,2025-09-28
I1001503,752,1.1192371901E8,2025-10-27
I1001504,637,3.210380444E7,2025-09-18
I1001505,1424,1.0544940559E8,2025-09-07
I1001506,951,1.2432738107E8,2025-09-22
I1001507,1223,4.302808999E7,2025-09-06
I1001508,1967,2.9448315524E8,2025-10-31
I1001509,211,1.631537672E7,2025-10-21
I1001510,418,2.401017636E7,2025-09-25
I1001511,777,4.845283038E7,2025-09-06
I1001512,1667,6.886938263E7,2025-09-10
I1001513,1873,7.770376884E7,2025-09-13
I1001514,1143,1.0593877763E8,2025-09-06
I1001515,349,1.54018593E7,2025-09-22
I1001516,1109,1.219592209E8,2025-10-13
I1001517,212,2.348792599E7,2025-10-23
I1001518,1795,2.1692415025E8,2025-10-24
I1001519,349,2.662020402E7,2025-09-25
I1001520,1271,8.569350776E7,2025-09-15
I1001521,1973,1.0318297971E8,2025-10-14
I1001522,1841,2.4154727501E8,2025-10-14
I1001523,1244,1.3946461613E8,2025-10-24
I1001524,1528,1.6160529396E8,2025-09-04
I1001525,556,8.036717345E7,2025-10-04
I1001526,57,2387871.99,2025-09-28
I1001527,1538,5454519.3,2025-09-18
I1001528,1857,1.362666754E8,2025-10-19
I1001529,132,1.934742893E7,2025-09-06
I1001530,1262,1.4059400402E8,2025-10-14
I1001531,817,3.522404591E7,2025-09-04
I1001532,1123,1.4489711467E8,2025-10-30
I1001533,1784,2.3193648413E8,2025-09-01
I1001534,991,1.2567903424E8,2025-10-22
I1001535,162,2984883.77,2025-09-20
I1001536,1303,1.46097511E8,2025-09-03
I1001537,732,5.557416698E7,2025-09-23
I1001538,685,4667444.47,2025-10-01
I1001539,1458,1.40288959E7,2025-10-15
I1001540,592,4.81858698E7,2025-09-07
I1001541,1950,2.1741520947E8,2025-09-30
I1001542,627,5.902287106E7,2025-10-05
I1001543,336,4843956.43,2025-09-02
I1001544,806,1.1061741845E8,2025-10-22
I1001545,1130,1.6835883064E8,2025-10-23
I1001546,1770,6.441473908E7,2025-10-18
I1001547,1919,7.59634905E7,2025-09-05
I1001548,1886,1.5766139208E8,2025-09-30
I1001549,1935,2.4810225029E8,2025-09-28
I1001550,651,1.105740197E7,2025-09-26
I1001551,1094,9.967203273E7,2025-09-09
I1001552,435,5.514501689E7,2025-09-30
I1001553,1590,2.3524613403E8,2025-10-02
I1001554,222,5091878.09,2025-10-12
I1001555,207,2786024.77,2025-10-26
I1001556,1617,2.3655366656E8,2025-10-15
I1001557,829,5.683134579E7,2025-09-09
I1001558,943,1.2661118692E8,2025-10-23
I1001559,1409,2.817447592E7,2025-10-08
I1001560,846,7.249063192E7,2025-10-30
I1001561,912,8.955294285E7,2025-10-05
I1001562,1036,1.3551622589E8,2025-09-18
I1001563,645,4.377879325E7,2025-09-05
I1001564,367,7525718.19,2025-09-28
I1001565,1801,1.895038041E7,2025-09-01
I1001566,101,1.38232633E7,2025-09-09
I1001567,1442,3.746853987E7,2025-10-27
I1001568,1133,1.5131772825E8,2025-09-10
I1001569,1133,943715.53,2025-10-19
I1001570,1624,7.180136723E7,2025-09-14
I1001571,178,2.051221357E7,2025-10-02
I1001572,1219,1.2424012347E8,2025-10-31
I1001573,854,5.809315522E7,2025-09-01
I1001574,1458,1.0422972167E8,2025-10-24
I1001575,65,1420187.37,2025-10-28
I1001576,646,9.004569985E7,2025-09-18
I1001577,1954,1118435.87,2025-10-09
I1001578,429,1.542138039E7,2025-10-13
I1001579,242,3.106781527E7,2025-09-02
I1001580,835,1.26982027E7,2025-10-01
I1001581,1695,1.0059333999E8,2025-10-12
I1001582,1362,2.498860703E7,2025-09-11
I1001583,1794,1.3060935219E8,2025-09-28
I1001584,398,3.963952463E7,2025-09-19
I1001585,506,1.834082728E7,2025-10-24
I1001586,1846,2.4355039682E8,2025-10-21
I1001587,381,8448372.16,2025-10-15
I1001588,575,2.984434431E7,2025-10-27
I1001589,145,1.017358497E7,2025-09-08
I1001590,741,1.0718892228E8,2025-10-20
I1001591,1596,3790363.87,2025-09-24
I1001592,1355,1.095879365E7,2025-10-15
I1001593,908,1.2581695855E8,2025-10-03
I1001594,531,6.866657352E7,2025-10-17
I1001595,855,5.725467256E7,2025-09-08
I1001596,1079,7.54863E7,2025-10-05
I1001597,1323,4.5039049E7,2025-09-18
I1001598,1779,1.0998589816E8,2025-09-14
I1001599,924,2.367221108E7,2025-09-20
I1001600,1954,1.3007686792E8,2025-09-13
I1001601,1083,8.429939269E7,2025-09-30
I1001602,1760,1.4810972242E8,2025-10-30
I1001603,373,3.131212866E7,2025-10-12
I1001604,351,2.908736365E7,2025-10-27
I1001605,1989,7.529437811E7,2025-09-17
I1001606,1055,1.3654760847E8,2025-09-19
I1001607,835,3.828626282E7,2025-10-06
I1001608,1286,1.925278071E7,2025-10-26
I1001609,1868,1.9914425148E8,2025-10-29
I1001610,1158,1.6356647374E8,2025-09-01
I1001611,403,2.852213805E7,2025-09-16
I1001612,924,1.321515537E7,2025-09-26
I1001613,1143,7.734571148E7,2025-09-14
I1001614,398,6295340.47,2025-10-21
I1001615,1888,1.3349290942E8,2025-09-27
I1001616,1339,6.630044916E7,2025-10-19
I1001617,721,8.101391068E7,2025-09-28
I1001618,690,3864660.62,2025-09-20
I1001619,302,7008399.41,2025-10-10
I1001620,1875,1.0244608222E8,2025-09-06
I1001621,1123,7.756219225E7,2025-10-14
I1001622,1071,1.5790252407E8,2025-10-23
I1001623,908,3.909663502E7,2025-09-01
I1001624,833,7.544362268E7,2025-09-27
I1001625,1473,2.1822748688E8,2025-09-03
I1001626,1272,5.804930261E7,2025-10-03
I1001627,1082,1.1218735718E8,2025-10-27
I1001628,1629,1.0126767769E8,2025-09-27
I1001629,1812,2.6435329775E8,2025-10-16
I1001630,1722,2.090946335E7,2025-09-18
I1001631,1200,9.32206774E7,2025-09-27
I1001632,1715,4.289200073E7,2025-09-30
I1001633,995,2.526213467E7,2025-10-07
I1001634,1199,1928318.11,2025-10-01
I1001635,516,4.840231089E7,2025-09-02
I1001636,514,6071528.18,2025-09-10
I1001637,722,1.51185335E7,2025-09-19
I1001638,1185,1.3260345838E8,2025-10-26
I1001639,1417,1.2167976233E8,2025-10-21
I1001640,1907,1.7881482798E8,2025-10-19
I1001641,1352,5.383330118E7,2025-10-11
I1001642,1350,8.915322531E7,2025-10-07
I1001643,972,9.792717702E7,2025-10-20
I1001644,663,3.148166644E7,2025-09-27
I1001645,893,8.450290859E7,2025-10-11
I1001646,783,3.245313625E7,2025-09-10
I1001647,1857,1.1809387819E8,2025-09-09
I1001648,904,1.1040365494E8,2025-10-27
I1001649,54,1263480.98,2025-09-27
I1001650,80,2124910.35,2025-10-06
I1001651,602,8.275832255E7,2025-10-07
I1001652,1040,9.881431675E7,2025-09-06
I1001653,1069,1.2124738388E8,2025-09-12
I1001654,1611,1.3756090458E8,2025-09-25
I1001655,557,1.031090155E7,2025-10-23
I1001656,1346,1.4131923345E8,2025-10-26
I1001657,1978,1.2899339597E8,2025-09-21
I1001658,705,4.114591096E7,2025-09-20
I1001659,249,1.02972032E7,2025-09-18
I1001660,168,1.366228182E7,2025-10-22
I1001661,1489,1.4538964162E8,2025-10-29
I1001662,1659,2079936.26,2025-09-25
I1001663,1223,2.955096557E7,2025-10-09
I1001664,1149,5947262.28,2025-10-14
I1001665,1430,3.124739396E7,2025-10-21
I1001666,1998,9.81827783E7,2025-09-29
I1001667,1385,1.607626601E7,2025-09-09
I1001668,701,6.443655272E7,2025-09-16
I1001669,208,1.360732013E7,2025-09-21
I1001670,282,1.29343417E7,2025-10-04
I1001671,476,4.862791374E7,2025-09-17
I1001672,720,4.204492665E7,2025-10-17
I1001673,1035,2.128746335E7,2025-10-06
I1001674,1798,2.1724555638E8,2025-10-15
I1001675,1861,2.1050882394E8,2025-09-27
I1001676,322,6817802.99,2025-09-09
I1001677,907,6689742.16,2025-10-23
I1001678,1032,1.0281945308E8,2025-10-26
I1001679,945,3.460501578E7,2025-09-11
I1001680,1210,1.7957433962E8,2025-10-04
I1001681,1704,1.9178236782E8,2025-09-03
I1001682,1832,9.873044113E7,2025-10-25
I1001683,715,1.0595984803E8,2025-09-10
I1001684,1132,1.601917205E8,2025-10-09
I1001685,1820,5.101454872E7,2025-09-27
I1001686,1686,1.0029363723E8,2025-10-02
I1001687,921,1.0095429669E8,2025-09-02
I1001688,1592,3.556241532E7,2025-09-13
I1001689,1765,2.1528147229E8,2025-09-30
I1001690,1107,1.2890831059E8,2025-10-03
I1001691,1295,9.121467254E7,2025-10-08
I1001692,382,5.19319519E7,2025-09-18
I1001693,668,5.336324422E7,2025-09-22
I1001694,430,3.209276813E7,2025-09-26
I1001695,1682,1.088246171E8,2025-09-04
I1001696,1268,4.642348492E7,2025-09-21
I1001697,600,3.909532075E7,2025-09-08
I1001698,196,7569992.79,2025-09-09
I1001699,872,1135961.79,2025-10-30
I1001700,1751,1.8251154371E8,2025-09-02
I1001701,1253,1.3451233228E8,2025-10-19
I1001702,945,3.622131939E7,2025-10-19
I1001703,1671,2.417867025E7,2025-10-02
I1001704,314,3998967.06,2025-10-26
I1001705,783,7.288481276E7,2025-10-04
I1001706,1120,1.968802346E7,2025-09-30
I1001707,1426,2.352936517E7,2025-09-14
I1001708,393,4.944146905E7,2025-09-17
I1001709,875,1.0532662264E8,2025-09-11
I1001710,1781,3.930642542E7,2025-09-23
I1001711,838,7.720005505E7,2025-10-31
I1001712,1744,1.3518202677E8,2025-10-21
I1001713,1650,2.1222810888E8,2025-10-04
I1001714,913,2.704358426E7,2025-10-05
I1001715,965,6.891201135E7,2025-09-12
I1001716,1933,2.7259903674E8,2025-10-09
I1001717,1700,5497555.26,2025-09-23
I1001718,1276,4.137469682E7,2025-10-11
I1001719,894,3.238654195E7,2025-09-02
I1001720,207,8785563.72,2025-10-16
I1001721,1569,1.3489989587E8,2025-10-09
I1001722,1308,1.7170064977E8,2025-09-06
I1001723,1086,1.435219256E8,2025-10-30
I1001724,369,3.15222939E7,2025-09-01
I1001725,1061,1.3243029852E8,2025-09-06
I1001726,616,5.687237348E7,2025-09-23
I1001727,1305,1.108680266E7,2025-09-03
I1001728,1538,2.0910915773E8,2025-10-25
I1001729,1647,1.4402797022E8,2025-09-03
I1001730,211,2.852822119E7,2025-10-08
I1001731,554,8.128545492E7,2025-09-21
I1001732,1609,6.283794155E7,2025-09-19
I1001733,663,9.761249138E7,2025-09-04
I1001734,1114,8029917.82,2025-10-24
I1001735,186,2.283696303E7,2025-09-09
I1001736,1302,1.3565413685E8,2025-10-11
I1001737,1100,1.4712911303E8,2025-09-15
I1001738,1012,7.936986068E7,2025-09-10
I1001739,1815,1.681562789E8,2025-09-29
I1001740,927,1.2838262301E8,2025-10-04
I1001741,730,7.68413524E7,2025-10-10
I1001742,1239,1.0457039901E8,2025-09-17
I1001743,603,1.658610348E7,2025-09-28
I1001744,1446,3.866369975E7,2025-10-23
I1001745,174,1.636062516E7,2025-10-27
I1001746,1641,4.169707811E7,2025-09-02
I1001747,635,6.277499649E7,2025-10-13
I1001748,964,1.0253691229E8,2025-10-06
I1001749,1444,4.941252848E7,2025-09-02
I1001750,310,2.943879983E7,2025-09-17
I1001751,666,2.44969289E7,2025-10-21
I1001752,371,1.734725818E7,2025-10-09
I1001753,229,2.107893737E7,2025-09-26
I1001754,1828,1.934496361E7,2025-09-01
I1001755,1494,1.0855157426E8,2025-10-31
I1001756,50,6415980.49,2025-09-06
I1001757,1216,1.1187389257E8,2025-10-31
I1001758,534,2.068545609E7,2025-10-27
I1001759,320,2.500063398E7,2025-09-08
I1001760,1453,1.2771217451E8,2025-09-13
I1001761,169,2.455451793E7,2025-09-06
I1001762,1269,6.962335729E7,2025-10-27
I1001763,385,5.696668065E7,2025-10-13
I1001764,1119,7.967346695E7,2025-10-26
I1001765,1020,1.2079863049E8,2025-10-09
I1001766,684,8156959.15,2025-09-18
I1001767,625,1.541242842E7,2025-10-01
I1001768,523,6.225553252E7,2025-09-30
I1001769,1749,1.4989208979E8,2025-10-13
I1001770,501,3.609986483E7,2025-09-27
I1001771,339,3.101207804E7,2025-10-24
I1001772,1920,2.1251358685E8,2025-10-09
I1001773,511,4765816.21,2025-10-29
I1001774,1187,9.932978089E7,2025-10-30
I1001775,940,1.1063949304E8,2025-09-11
I1001776,1163,2.151755663E7,2025-09-13
I1001777,130,1.233438921E7,2025-09-29
I1001778,211,1.562396808E7,2025-09-08
I1001779,543,7.069431853E7,2025-09-27
I1001780,1586,1.0422470906E8,2025-09-14
I1001781,1653,7.638151418E7,2025-09-14
I1001782,1118,2.19554824E7,2025-10-24
I1001783,798,1.616746988E7,2025-09-03
I1001784,1626,3.00502059E7,2025-10-17
I1001785,913,3.229387026E7,2025-10-27
I1001786,821,1.2075913255E8,2025-10-12
I1001787,584,8.455293646E7,2025-09-11
I1001788,1314,1.712438619E7,2025-10-12
I1001789,1503,7.050949172E7,2025-09-09
I1001790,1019,1.5189779035E8,2025-09-16
I1001791,1419,3.804131699E7,2025-09-11
I1001792,1134,1.4879245837E8,2025-10-12
I1001793,1469,7.469529876E7,2025-09-12
I1001794,1059,1.836035479E7,2025-09-28
I1001795,197,2.330973607E7,2025-10-21
I1001796,1536,2.0060066647E8,2025-10-24
I1001797,1280,3648951.6,2025-10-14
I1001798,1310,2.019078264E7,2025-09-01
I1001799,1785,2.0371205657E8,2025-10-04
I1001800,592,6.704912519E7,2025-09-03
I1001801,626,4.486622784E7,2025-09-22
I1001802,1266,8.561720686E7,2025-09-25
I1001803,1541,1.828731062E7,2025-09-25
I1001804,1660,6.466719847E7,2025-10-29
I1001805,1469,1.2228673747E8,2025-10-12
I1001806,1483,2.1733418241E8,2025-09-05
I1001807,1161,2.789876244E7,2025-10-14
I1001808,1844,1.0446490631E8,2025-09-01
I1001809,666,7.020005667E7,2025-10-20
I1001810,299,5087912.9,2025-09-14
I1001811,1791,1.540564623E7,2025-09-21
I1001812,1212,1.011652653E7,2025-09-14
I1001813,1793,1.5465420704E8,2025-10-21
I1001814,1577,2.75415768E7,2025-10-12
I1001815,468,4.929909468E7,2025-09-13
I1001816,1352,2.11738526E7,2025-09-13
I1001817,1530,1.6315685442E8,2025-09-14
I1001818,920,1.241089791E7,2025-10-03
I1001819,562,4.483465013E7,2025-09-03
I1001820,1788,1.5821316112E8,2025-09-01
I1001821,336,8681651.86,2025-09-28
I1001822,1335,1.4056833858E8,2025-10-03
I1001823,1281,9.77326414E7,2025-09-10
I1001824,948,1.0116514632E8,2025-09-07
I1001825,776,2.790097033E7,2025-10-24
I1001826,1916,3.248628185E7,2025-09-24
I1001827,499,1.663804388E7,2025-10-24
I1001828,928,9.155789712E7,2025-09-08
I1001829,1416,1.5491649971E8,2025-10-25
I1001830,483,4.255684137E7,2025-10-08
I1001831,1142,3150111.1,2025-09-08
I1001832,1743,2.2575371448E8,2025-09-13
I1001833,591,4.046258309E7,2025-10-30
I1001834,1186,1.7574628575E8,2025-09-20
I1001835,983,2.059656776E7,2025-09-06
I1001836,453,2.1940455E7,2025-10-03
I1001837,1159,1.0499017842E8,2025-09-14
I1001838,166,2.425040525E7,2025-09-08
I1001839,1245,7.874115425E7,2025-10-18
I1001840,1468,5.799153506E7,2025-10-30
I1001841,910,9457302.53,2025-09-09
I1001842,1061,3.341049402E7,2025-10-01
I1001843,217,1.962240143E7,2025-10-11
I1001844,1376,1.9297915269E8,2025-09-04
I1001845,780,7.224214078E7,2025-09-24
I1001846,1076,1.2009904683E8,2025-09-11
I1001847,1086,7.764525792E7,2025-09-30
I1001848,621,8.458358501E7,2025-10-31
I1001849,223,3.254886082E7,2025-10-12
I1001850,514,7.300893684E7,2025-10-21
I1001851,1686,1.5918798232E8,2025-09-20
I1001852,769,8.880152035E7,2025-09-13
I1001853,1582,2.3286382902E8,2025-10-09
I1001854,1112,1.187426291E8,2025-10-28
I1001855,470,2.495262922E7,2025-09-14
I1001856,843,1.111502685E8,2025-09-06
I1001857,645,1.199602774E7,2025-10-14
I1001858,1464,1.372505233E7,2025-10-18
I1001859,878,1.262254195E8,2025-10-20
I1001860,642,5.26627346E7,2025-09-19
I1001861,253,5743282.92,2025-09-16
I1001862,1979,1.1338817005E8,2025-09-14
I1001863,1385,1.7993605872E8,2025-10-12
I1001864,684,2.285127153E7,2025-09-27
I1001865,1629,2.1078220125E8,2025-10-28
I1001866,452,1.706083087E7,2025-09-19
I1001867,1614,2.286762147E8,2025-09-12
I1001868,1337,1.9503131188E8,2025-10-13
I1001869,509,2.052248236E7,2025-10-06
I1001870,587,8.414940756E7,2025-09-23
I1001871,1709,2.3713126509E8,2025-10-03
I1001872,1283,2.363876197E7,2025-09-18
I1001873,224,1.295878013E7,2025-10-06
I1001874,231,2.614397151E7,2025-09-03
I1001875,1171,1.327808429E8,2025-10-07
I1001876,1455,1.805138424E8,2025-09-09
I1001877,682,1.787780046E7,2025-09-04
I1001878,359,3.63825082E7,2025-09-25
I1001879,857,9.101393503E7,2025-10-11
I1001880,427,9119172.38,2025-10-19
I1001881,1599,2.2705362474E8,2025-10-22
I1001882,1583,1.2118141626E8,2025-09-24
I1001883,406,3.899056239E7,2025-09-07
I1001884,1244,1.397846324E7,2025-10-20
I1001885,101,9178613.01,2025-09-15
I1001886,1748,1.92209772E7,2025-09-16
I1001887,771,3.424436433E7,2025-09-21
I1001888,760,1.0871504724E8,2025-10-03
I1001889,1232,7.220870961E7,2025-09-09
I1001890,1402,2.0760643049E8,2025-09-14
I1001891,555,5.072011698E7,2025-09-06
I1001892,1008,6.031183912E7,2025-10-22
I1001893,905,7.660599033E7,2025-09-03
I1001894,1815,1.157645052E8,2025-09-09
I1001895,1194,1.507470183E8,2025-10-01
I1001896,1072,1.481809165E7,2025-10-06
I1001897,1195,1.3173660605E8,2025-09-13
I1001898,877,1.2217810042E8,2025-10-01
I1001899,256,2552992.62,2025-10-20
I1001900,1882,1.9276240654E8,2025-09-03
I1001901,1696,2.640518293E7,2025-10-13
I1001902,443,5.850420075E7,2025-09-07
I1001903,397,5.549070291E7,2025-09-27
I1001904,1828,1.114977383E8,2025-10-16
I1001905,261,3.489887226E7,2025-09-25
I1001906,1690,2.0131779136E8,2025-09-03
I1001907,1676,1.8964015608E8,2025-09-15
I1001908,586,6.315745274E7,2025-09-20
I1001909,1545,1.71913288E8,2025-10-16
I1001910,1065,6.435404621E7,2025-09-28
I1001911,336,2.624997424E7,2025-09-08
I1001912,613,5.066866189E7,2025-09-05
I1001913,489,7330172.19,2025-09-25
I1001914,338,1.983983884E7,2025-10-11
I1001915,1848,3.596875079E7,2025-10-02
I1001916,276,236993.9,2025-09-20
I1001917,1137,1.0599824224E8,2025-09-25
I1001918,983,6.42089695E7,2025-09-12
I1001919,723,9.027326849E7,2025-10-20
I1001920,173,2.559856899E7,2025-09-21
I1001921,1050,1.3966346136E8,2025-09-04
I1001922,933,1.1708443665E8,2025-09-08
I1001923,1574,7.984463604E7,2025-10-29
I1001924,1180,4.535713201E7,2025-10-03
I1001925,748,4971594.62,2025-09-10
I1001926,187,1.118936161E7,2025-10-25
I1001927,1103,9.919272238E7,2025-10-02
I1001928,465,5.29020162E7,2025-10-03
I1001929,1253,5.599189802E7,2025-09-19
I1001930,1305,1.7961493092E8,2025-10-30
I1001931,806,4.93680499E7,2025-10-03
I1001932,839,6786837.55,2025-09-15
I1001933,485,5.563252109E7,2025-10-24
I1001934,1720,2.383321913E8,2025-09-12
I1001935,1738,1.5126806084E8,2025-10-13
I1001936,1871,1.0205364116E8,2025-10-14
I1001937,116,4386253.45,2025-10-17
I1001938,367,3.323499731E7,2025-09-23
I1001939,818,1.0505195999E8,2025-10-18
I1001940,848,9.355616075E7,2025-09-06
I1001941,283,3.321911698E7,2025-09-26
I1001942,1065,7654586.22,2025-10-24
I1001943,1980,5.258720669E7,2025-10-12
I1001944,1974,2.2515641111E8,2025-09-15
I1001945,1788,2.2524220917E8,2025-10-31
I1001946,428,5.997673138E7,2025-09-03
I1001947,525,6968779.31,2025-10-09
I1001948,1150,4.388986519E7,2025-10-31
I1001949,1118,1.2124101234E8,2025-09-13
I1001950,825,3.046197167E7,2025-10-16
I1001951,1515,1.8842227407E8,2025-10-12
I1001952,606,9.071589136E7,2025-10-17
I1001953,476,1.360914672E7,2025-10-25
I1001954,1028,7.296706084E7,2025-10-28
I1001955,1957,2.030914246E8,2025-10-27
I1001956,257,1.296419442E7,2025-09-24
I1001957,58,4763880.34,2025-09-30
I1001958,1836,9.488868837E7,2025-09-07
I1001959,1625,4.889592775E7,2025-09-23
I1001960,595,8.497409472E7,2025-09-14
I1001961,516,7.007379234E7,2025-10-20
I1001962,917,1.191809889E8,2025-10-17
I1001963,1505,1.1797516696E8,2025-10-09
I1001964,282,4.225478428E7,2025-10-27
I1001965,426,3.518732483E7,2025-09-02
I1001966,1158,1.5783532532E8,2025-09-11
I1001967,1886,7.49795043E7,2025-09-28
I1001968,1938,1094604.07,2025-10-29
I1001969,857,2.919562471E7,2025-09-13
I1001970,1020,1.357425289E8,2025-10-29
I1001971,519,5.482394573E7,2025-09-08
I1001972,1537,3.136231356E7,2025-10-17
I1001973,1800,1.9479000491E8,2025-09-10
I1001974,1382,1.9535559426E8,2025-10-25
I1001975,1675,1.0794226686E8,2025-09-03
I1001976,643,6626152.68,2025-09-21
I1001977,1440,2.0159787574E8,2025-09-27
I1001978,187,1.090454709E7,2025-10-26
I1001979,590,1.897545047E7,2025-10-08
I1001980,538,1.57374501E7,2025-09-26
I1001981,445,4.519999553E7,2025-10-24
I1001982,1776,6.03964474E7,2025-10-27
I1001983,542,7.67814485E7,2025-09-12
I1001984,921,8.297662925E7,2025-10-10
I1001985,1154,6.367351321E7,2025-09-17
I1001986,1155,8.569033439E7,2025-10-10
I1001987,754,1.0586324877E8,2025-09-05
I1001988,375,2.766072565E7,2025-10-13
I1001989,586,8.47434133E7,2025-09-11
I1001990,146,2417791.13,2025-09-17
I1001991,1905,2.4597857308E8,2025-10-19
I1001992,580,4.680716712E7,2025-09-14
I1001993,1830,1.901233856E8,2025-09-29
I1001994,1019,1.3706685949E8,2025-10-18
I1001995,1092,1.5824637715E8,2025-09-11
I1001996,1901,7.658276825E7,2025-09-05
I1001997,520,3105509.48,2025-09-16
I1001998,384,2.48160623E7,2025-10-06
I1001999,1013,3.688439079E7,2025-10-21
I1002000,1648,3.140220426E7,2025-10-14
I1002001,1604,1747669.63,2025-09-14
I1002002,1666,1.6853758682E8,2025-10-15
I1002003,1593,1.2223260562E8,2025-10-20
I1002004,1569,1.3632222819E8,2025-10-20
I1002005,1867,2.965642788E7,2025-10-22
I1002006,1221,1.3563332525E8,2025-10-13
I1002007,413,2136099.47,2025-10-23
I1002008,549,7.579576706E7,2025-10-20
I1002009,935,3.345345698E7,2025-09-02
I1002010,531,4.581908732E7,2025-10-02
I1002011,1920,3381824.48,2025-09-10
I1002012,1600,3.159565875E7,2025-09-09
I1002013,1009,1.3422500707E8,2025-09-19
I1002014,382,2.865692482E7,2025-09-18
I1002015,1707,3.485629358E7,2025-09-10
I1002016,511,677669.58,2025-10-30
I1002017,1343,1276022.55,2025-10-08
I1002018,1132,1.5119286561E8,2025-09-04
I1002019,1835,5.021519913E7,2025-09-22
I1002020,990,1.3392784137E8,2025-09-14
I1002021,1699,2.1415701603E8,2025-10-20
I1002022,1288,1.0670019279E8,2025-10-21
I1002023,1058,5.121413862E7,2025-10-24
I1002024,354,3756092.03,2025-09-14
I1002025,1013,3.68283278E7,2025-09-04
I1002026,907,9.410274865E7,2025-09-20
I1002027,108,1.248743316E7,2025-10-24
I1002028,738,3537694.48,2025-09-21
I1002029,992,2.015322138E7,2025-09-24
I1002030,1221,1.8048650964E8,2025-09-21
I1002031,855,8.733657569E7,2025-10-04
I1002032,630,8.567402435E7,2025-09-29
I1002033,1271,4.170271896E7,2025-10-06
I1002034,1948,1.1637203456E8,2025-09-15
I1002035,1314,1.7488337629E8,2025-09-24
I1002036,1223,1.1415818123E8,2025-10-15
I1002037,810,1.1459509908E8,2025-10-09
I1002038,1138,1.568528993E8,2025-10-17
I1002039,1350,9.926541462E7,2025-10-31
I1002040,1182,9045505.71,2025-09-30
I1002041,750,1.0528390877E8,2025-09-11
I1002042,1346,9.843497824E7,2025-10-29
I1002043,1565,1.5767604794E8,2025-10-13
I1002044,919,1.1570063737E8,2025-10-08
I1002045,971,1.3956414255E8,2025-10-01
I1002046,787,1.976305782E7,2025-10-22
I1002047,1591,2.2084024256E8,2025-09-27
I1002048,1502,9.348037277E7,2025-09-27
I1002049,1502,2.2187947843E8,2025-09-13
I1002050,1350,1.6418494334E8,2025-09-11
I1002051,800,4.753857882E7,2025-09-04
I1002052,1477,1.2767443795E8,2025-09-19
I1002053,155,1.872219493E7,2025-09-06
I1002054,1571,8.993468955E7,2025-10-21
I1002055,1973,6.359443803E7,2025-10-25
I1002056,816,4.358376073E7,2025-09-15
I1002057,149,1.524641542E7,2025-10-08
I1002058,364,3.621104064E7,2025-10-01
I1002059,1602,2.3308156138E8,2025-10-10
I1002060,795,5.967380151E7,2025-10-26
I1002061,1914,2.2270246326E8,2025-09-17
I1002062,523,6.422459526E7,2025-10-07
I1002063,992,1.0292394736E8,2025-10-03
I1002064,925,7.486948976E7,2025-10-06
I1002065,1203,1.5929978154E8,2025-10-17
I1002066,1908,2.935962461E7,2025-10-17
I1002067,131,1.249695794E7,2025-09-15
I1002068,1196,6.197464727E7,2025-09-28
I1002069,293,2.443417971E7,2025-09-06
I1002070,217,1595779.67,2025-09-12
I1002071,1939,2.8038974404E8,2025-10-12
I1002072,291,2.179668066E7,2025-10-18
I1002073,1358,8.323377773E7,2025-10-11
I1002074,1011,6.612988734E7,2025-09-10
I1002075,396,4.624128449E7,2025-09-06
I1002076,1455,1.2769957044E8,2025-10-16
I1002077,1858,8.104816576E7,2025-09-18
I1002078,952,6142167.24,2025-10-06
I1002079,1604,7.330975173E7,2025-09-30
I1002080,1108,1.504846119E8,2025-09-14
I1002081,100,6091294.78,2025-10-28
I1002082,1063,1.0684402804E8,2025-10-04
I1002083,1987,2.708936604E8,2025-10-17
I1002084,413,3.079667497E7,2025-10-29
I1002085,925,1.1269844544E8,2025-09-28
I1002086,1164,1.3336204511E8,2025-09-01
I1002087,562,1595085.88,2025-10-18
I1002088,671,4.493771058E7,2025-10-26
I1002089,412,1.287994377E7,2025-10-04
I1002090,277,4.083986732E7,2025-09-01
I1002091,208,2.126796907E7,2025-10-24
I1002092,1399,6.621948487E7,2025-09-04
I1002093,1308,1.3515616723E8,2025-09-02
I1002094,880,7557032.7,2025-09-18
I1002095,643,9.149041829E7,2025-10-02
I1002096,452,8355511.46,2025-10-11
I1002097,941,5.863526752E7,2025-09-17
I1002098,629,1.805302468E7,2025-10-29
I1002099,338,4.975162873E7,2025-10-25
I1002100,934,3.196206541E7,2025-10-18
I1002101,385,1.982258241E7,2025-09-05
I1002102,962,9.550110272E7,2025-10-09
I1002103,149,1832258.36,2025-09-21
I1002104,507,5.073495482E7,2025-09-14
I1002105,947,2.070658787E7,2025-09-01
I1002106,356,6938764.59,2025-10-28
I1002107,1166,1.6704307805E8,2025-10-20
I1002108,1462,1.698823161E7,2025-10-14
I1002109,2000,2.024112546E8,2025-09-01
I1002110,603,8.421720105E7,2025-10-08
I1002111,478,5.306456635E7,2025-10-26
I1002112,1585,2.2059237434E8,2025-10-28
I1002113,506,6.752113215E7,2025-09-27
I1002114,929,1.699551672E7,2025-10-19
I1002115,92,9205169.59,2025-10-06
I1002116,1262,1.3815562723E8,2025-09-22
I1002117,797,2.728051832E7,2025-09-06
I1002118,387,4.118713315E7,2025-09-15
I1002119,1761,5.261101641E7,2025-10-27
I1002120,111,3115375.36,2025-10-09
I1002121,1217,2.147275356E7,2025-10-04
I1002122,1349,1.0132105616E8,2025-10-09
I1002123,168,1.567259882E7,2025-10-26
I1002124,148,1894321.96,2025-10-31
I1002125,1336,8.469079622E7,2025-10-24
I1002126,1892,8.576860555E7,2025-10-12
I1002127,92,1.021353044E7,2025-10-18
I1002128,1390,1.962920304E8,2025-10-29
I1002129,1276,1.1303792828E8,2025-10-11
I1002130,1530,8.601811259E7,2025-10-12
I1002131,1736,1.3238081528E8,2025-09-14
I1002132,221,1.048215754E7,2025-09-04
I1002133,1308,1.1546477477E8,2025-10-18
I1002134,235,2.662933439E7,2025-09-05
I1002135,1455,7.735954531E7,2025-10-22
I1002136,1781,1.4344239391E8,2025-09-02
I1002137,1234,7.634912858E7,2025-09-06
I1002138,1437,8.200385521E7,2025-09-06
I1002139,957,1.1925726782E8,2025-09-11
I1002140,1411,7.479992004E7,2025-09-30
I1002141,153,302053.01,2025-10-10
I1002142,1910,2.6719752027E8,2025-10-31
I1002143,1547,1.0583671765E8,2025-09-19
I1002144,1074,7.534925548E7,2025-10-25
I1002145,565,7.562511472E7,2025-10-09
I1002146,499,2.584825438E7,2025-09-30
I1002147,1774,2.0914280754E8,2025-10-29
I1002148,1029,4.441589812E7,2025-09-22
I1002149,586,6.19518508E7,2025-10-07
I1002150,1324,1.2063900812E8,2025-09-27
I1002151,1771,1.134313605E7,2025-09-24
I1002152,1759,8.973376652E7,2025-10-13
I1002153,1201,1.7445521386E8,2025-10-24
I1002154,789,4.634206522E7,2025-10-15
I1002155,447,4.283003157E7,2025-10-14
I1002156,599,2.566699398E7,2025-09-01
I1002157,544,4.569967021E7,2025-10-31
I1002158,1019,7.424442037E7,2025-09-24
I1002159,498,1643684.63,2025-10-15
I1002160,784,1.1100586043E8,2025-09-03
I1002161,999,9.829585687E7,2025-10-28
I1002162,1260,8.786501521E7,2025-09-29
I1002163,172,1467077.52,2025-09-06
I1002164,941,9.577253517E7,2025-09-18
I1002165,1270,1.1740217879E8,2025-09-27
I1002166,830,6.577971113E7,2025-09-05
I1002167,225,5761330.19,2025-10-21
I1002168,1549,9.970465569E7,2025-09-21
I1002169,65,3707454.21,2025-09-16
I1002170,394,9820908.13,2025-10-29
I1002171,261,1.844424323E7,2025-10-26
I1002172,1666,1.4168025801E8,2025-09-28
I1002173,1065,1.155471009E8,2025-10-10
I1002174,102,6434112.25,2025-10-29
I1002175,811,1.0612296644E8,2025-10-04
I1002176,888,6882354.55,2025-10-27
I1002177,432,3.710737498E7,2025-10-20
I1002178,511,2.518624354E7,2025-10-25
I1002179,280,7062029.11,2025-09-12
I1002180,1589,1.9246535022E8,2025-10-26
I1002181,507,6.208030045E7,2025-09-19
I1002182,91,8662191.52,2025-09-14
I1002183,109,7326278.66,2025-09-03
I1002184,505,7.509896584E7,2025-10-20
I1002185,1870,2.5229340451E8,2025-10-29
I1002186,1351,6.814472688E7,2025-10-28
I1002187,1450,1.2225352931E8,2025-09-14
I1002188,1389,1.2649941245E8,2025-10-09
I1002189,1905,1.9327054105E8,2025-09-29
I1002190,675,7.344120307E7,2025-10-30
I1002191,1992,1.207734742E8,2025-09-17
I1002192,1597,5.019775714E7,2025-10-31
I1002193,1443,1.9322035793E8,2025-10-31
I1002194,508,3.26536378E7,2025-10-24
I1002195,1573,9.095966621E7,2025-10-15
I1002196,850,3.34594919E7,2025-09-24
I1002197,482,4.438331665E7,2025-09-11
I1002198,993,4447759.59,2025-09-05
I1002199,404,1.531528995E7,2025-10-16
I1002200,1884,2.7234987879E8,2025-10-04
I1002201,143,1.681883996E7,2025-10-21
I1002202,1853,8.438936331E7,2025-10-06
I1002203,1688,9.382488412E7,2025-10-31
I1002204,1988,1.4432482789E8,2025-09-20
I1002205,1852,2.5350135397E8,2025-10-21
I1002206,1373,6.274763119E7,2025-09-14
I1002207,1026,8.876952552E7,2025-09-21
I1002208,1295,1.2452096371E8,2025-09-09
I1002209,514,3.842687579E7,2025-10-22
I1002210,1041,7.817500208E7,2025-10-15
I1002211,490,1.818889698E7,2025-10-09
I1002212,604,8.499179892E7,2025-10-16
I1002213,1798,1.413441253E8,2025-09-19
I1002214,1059,1.1288889159E8,2025-10-15
I1002215,788,6.775692871E7,2025-09-25
I1002216,1663,1.6409595474E8,2025-09-14
I1002217,1392,3.905050782E7,2025-10-14
I1002218,916,1.1744080266E8,2025-09-05
I1002219,313,2.498737349E7,2025-09-13
I1002220,1583,8.08402317E7,2025-10-06
I1002221,669,2.804138886E7,2025-09-19
I1002222,1307,7147324.59,2025-09-15
I1002223,1671,1.260078062E7,2025-10-20
I1002224,470,5.268946877E7,2025-09-09
I1002225,464,5.214253978E7,2025-10-08
I1002226,1225,1.8231774229E8,2025-09-13
I1002227,492,2.220033487E7,2025-09-14
I1002228,1600,2.3873044733E8,2025-09-14
I1002229,1043,1.1116333587E8,2025-10-02
I1002230,691,4.764683287E7,2025-10-08
I1002231,1559,1.4118245811E8,2025-10-06
I1002232,1719,2.5374333036E8,2025-09-01
I1002233,1442,1.187593499E8,2025-09-13
I1002234,1268,5.864904642E7,2025-10-09
I1002235,1538,5.646826276E7,2025-10-23
I1002236,951,1.3197843298E8,2025-09-28
I1002237,758,1.164874161E7,2025-09-23
I1002238,1448,7.411951298E7,2025-10-20
I1002239,1990,2.125862451E8,2025-09-18
I1002240,479,5.655951253E7,2025-10-26
I1002241,257,2.897842367E7,2025-10-21
I1002242,719,7.012018373E7,2025-09-05
I1002243,70,1.030636543E7,2025-10-01
I1002244,281,3.90793443E7,2025-10-17
I1002245,1682,8.368419622E7,2025-10-26
I1002246,1968,6.864783074E7,2025-09-13
I1002247,246,2.233082761E7,2025-09-13
I1002248,1361,1.3324233215E8,2025-10-31
I1002249,1478,1.9692264472E8,2025-09-24
I1002250,529,4.543403955E7,2025-10-05
I1002251,477,3.082077711E7,2025-09-08
I1002252,1770,3.979208365E7,2025-09-26
I1002253,647,8.26176621E7,2025-10-07
I1002254,1345,1.2876210183E8,2025-09-16
I1002255,867,9.650846721E7,2025-09-27
I1002256,1974,4.998227318E7,2025-10-23
I1002257,1830,5056508.79,2025-10-06
I1002258,663,2.847964756E7,2025-10-04
I1002259,1432,8.363791238E7,2025-09-03
I1002260,1525,1.4569162632E8,2025-10-26
I1002261,840,7.530202936E7,2025-10-16
I1002262,1748,2.1456156891E8,2025-09-30
I1002263,978,6.525835936E7,2025-10-10
I1002264,533,2.481906825E7,2025-10-07
I1002265,1663,2.3509725034E8,2025-10-10
I1002266,1497,1.4445605288E8,2025-10-04
I1002267,975,1.1087730071E8,2025-09-17
I1002268,601,1.232812534E7,2025-10-01
I1002269,961,8.501742E7,2025-09-04
I1002270,1752,7.352175527E7,2025-10-29
I1002271,781,1.187862107E7,2025-09-27
I1002272,783,8.605514157E7,2025-09-16
I1002273,1361,7.795859986E7,2025-10-21
I1002274,1017,1.3103226587E8,2025-10-07
I1002275,436,3.979162804E7,2025-09-03
I1002276,482,2.855479579E7,2025-10-18
I1002277,1260,4.409530684E7,2025-10-29
I1002278,976,5.350304399E7,2025-10-31
I1002279,1241,1.3924833215E8,2025-10-12
I1002280,649,1.066282912E7,2025-09-26
I1002281,632,8.009491935E7,2025-09-09
I1002282,1502,2.229404039E8,2025-09-17
I1002283,1979,2.0363008782E8,2025-10-22
I1002284,704,1.895750542E7,2025-10-22
I1002285,250,2.755599936E7,2025-09-05
I1002286,678,8.64785221E7,2025-09-16
I1002287,1540,4.198497956E7,2025-09-17
I1002288,161,4212063.41,2025-10-25
I1002289,383,1.272529527E7,2025-10-23
I1002290,1866,5.521132179E7,2025-09-11
I1002291,681,1830912.97,2025-09-05
I1002292,452,1.068995421E7,2025-09-13
I1002293,99,9229728.76,2025-10-18
I1002294,1330,1.7401270913E8,2025-10-06
I1002295,428,2.549919718E7,2025-09-15
I1002296,1917,2.0528819899E8,2025-09-24
I1002297,439,3.509001633E7,2025-09-30
I1002298,1987,7.94093712E7,2025-09-24
I1002299,1464,3.118715502E7,2025-09-26
I1002300,1756,8990915.14,2025-09-08
I1002301,900,2.522569012E7,2025-10-01
I1002302,1477,4.386701796E7,2025-09-29
I1002303,222,1.14544527E7,2025-09-04
I1002304,1952,1.7504328968E8,2025-10-13
I1002305,633,4.140453977E7,2025-09-07
I1002306,1845,6.55084742E7,2025-09-04
I1002307,1458,1.0122333779E8,2025-10-05
I1002308,1053,3.030051028E7,2025-09-17
I1002309,326,1.477160228E7,2025-10-15
I1002310,113,8433745.53,2025-10-25
I1002311,555,3.715931238E7,2025-10-13
I1002312,1445,1.4661138143E8,2025-10-03
I1002313,1862,2.7366178294E8,2025-10-06
I1002314,1584,1.9536406535E8,2025-09-18
I1002315,1227,1.5604115123E8,2025-09-05
I1002316,1656,3.95143974E7,2025-09-29
I1002317,1598,1.6251248832E8,2025-09-08
I1002318,1563,1.5714557157E8,2025-09-11
I1002319,1981,2.5278250146E8,2025-09-01
I1002320,68,8317791.0,2025-09-13
I1002321,96,2374862.98,2025-10-02
I1002322,1914,2.8408473641E8,2025-10-02
I1002323,894,1.1293943688E8,2025-10-24
I1002324,1733,1.4002705113E8,2025-10-02
I1002325,1262,1.7839682796E8,2025-10-12
I1002326,261,1.043235561E7,2025-10-27
I1002327,604,2.363567201E7,2025-09-21
I1002328,1741,1.2832768875E8,2025-09-16
I1002329,334,1.6037191E7,2025-09-30
I1002330,1039,8.065654821E7,2025-10-03
I1002331,426,4.15798813E7,2025-09-06
I1002332,1234,1.3875303725E8,2025-10-16
I1002333,1585,4.671507775E7,2025-09-15
I1002334,1620,2.1380745842E8,2025-09-15
I1002335,1657,1.930206857E8,2025-10-09
I1002336,964,1.3443469068E8,2025-09-17
I1002337,1729,2.054402157E8,2025-09-07
I1002338,1309,7.511551098E7,2025-09-05
I1002339,1638,5.444656222E7,2025-10-21
I1002340,100,8046449.3,2025-09-15
I1002341,1165,4.456260189E7,2025-10-29
I1002342,1829,2.593700694E7,2025-09-21
I1002343,409,3.430198954E7,2025-10-13
I1002344,1601,7.749796792E7,2025-09-12
I1002345,878,5925019.18,2025-10-04
I1002346,973,8983100.65,2025-09-30
I1002347,1163,4.390888133E7,2025-09-21
I1002348,639,8.461285542E7,2025-10-19
I1002349,820,4.812706556E7,2025-10-08
I1002350,1031,5.732522907E7,2025-09-18
I1002351,1043,1.3363099342E8,2025-09-19
I1002352,1266,1.1912447787E8,2025-10-04
I1002353,1624,1.8140986181E8,2025-09-05
I1002354,1165,8.687051155E7,2025-09-27
I1002355,1894,2.5532987217E8,2025-09-28
I1002356,1428,1.5443802846E8,2025-10-06
I1002357,532,7.635688713E7,2025-09-06
I1002358,1811,2.3115142439E8,2025-09-22
I1002359,1263,2.250833029E7,2025-10-05
I1002360,1098,1.944473609E7,2025-10-03
I1002361,165,8705230.1,2025-09-18
I1002362,461,8857172.95,2025-09-15
I1002363,357,4.988526106E7,2025-10-21
I1002364,896,5.406727011E7,2025-09-26
I1002365,1545,9.08452561E7,2025-10-29
I1002366,585,3.044291244E7,2025-09-09
I1002367,1358,1.0160451445E8,2025-09-26
I1002368,1744,4.628656563E7,2025-10-08
I1002369,1372,2.658075936E7,2025-09-07
I1002370,246,2.912580873E7,2025-09-07
I1002371,806,9.617677757E7,2025-10-18
I1002372,641,4.263087156E7,2025-09-22
I1002373,421,2.538514531E7,2025-10-06
I1002374,161,2.225340311E7,2025-10-11
I1002375,569,2.36461201E7,2025-09-05
I1002376,1909,1.9590015312E8,2025-10-12
I1002377,601,1.63237176E7,2025-10-22
I1002378,804,1.947840605E7,2025-09-23
I1002379,1442,1597515.89,2025-09-02
I1002380,299,9786636.06,2025-10-06
I1002381,495,7.419202471E7,2025-09-06
I1002382,473,2.913902334E7,2025-09-04
I1002383,949,1.1271706307E8,2025-09-12
I1002384,868,5.179907758E7,2025-09-18
I1002385,1235,4794131.97,2025-10-02
I1002386,1513,2.1964862973E8,2025-10-31
I1002387,1196,1.0901528727E8,2025-10-31
I1002388,181,4383495.24,2025-10-10
I1002389,460,5.077022742E7,2025-10-03
I1002390,224,2.973077407E7,2025-09-14
I1002391,203,2.976568544E7,2025-09-06
I1002392,418,5.959029345E7,2025-10-22
I1002393,807,4.075126147E7,2025-09-05
I1002394,212,1.247536815E7,2025-09-23
I1002395,1089,1.110317205E7,2025-10-21
I1002396,913,5.590698891E7,2025-10-17
I1002397,1460,2.186411849E7,2025-10-19
I1002398,1398,7.265943936E7,2025-10-26
I1002399,1756,1.4289164761E8,2025-10-05
I1002400,1408,1.3998013125E8,2025-09-27
I1002401,302,2.536112366E7,2025-10-15
I1002402,333,1.231222567E7,2025-10-10
I1002403,1530,2.2340520241E8,2025-09-18
I1002404,1821,2.917131687E7,2025-09-29
I1002405,1885,9.87082585E7,2025-10-09
I1002406,1698,1.7860034324E8,2025-10-23
I1002407,639,1.540286415E7,2025-09-18
I1002408,174,1052573.05,2025-09-29
I1002409,853,4.711315538E7,2025-10-04
I1002410,535,2436558.16,2025-10-12
I1002411,248,6292994.95,2025-09-03
I1002412,389,7125921.59,2025-10-04
I1002413,1636,7.988670896E7,2025-10-20
I1002414,570,2090530.19,2025-10-22
I1002415,1854,1.216196738E8,2025-10-01
I1002416,1573,9.787151455E7,2025-09-24
I1002417,1676,1.0028131248E8,2025-10-17
I1002418,619,1180951.02,2025-10-02
I1002419,730,2.038404412E7,2025-10-13
I1002420,322,976471.76,2025-09-18
I1002421,1446,1.9615231147E8,2025-10-28
I1002422,1467,7.739363642E7,2025-10-30
I1002423,1134,1.6649195952E8,2025-09-14
I1002424,356,4.871304736E7,2025-10-31
I1002425,1114,3.890099244E7,2025-09-26
I1002426,186,2.584423322E7,2025-10-26
I1002427,1060,9.580881442E7,2025-10-17
I1002428,1960,6907115.24,2025-09-14
I1002429,1016,8.903485553E7,2025-10-21
I1002430,473,9327181.05,2025-09-18
I1002431,487,3.282377702E7,2025-10-27
I1002432,145,7681737.0,2025-10-24
I1002433,993,9.987485162E7,2025-10-01
I1002434,447,3.082098075E7,2025-10-17
I1002435,1827,1.8776208088E8,2025-10-29
I1002436,1039,1.1136050434E8,2025-09-17
I1002437,1313,9.425990801E7,2025-10-04
I1002438,203,1.817379305E7,2025-10-17
I1002439,1266,1.3194570974E8,2025-09-02
I1002440,276,3.260151887E7,2025-10-24
I1002441,1906,1.801462266E8,2025-09-17
I1002442,182,2.31012837E7,2025-10-27
I1002443,1260,1.281273568E7,2025-09-18
I1002444,1764,2.084676115E8,2025-09-11
I1002445,103,8823238.54,2025-10-16
I1002446,1836,8.879331875E7,2025-09-26
I1002447,1603,1.008163827E7,2025-09-05
I1002448,635,6.956276683E7,2025-10-10
I1002449,316,2.476204007E7,2025-10-30
I1002450,1345,1.0140666024E8,2025-10-24
I1002451,292,3.473792073E7,2025-09-11
I1002452,1599,1.9969684138E8,2025-09-14
I1002453,665,3.45157402E7,2025-09-21
I1002454,652,2.608891575E7,2025-10-24
I1002455,562,7.937873829E7,2025-09-29
I1002456,1794,1.526106497E8,2025-09-05
I1002457,1061,1.4584268328E8,2025-09-28
I1002458,995,8.183566628E7,2025-09-28
I1002459,1708,2.5055599589E8,2025-09-18
I1002460,737,2.174832258E7,2025-10-04
I1002461,1041,1.1478910484E8,2025-10-02
I1002462,567,3574363.21,2025-09-28
I1002463,1451,7.152030247E7,2025-09-10
I1002464,203,2.700362593E7,2025-10-25
I1002465,1686,1.3512914697E8,2025-10-15
I1002466,1440,1.8557860499E8,2025-09-01
I1002467,892,1.2775157646E8,2025-09-17
I1002468,1629,1.6476167671E8,2025-10-22
I1002469,1953,1.287262535E8,2025-09-23
I1002470,1371,1.839786351E7,2025-09-28
I1002471,597,3.792929106E7,2025-10-07
I1002472,1850,2.5185317257E8,2025-10-14
I1002473,1755,2.3784742697E8,2025-09-26
I1002474,624,1.569163545E7,2025-10-30
I1002475,618,6.097450011E7,2025-10-25
I1002476,1388,2.859017041E7,2025-10-10
I1002477,1947,1.9435107423E8,2025-10-10
I1002478,1055,5.377624648E7,2025-09-16
I1002479,598,6707759.81,2025-10-01
I1002480,1039,1.304818506E8,2025-10-28
I1002481,1192,6.620296218E7,2025-09-09
I1002482,311,4.08513045E7,2025-10-04
I1002483,121,3122756.45,2025-09-15
I1002484,229,1.361257951E7,2025-10-17
I1002485,202,2.308696445E7,2025-10-11
I1002486,1990,1.4698207383E8,2025-09-13
I1002487,310,2.34917634E7,2025-09-21
I1002488,1922,2.5839617114E8,2025-10-23
I1002489,1675,2.0002119164E8,2025-09-09
I1002490,1759,2.2336997748E8,2025-09-10
I1002491,1941,1.9767832202E8,2025-09-01
I1002492,821,9.76028548E7,2025-09-22
I1002493,1757,9.481914978E7,2025-10-10
I1002494,259,3341234.99,2025-10-23
I1002495,1156,8.293222736E7,2025-10-25
I1002496,1034,9.316623446E7,2025-10-16
I1002497,980,1.351130724E8,2025-10-24
I1002498,1119,1.3424882004E8,2025-10-24
I1002499,556,7.023133502E7,2025-10-07
I1002500,1500,1.3219619896E8,2025-10-11
I1002501,834,4.819686247E7,2025-09-19
I1002502,685,8.912456731E7,2025-09-26
I1002503,648,9.668874375E7,2025-09-06
I1002504,1773,1.8917839511E8,2025-10-02
I1002505,289,1.382312099E7,2025-10-03
I1002506,1349,1.7974638074E8,2025-10-28
I1002507,1689,2.0650128503E8,2025-10-26
I1002508,266,1.945986343E7,2025-09-20
I1002509,1628,2.3297264256E8,2025-10-01
I1002510,690,5.748045102E7,2025-09-28
I1002511,317,4.603816444E7,2025-09-07
I1002512,75,1341037.75,2025-10-19
I1002513,1602,1.7609359374E8,2025-09-06
I1002514,1882,3.052131943E7,2025-09-10
I1002515,883,9.055307684E7,2025-09-19
I1002516,727,3.775910372E7,2025-09-18
I1002517,1112,1.1436109161E8,2025-10-04
I1002518,1004,5.083114241E7,2025-09-27
I1002519,1253,8.965197639E7,2025-09-09
I1002520,824,1.038316722E8,2025-09-07
I1002521,968,2257947.97,2025-09-05
I1002522,1148,1.796487783E7,2025-10-15
I1002523,265,1.831331224E7,2025-10-14
I1002524,349,2.054778899E7,2025-10-25
I1002525,1295,7.846877241E7,2025-10-25
I1002526,1200,1.0198499124E8,2025-09-14
I1002527,1469,1.1458077483E8,2025-10-21
I1002528,576,1.728607447E7,2025-10-25
I1002529,299,3.267987999E7,2025-09-10
I1002530,174,1.696662111E7,2025-09-20
I1002531,1580,2.1047206276E8,2025-10-13
I1002532,1375,1.6710673464E8,2025-09-24
I1002533,212,1.556051929E7,2025-10-25
I1002534,338,7218047.38,2025-09-09
I1002535,173,1900215.84,2025-10-07
I1002536,1489,2.0421034663E8,2025-10-10
I1002537,1715,1.0534629969E8,2025-09-11
I1002538,1088,8.153220629E7,2025-10-07
I1002539,1226,7961698.93,2025-09-08
I1002540,1425,1.3842005662E8,2025-10-20
I1002541,823,1.296262953E7,2025-10-16
I1002542,1643,8.47206604E7,2025-10-02
I1002543,806,1.0708258292E8,2025-09-13
I1002544,1378,1.1572366598E8,2025-10-30
I1002545,1843,3.14480795E7,2025-10-17
I1002546,1635,1.270775711E8,2025-10-24
I1002547,760,5.981221709E7,2025-09-04
I1002548,583,7432335.2,2025-09-21
I1002549,977,5.571803417E7,2025-09-26
I1002550,336,1.599788216E7,2025-09-30
I1002551,273,1.512148954E7,2025-10-07
I1002552,840,5.223096485E7,2025-10-31
I1002553,450,3.080945579E7,2025-09-08
I1002554,448,2.221600236E7,2025-10-07
I1002555,1830,1.448181619E8,2025-10-27
I1002556,1174,1.313954147E7,2025-09-14
I1002557,962,1.403645859E7,2025-09-25
I1002558,488,2.416215803E7,2025-10-12
I1002559,689,5.37750064E7,2025-10-27
I1002560,640,2.99433552E7,2025-10-30
I1002561,117,9198771.58,2025-10-07
I1002562,1750,8.916097114E7,2025-09-25
I1002563,1346,1.4544344847E8,2025-10-26
I1002564,1212,6.509423617E7,2025-09-13
I1002565,1915,6.083669107E7,2025-10-16
I1002566,542,2.584715258E7,2025-09-29
I1002567,832,7447132.3,2025-10-05
I1002568,1269,9.422682619E7,2025-10-27
I1002569,1171,1.6602397483E8,2025-10-05
I1002570,939,1.104655982E8,2025-09-17
I1002571,1677,1.8654070722E8,2025-09-01
I1002572,1928,4.897166022E7,2025-09-05
I1002573,1633,2.1868332963E8,2025-10-27
I1002574,491,2.612010661E7,2025-10-02
I1002575,1195,4.0517709E7,2025-10-01
I1002576,333,3.681988555E7,2025-09-06
I1002577,148,5101340.84,2025-09-16
I1002578,723,2.355075924E7,2025-10-08
I1002579,1179,1.3507767322E8,2025-09-09
I1002580,1117,1.2355496721E8,2025-10-06
I1002581,356,4.431658084E7,2025-10-27
I1002582,914,4.679233963E7,2025-09-24
I1002583,1239,4.412699365E7,2025-10-12
I1002584,1517,1.3109497845E8,2025-09-07
I1002585,1313,1.3276059146E8,2025-10-01
I1002586,1818,2.0366219038E8,2025-09-12
I1002587,729,9.589227021E7,2025-09-18
I1002588,194,461648.84,2025-09-12
I1002589,1610,1.753192738E7,2025-10-14
I1002590,1280,1.5915442692E8,2025-09-24
I1002591,90,1.139312083E7,2025-09-21
I1002592,612,4463276.49,2025-09-11
I1002593,262,5272378.08,2025-10-22
I1002594,1442,1.7309911142E8,2025-10-13
I1002595,1734,1.5303683083E8,2025-10-18
I1002596,67,1048224.2,2025-10-21
I1002597,1530,2.997177835E7,2025-10-20
I1002598,753,2549135.27,2025-10-25
I1002599,1290,1.4928957797E8,2025-09-15
I1002600,1460,4.709510958E7,2025-09-04
I1002601,1030,9.837371433E7,2025-09-14
I1002602,1809,1.1920151306E8,2025-09-26
I1002603,673,3.898153478E7,2025-09-27
I1002604,1941,2.3864138867E8,2025-10-05
I1002605,1823,1.9766332617E8,2025-10-01
I1002606,1046,6.039100153E7,2025-09-04
I1002607,1868,5337338.78,2025-09-04
I1002608,690,5.964589267E7,2025-10-06
I1002609,392,2.803373332E7,2025-09-12
I1002610,1854,8.416619281E7,2025-09-07
I1002611,1864,1.6128827404E8,2025-09-09
I1002612,1785,2.3259278694E8,2025-10-08
I1002613,1459,7.808784811E7,2025-10-30
I1002614,53,6479129.62,2025-10-28
I1002615,497,2.866899282E7,2025-10-05
I1002616,1558,1.1492153199E8,2025-10-15
I1002617,215,1.32357407E7,2025-10-22
I1002618,1441,3.54889827E7,2025-10-23
I1002619,150,3468057.91,2025-10-23
I1002620,1187,8.341230786E7,2025-10-06
I1002621,283,3038772.17,2025-09-23
I1002622,1159,1.3067846087E8,2025-10-13
I1002623,1829,2.1048223138E8,2025-09-11
I1002624,1969,1.5813056933E8,2025-10-03
I1002625,244,1033133.27,2025-10-22
I1002626,1509,9.841138383E7,2025-09-25
I1002627,129,7509433.77,2025-09-26
I1002628,402,1957371.93,2025-09-12
I1002629,1514,1.2170808854E8,2025-09-18
I1002630,155,2.094730498E7,2025-09-19
I1002631,1937,1.634701356E7,2025-09-10
I1002632,1783,8.628516211E7,2025-09-03
I1002633,1857,2.0779337622E8,2025-09-28
I1002634,492,1.546556279E7,2025-10-24
I1002635,1085,9.637189262E7,2025-09-17
I1002636,1346,1.2754889498E8,2025-10-19
I1002637,245,1.291657916E7,2025-10-26
I1002638,951,5.340392775E7,2025-09-18
I1002639,968,3.757143945E7,2025-09-16
I1002640,296,4.324732285E7,2025-10-19
I1002641,1405,4.02922781E7,2025-09-28
I1002642,783,4.418102956E7,2025-10-06
I1002643,203,2395612.69,2025-10-06
I1002644,222,2.503138887E7,2025-09-16
I1002645,1905,1.3487079525E8,2025-10-18
I1002646,825,4.267511947E7,2025-09-09
I1002647,979,3.329799288E7,2025-10-13
I1002648,549,8061126.56,2025-09-21
I1002649,1631,1.1105981508E8,2025-10-16
I1002650,1069,1.0986369723E8,2025-10-06
I1002651,1265,4188404.16,2025-10-29
I1002652,1166,8.639934012E7,2025-10-04
I1002653,1041,3.502357789E7,2025-09-28
I1002654,1627,1.180149088E7,2025-09-04
I1002655,1734,9.303621026E7,2025-09-03
I1002656,611,1.595834156E7,2025-10-01
I1002657,422,3.335453866E7,2025-09-12
I1002658,959,689949.69,2025-09-06
I1002659,453,2.281386638E7,2025-10-29
I1002660,107,1.486803268E7,2025-09-03
I1002661,1650,7.837100395E7,2025-10-05
I1002662,831,1.0971965109E8,2025-09-24
I1002663,1095,1.4110079827E8,2025-09-13
I1002664,719,1885800.33,2025-10-24
I1002665,145,1.560106733E7,2025-10-30
I1002666,1478,1.288068293E7,2025-09-26
I1002667,1174,1.0867911337E8,2025-09-29
I1002668,561,7.697190149E7,2025-09-16
I1002669,1400,1.0247521155E8,2025-10-18
I1002670,1701,1.4226933118E8,2025-09-14
I1002671,781,2.335180017E7,2025-09-03
I1002672,158,1.226714908E7,2025-10-10
I1002673,321,2.182757214E7,2025-10-22
I1002674,371,2.686565356E7,2025-10-29
I1002675,390,3.775260711E7,2025-09-18
I1002676,1091,5978453.83,2025-09-03
I1002677,430,3.272599589E7,2025-10-12
I1002678,1512,1.0279556442E8,2025-10-15
I1002679,1812,1.6903075428E8,2025-09-03
I1002680,1161,7.230700846E7,2025-09-11
I1002681,159,1.892913154E7,2025-10-17
I1002682,691,8.47990557E7,2025-10-29
I1002683,1089,6.614958094E7,2025-09-17
I1002684,1252,7.880919431E7,2025-09-27
I1002685,913,1.0436712433E8,2025-10-05
I1002686,195,2.423815306E7,2025-10-04
I1002687,276,3.293603051E7,2025-09-19
I1002688,837,4.513904955E7,2025-10-06
I1002689,855,1.2739815444E8,2025-09-16
I1002690,956,1.3429326282E8,2025-10-20
I1002691,736,7.880222888E7,2025-10-01
I1002692,1751,1.476003325E7,2025-10-12
I1002693,525,1.552501843E7,2025-09-28
I1002694,97,6249980.63,2025-09-05
I1002695,1719,6.034338621E7,2025-09-21
I1002696,1947,2.5771646415E8,2025-09-03
I1002697,1504,1.0502028154E8,2025-10-14
I1002698,121,1.114571727E7,2025-10-09
I1002699,1265,1.1674876188E8,2025-09-26
I1002700,281,2.053343634E7,2025-10-19
I1002701,1817,2.2577818105E8,2025-09-28
I1002702,678,1.587051338E7,2025-10-24
I1002703,1898,2.3864395246E8,2025-10-26
I1002704,447,4.237176268E7,2025-10-29
I1002705,1149,6.435771207E7,2025-10-18
I1002706,158,7765161.76,2025-09-17
I1002707,946,4.210037061E7,2025-10-26
I1002708,1160,7.112178512E7,2025-10-21
I1002709,223,2.369531602E7,2025-10-30
I1002710,81,1.203239565E7,2025-10-15
I1002711,1687,7161200.68,2025-09-01
I1002712,1564,4.541263583E7,2025-09-09
I1002713,1419,5.248581277E7,2025-09-12
I1002714,594,3.402739316E7,2025-10-06
I1002715,1041,1.2920237758E8,2025-09-20
I1002716,1289,1.8293289749E8,2025-10-23
I1002717,1368,7.877420475E7,2025-09-23
I1002718,1371,1.6969951836E8,2025-09-09
I1002719,750,7.697634946E7,2025-09-18
I1002720,1513,2.1386184386E8,2025-09-14
I1002721,496,4.728350047E7,2025-10-25
I1002722,1458,1.2057331365E8,2025-10-28
I1002723,1638,4.762036997E7,2025-09-21
I1002724,1657,6.434330135E7,2025-09-26
I1002725,1318,7.794662187E7,2025-10-30
I1002726,63,5234592.39,2025-09-20
I1002727,1343,1.855382412E8,2025-10-12
I1002728,804,6.252985416E7,2025-10-08
I1002729,587,1.683268704E7,2025-10-21
I1002730,875,1.594153894E7,2025-09-12
I1002731,1508,1.768288174E8,2025-09-23
I1002732,1472,9.645982021E7,2025-10-27
I1002733,1338,1.8760306686E8,2025-09-20
I1002734,843,5217413.08,2025-09-04
I1002735,565,1.073078774E7,2025-09-09
I1002736,494,7.32598832E7,2025-10-03
I1002737,1456,8.377719933E7,2025-10-10
I1002738,1568,6.381261108E7,2025-10-06
I1002739,1954,6358283.99,2025-09-20
I1002740,447,4.563815823E7,2025-09-03
I1002741,840,1.0518895473E8,2025-10-15
I1002742,327,1.812054467E7,2025-10-23
I1002743,569,2.188458881E7,2025-09-17
I1002744,1525,4247549.91,2025-10-24
I1002745,825,2.213363101E7,2025-10-03
I1002746,1344,1.1483581288E8,2025-10-29
I1002747,712,3.360473543E7,2025-09-13
I1002748,1546,1.4051490744E8,2025-10-22
I1002749,1435,1.2565713606E8,2025-10-27
I1002750,328,2.577707356E7,2025-10-18
I1002751,429,5.468277768E7,2025-09-01
I1002752,1101,1.6336479023E8,2025-10-30
I1002753,1512,3.601473949E7,2025-09-29
I1002754,808,8.240052504E7,2025-09-20
I1002755,903,5.359460565E7,2025-10-16
I1002756,551,5.604522377E7,2025-09-23
I1002757,1845,4.426210456E7,2025-09-17
I1002758,274,1.220021557E7,2025-09-15
I1002759,653,5.93666828E7,2025-10-06
I1002760,770,8.717761838E7,2025-10-26
I1002761,278,7198718.93,2025-10-14
I1002762,797,1.1458381431E8,2025-10-18
I1002763,1798,1.533471504E7,2025-09-16
I1002764,308,3.446159603E7,2025-10-06
I1002765,508,4.188527437E7,2025-10-16
I1002766,1584,4.65768773E7,2025-10-14
I1002767,507,6.71563197E7,2025-10-29
I1002768,495,5.017976683E7,2025-10-04
I1002769,1532,1.6529523707E8,2025-09-22
I1002770,894,9.837176715E7,2025-09-08
I1002771,1600,2.0952195789E8,2025-09-06
I1002772,900,1.1815429867E8,2025-09-22
I1002773,278,1546311.04,2025-10-06
I1002774,1867,1.1740104248E8,2025-09-06
I1002775,1404,1.1531800214E8,2025-09-23
I1002776,849,7.165888597E7,2025-10-20
I1002777,340,1.663861454E7,2025-10-12
I1002778,1678,7.142121888E7,2025-10-22
I1002779,1655,2.3717034482E8,2025-10-31
I1002780,1255,1.6610483951E8,2025-10-06
I1002781,229,1.216877588E7,2025-09-20
I1002782,1442,1.274736678E8,2025-09-10
I1002783,1332,2.9103135E7,2025-10-20
I1002784,1075,1.4618287655E8,2025-10-17
I1002785,1042,1.4521442214E8,2025-10-28
I1002786,1277,1.898557116E7,2025-10-23
I1002787,281,2.630089483E7,2025-09-11
I1002788,1542,6.345534036E7,2025-09-18
I1002789,1484,1.6791778604E8,2025-09-05
I1002790,262,2701568.16,2025-10-13
I1002791,1899,2.4098937567E8,2025-10-29
I1002792,964,1.1011516402E8,2025-09-07
I1002793,707,2.894644989E7,2025-09-19
I1002794,1272,1.3692404795E8,2025-09-14
I1002795,1152,9.729207636E7,2025-09-08
I1002796,1333,3.619373592E7,2025-09-25
I1002797,1450,8.031775798E7,2025-10-18
I1002798,696,7.768371245E7,2025-10-12
I1002799,280,5748033.5,2025-09-04
I1002800,651,2.286569512E7,2025-09-11
I1002801,1564,1.2885413672E8,2025-09-11
I1002802,1225,8.371095988E7,2025-10-16
I1002803,1439,1.5702394639E8,2025-10-28
I1002804,1078,7.074016078E7,2025-09-25
I1002805,1672,2394645.01,2025-10-02
I1002806,1977,2.0495302645E8,2025-10-05
I1002807,460,5.081804942E7,2025-10-01
I1002808,1142,9.766076632E7,2025-10-14
I1002809,1732,1.2126033581E8,2025-09-10
I1002810,1057,1.873441075E7,2025-10-30
I1002811,854,8.026241701E7,2025-10-20
I1002812,937,1.2779455746E8,2025-09-30
I1002813,930,1.0550188802E8,2025-09-23
I1002814,1525,8.002758997E7,2025-10-07
I1002815,516,1.590708351E7,2025-09-22
I1002816,516,5.695901916E7,2025-10-26
I1002817,803,6.574919974E7,2025-09-23
I1002818,675,6.885224038E7,2025-10-16
I1002819,957,3543269.23,2025-09-07
I1002820,1830,2.4151353632E8,2025-10-09
I1002821,871,7.987813827E7,2025-10-18
I1002822,142,4074459.34,2025-09-16
I1002823,1028,4.56000158E7,2025-09-05
I1002824,1338,1.904058686E7,2025-09-28
I1002825,1663,2.4601860964E8,2025-10-13
I1002826,1603,4.699952669E7,2025-09-11
I1002827,1156,1.1140481951E8,2025-09-14
I1002828,1072,1.5975856025E8,2025-09-01
I1002829,1900,1.007999713E7,2025-09-25
I1002830,782,1.119884976E8,2025-10-07
I1002831,1832,9.27571926E7,2025-10-24
I1002832,1373,6879965.28,2025-10-11
I1002833,825,8.58026853E7,2025-09-09
I1002834,405,8100259.26,2025-10-04
I1002835,176,3726720.74,2025-10-26
I1002836,1364,1.1065369265E8,2025-10-29
I1002837,468,3.723498361E7,2025-09-20
I1002838,1451,2.972992395E7,2025-10-29
I1002839,884,4.96401201E7,2025-09-10
I1002840,999,5.133844719E7,2025-10-01
I1002841,74,1192696.0,2025-09-03
I1002842,720,3782101.01,2025-09-29
I1002843,1575,1.4501697348E8,2025-10-11
I1002844,1013,1.1339113022E8,2025-10-09
I1002845,458,5.05959925E7,2025-10-14
I1002846,263,1.03313436E7,2025-10-26
I1002847,913,1.07535458E8,2025-10-24
I1002848,787,6.750993834E7,2025-10-09
I1002849,1135,9.118345333E7,2025-10-16
I1002850,1704,1.3487403021E8,2025-10-20
I1002851,739,1035527.64,2025-10-04
I1002852,769,1.0638888649E8,2025-10-21
I1002853,1920,2.8511587965E8,2025-09-07
I1002854,179,3396109.83,2025-09-26
I1002855,809,2.420372642E7,2025-09-28
I1002856,1445,8907501.88,2025-09-24
I1002857,472,8731767.42,2025-10-15
I1002858,66,8265820.69,2025-09-21
I1002859,594,5.875943715E7,2025-09-11
I1002860,904,1.391591707E7,2025-10-23
I1002861,1017,8.503754112E7,2025-10-24
I1002862,1189,3.031395319E7,2025-09-08
I1002863,787,5.630515436E7,2025-09-17
I1002864,1199,7.641347996E7,2025-10-20
I1002865,1670,2.4269030619E8,2025-09-07
I1002866,241,1.201413648E7,2025-10-10
I1002867,445,1.68126063E7,2025-10-16
I1002868,563,3.565793596E7,2025-10-21
I1002869,484,4487217.16,2025-10-05
I1002870,1659,1.9729456274E8,2025-09-05
I1002871,862,1.0047194472E8,2025-10-16
I1002872,954,1.0039119839E8,2025-09-11
I1002873,557,6.775534071E7,2025-10-30
I1002874,966,5.303285005E7,2025-09-12
I1002875,1951,1.1281845657E8,2025-10-01
I1002876,1117,9.34038105E7,2025-10-17
I1002877,1945,1.3543995708E8,2025-10-22
I1002878,1609,1.5504117051E8,2025-10-24
I1002879,1829,1.9949982898E8,2025-09-26
I1002880,791,4.002123439E7,2025-10-14
I1002881,645,1.057290873E7,2025-09-30
I1002882,1344,2.474529038E7,2025-10-23
I1002883,1196,4692494.41,2025-10-03
I1002884,925,1.2227489573E8,2025-10-30
I1002885,1939,2.1655974859E8,2025-09-03
I1002886,660,9.586539367E7,2025-09-14
I1002887,1284,1.2609950704E8,2025-09-30
I1002888,1437,1.2530295454E8,2025-10-02
I1002889,1712,1.760231533E8,2025-09-25
I1002890,708,2.828290642E7,2025-09-01
I1002891,1798,1.4101482908E8,2025-09-27
I1002892,1480,1.0383420867E8,2025-10-02
I1002893,239,3.217367998E7,2025-10-29
I1002894,685,2.789302765E7,2025-10-30
I1002895,1515,3.485354445E7,2025-09-17
I1002896,1023,1.1570265973E8,2025-09-26
I1002897,159,4684846.94,2025-10-20
I1002898,406,3.525877697E7,2025-09-29
I1002899,955,8.289125194E7,2025-10-06
I1002900,948,7.84609634E7,2025-10-02
I1002901,348,1.210529797E7,2025-09-27
I1002902,841,1.681987634E7,2025-09-15
I1002903,1837,2.5909429465E8,2025-10-08
I1002904,1836,2.4369721379E8,2025-09-27
I1002905,1729,1.7381270408E8,2025-09-28
I1002906,1935,2.4679150467E8,2025-10-15
I1002907,1748,1.1266536887E8,2025-09-08
I1002908,910,1.0487205188E8,2025-09-08
I1002909,1512,5.899531827E7,2025-09-01
I1002910,1263,1.4556026516E8,2025-09-24
I1002911,1519,2.1833179069E8,2025-10-30
I1002912,850,5.720806885E7,2025-09-06
I1002913,328,2.750754917E7,2025-10-31
I1002914,870,2.899271878E7,2025-09-12
I1002915,1274,1.5832003125E8,2025-09-21
I1002916,1845,2.2342670986E8,2025-10-04
I1002917,1093,1.954048624E7,2025-10-12
I1002918,1083,5.502461964E7,2025-09-03
I1002919,1307,6.540302339E7,2025-10-18
I1002920,612,2.189679324E7,2025-10-14
I1002921,968,3.673521427E7,2025-09-20
I1002922,375,2.519749856E7,2025-10-27
I1002923,1300,1.4249270155E8,2025-09-30
I1002924,875,3.813607103E7,2025-10-26
I1002925,1763,1.9070419522E8,2025-09-12
I1002926,920,3.880511707E7,2025-10-06
I1002927,1791,1.730243921E8,2025-09-15
I1002928,1306,9.506084312E7,2025-10-11
I1002929,499,3.471726756E7,2025-09-14
I1002930,238,2.901876468E7,2025-10-26
I1002931,1808,2.1796857914E8,2025-10-26
I1002932,1577,1.7840727781E8,2025-10-07
I1002933,74,6245566.64,2025-10-17
I1002934,71,7553885.06,2025-10-18
I1002935,1885,6.881520995E7,2025-09-05
I1002936,1940,2.254217263E8,2025-09-27
I1002937,1757,7.467760146E7,2025-10-27
I1002938,390,3.737867357E7,2025-09-16
I1002939,1825,1.8418696599E8,2025-10-08
I1002940,1934,2.759486361E8,2025-09-01
I1002941,1067,1.0079445699E8,2025-09-06
I1002942,160,520249.98,2025-10-02
I1002943,1926,1.5643014355E8,2025-09-27
I1002944,793,1.902580253E7,2025-09-02
I1002945,787,4.940898546E7,2025-10-22
I1002946,156,8175894.11,2025-09-12
I1002947,794,4.239626868E7,2025-09-14
I1002948,1162,1.3971304084E8,2025-10-04
I1002949,958,9.228905701E7,2025-09-27
I1002950,1168,1.054759361E8,2025-10-24
I1002951,838,1.1202898796E8,2025-09-03
I1002952,228,2.154057182E7,2025-10-18
I1002953,216,9271966.8,2025-09-25
I1002954,238,1.632367801E7,2025-09-01
I1002955,1314,1.506972037E7,2025-09-21
I1002956,1544,1.8929736955E8,2025-10-15
I1002957,1072,4.316805738E7,2025-09-23
I1002958,1133,1.1348247696E8,2025-10-09
I1002959,1221,1.7845757446E8,2025-09-01
I1002960,576,4.060231853E7,2025-10-05
I1002961,1505,2.1848457427E8,2025-09-07
I1002962,1487,6.621621754E7,2025-10-08
I1002963,344,2.797658881E7,2025-10-18
I1002964,1940,5.402980764E7,2025-10-03
I1002965,1450,9.031778797E7,2025-09-11
I1002966,106,215622.41,2025-09-04
I1002967,1376,5.799121638E7,2025-10-18
I1002968,1881,4.243557264E7,2025-10-15
I1002969,899,3.68995556E7,2025-10-14
I1002970,722,8.926107801E7,2025-09-18
I1002971,1600,4.267460954E7,2025-09-16
I1002972,892,8.995069802E7,2025-09-29
I1002973,470,1.285380731E7,2025-09-29
I1002974,355,3.459148379E7,2025-10-10
I1002975,1253,1.5808525104E8,2025-09-12
I1002976,129,1568858.78,2025-09-19
I1002977,813,6.905709438E7,2025-09-22
I1002978,1865,2.788400589E7,2025-10-22
I1002979,1501,9.823678549E7,2025-09-25
I1002980,1210,5.785981136E7,2025-09-08
I1002981,78,5249602.18,2025-09-16
I1002982,1749,1.9976636294E8,2025-09-08
I1002983,1559,4.596160659E7,2025-10-29
I1002984,1116,1.2436603896E8,2025-09-12
I1002985,396,1.851059765E7,2025-09-11
I1002986,159,1.708617905E7,2025-09-07
I1002987,833,7.077722724E7,2025-09-23
I1002988,90,2134790.36,2025-09-19
I1002989,1534,8.611274722E7,2025-10-26
I1002990,1419,6.415242645E7,2025-09-21
I1002991,693,6.000512471E7,2025-10-12
I1002992,1356,1.8227537783E8,2025-09-06
I1002993,648,6.596065813E7,2025-09-06
I1002994,754,1.0924997378E8,2025-09-23
I1002995,627,6.743403098E7,2025-10-07
I1002996,1507,7.79317454E7,2025-09-12
I1002997,1597,1.9023116628E8,2025-10-03
I1002998,265,1.693300538E7,2025-09-12
I1002999,251,2.070626124E7,2025-10-14
I1003000,384,3.523281532E7,2025-09-08
I1003001,1602,3.62461013E7,2025-10-13
I1003002,1322,6.158481563E7,2025-09-03
I1003003,1267,1.8459989225E8,2025-10-15
I1003004,532,4.938926884E7,2025-09-25
I1003005,283,4.13208783E7,2025-09-27
I1003006,1260,3.842329734E7,2025-10-05
I1003007,557,2.653295266E7,2025-10-07
I1003008,1745,1.3442906772E8,2025-09-08
I1003009,458,1084074.99,2025-09-17
I1003010,1123,2.434612766E7,2025-09-27
I1003011,1989,2.531301952E8,2025-10-06
I1003012,1149,1.4149784387E8,2025-10-22
I1003013,401,3.387236554E7,2025-09-08
I1003014,842,5.755340949E7,2025-10-17
I1003015,91,1.147069976E7,2025-10-29
I1003016,600,7.523715508E7,2025-10-09
I1003017,1896,4.137196936E7,2025-09-26
I1003018,775,8.855787578E7,2025-09-30
I1003019,1813,1.1849572008E8,2025-09-10
I1003020,1186,1.2629041289E8,2025-10-25
I1003021,1621,3.710448379E7,2025-10-14
I1003022,1539,9.474702219E7,2025-09-17
I1003023,782,1.1645750805E8,2025-10-12
I1003024,456,6.097331573E7,2025-10-29
I1003025,1605,2.3757763655E8,2025-10-30
I1003026,504,2526790.14,2025-10-04
I1003027,560,554766.69,2025-10-29
I1003028,1863,1.5567862925E8,2025-09-20
I1003029,542,9739207.53,2025-09-16
I1003030,425,3.236725984E7,2025-10-17
I1003031,518,4.423043884E7,2025-09-10
I1003032,1389,1.8848155036E8,2025-10-09
I1003033,133,6326499.92,2025-10-11
I1003034,1357,1.238084939E7,2025-10-24
I1003035,900,5.458961854E7,2025-10-28
I1003036,387,1.251226376E7,2025-10-04
I1003037,937,7.367527179E7,2025-09-20
I1003038,683,1.0098149182E8,2025-10-09
I1003039,745,4.264679855E7,2025-10-01
I1003040,622,4.945027636E7,2025-09-23
I1003041,1689,6.976707648E7,2025-10-03
I1003042,1522,2.2819020373E8,2025-09-19
I1003043,84,7132656.51,2025-10-14
I1003044,1880,4.454762359E7,2025-10-24
I1003045,285,3.715935349E7,2025-09-16
I1003046,754,5.160905748E7,2025-10-17
I1003047,1708,1.4458891691E8,2025-10-13
I1003048,1235,1.5874608199E8,2025-09-29
I1003049,1170,5.309264432E7,2025-09-07
I1003050,1402,5.438851732E7,2025-10-12
I1003051,495,2.827056101E7,2025-10-30
I1003052,1247,1.3646676919E8,2025-10-27
I1003053,225,1.325677226E7,2025-10-28
I1003054,1891,1.4814223908E8,2025-09-06
I1003055,67,2614275.33,2025-09-23
I1003056,1732,2.5626399772E8,2025-09-24
I1003057,926,5.554907928E7,2025-10-28
I1003058,909,6.525325362E7,2025-10-28
I1003059,1714,1670803.46,2025-10-17
I1003060,920,6.391106588E7,2025-10-13
I1003061,91,6181508.25,2025-10-14
I1003062,314,8518693.12,2025-09-10
I1003063,299,3.033427479E7,2025-09-30
I1003064,436,2.230727694E7,2025-10-30
I1003065,1737,1.635438226E8,2025-09-12
I1003066,1670,7.463114156E7,2025-09-19
I1003067,76,7256286.84,2025-10-03
I1003068,1344,1.8556230668E8,2025-10-11
I1003069,890,8.363274465E7,2025-10-03
I1003070,71,7422987.42,2025-09-25
I1003071,1858,2.4006355201E8,2025-09-13
I1003072,1900,1.6885936875E8,2025-09-14
I1003073,1717,2.5046909833E8,2025-10-03
I1003074,1427,1.8739345841E8,2025-09-25
I1003075,1425,2.1691736E7,2025-10-31
I1003076,1640,4.212753855E7,2025-09-03
I1003077,603,3.328739026E7,2025-09-16
I1003078,704,7.87558497E7,2025-09-08
I1003079,254,1120035.63,2025-09-21
I1003080,428,5.059004038E7,2025-10-16
I1003081,357,3.591936151E7,2025-09-04
I1003082,60,6491952.4,2025-09-28
I1003083,1862,1.9224307375E8,2025-10-23
I1003084,1418,1.578938389E7,2025-10-30
I1003085,431,2.814864097E7,2025-10-18
I1003086,549,4.485887813E7,2025-10-29
I1003087,564,5.200244426E7,2025-10-03
I1003088,263,2.389962919E7,2025-10-17
I1003089,539,3.957503232E7,2025-09-18
I1003090,84,3844716.68,2025-09-23
I1003091,1631,3.912113842E7,2025-09-12
I1003092,949,4.972009206E7,2025-09-12
I1003093,1998,1.4465478957E8,2025-09-21
I1003094,1838,2.2685530411E8,2025-10-31
I1003095,573,4.85868109E7,2025-10-02
I1003096,90,1.291544018E7,2025-09-08
I1003097,213,1.951300506E7,2025-09-24
I1003098,801,4.177824334E7,2025-09-21
I1003099,991,9.995781388E7,2025-10-11
I1003100,533,4.653099188E7,2025-09-18
I1003101,575,8.47763889E7,2025-09-21
I1003102,121,1.203260331E7,2025-10-28
I1003103,1374,1.1683035601E8,2025-10-29
I1003104,1226,1.716867131E8,2025-09-09
I1003105,1162,6943803.99,2025-09-28
I1003106,1465,1.832666508E7,2025-09-16
I1003107,618,7.953598776E7,2025-10-11
I1003108,979,6.503667882E7,2025-10-19
I1003109,1404,1.4344300459E8,2025-10-17
I1003110,600,6.969136049E7,2025-10-25
I1003111,1071,6.903302365E7,2025-10-31
I1003112,1020,5.333491214E7,2025-09-20
I1003113,108,8521177.28,2025-10-08
I1003114,794,5.695896538E7,2025-10-04
I1003115,589,3.1372212E7,2025-09-20
I1003116,1629,2.3198881004E8,2025-10-31
I1003117,915,6.178577306E7,2025-10-27
I1003118,885,3.200603981E7,2025-10-15
I1003119,465,9643162.37,2025-10-15
I1003120,509,1.061903958E7,2025-09-11
I1003121,1331,6.923600888E7,2025-09-11
I1003122,820,4.578327255E7,2025-10-24
I1003123,801,6.265208397E7,2025-10-22
I1003124,1896,1.2253476824E8,2025-10-09
I1003125,186,1.381755929E7,2025-10-24
I1003126,724,7.725257176E7,2025-09-05
I1003127,1569,9757334.21,2025-09-26
I1003128,1087,1.3669750261E8,2025-10-16
I1003129,265,3.490084749E7,2025-09-23
I1003130,645,7939840.46,2025-10-19
I1003131,1401,1.217811559E7,2025-10-25
I1003132,1812,1.4263006996E8,2025-10-05
I1003133,265,9784238.37,2025-09-30
I1003134,1998,2.3304760121E8,2025-10-01
I1003135,1868,2.7094956375E8,2025-10-05
I1003136,1200,1.7095029842E8,2025-09-15
I1003137,1126,5.880798563E7,2025-10-17
I1003138,1018,7.650593922E7,2025-10-12
I1003139,72,5652919.14,2025-09-26
I1003140,1813,9.566880104E7,2025-10-26
I1003141,858,1.0827919304E8,2025-09-30
I1003142,246,1.846562226E7,2025-10-10
I1003143,434,5.759816523E7,2025-10-04
I1003144,227,2.38373229E7,2025-09-01
I1003145,330,1.325687265E7,2025-10-13
I1003146,339,3.047814002E7,2025-10-17
I1003147,573,1.119986648E7,2025-10-27
I1003148,1228,1.1377686251E8,2025-09-18
I1003149,117,1.182061097E7,2025-09-03
I1003150,314,3.354771786E7,2025-10-06
I1003151,1736,1.9394398488E8,2025-10-09
I1003152,756,3.193402784E7,2025-09-23
I1003153,307,4.561335592E7,2025-09-02
I1003154,302,4.143267969E7,2025-09-17
I1003155,1837,2.3627929951E8,2025-10-22
I1003156,170,5848541.67,2025-09-02
I1003157,940,7.299114007E7,2025-09-14
I1003158,548,1.15514388E7,2025-09-19
I1003159,1055,7.119610977E7,2025-09-25
I1003160,1623,5.176910841E7,2025-10-04
I1003161,730,9.748596011E7,2025-10-02
I1003162,1203,3468045.61,2025-09-08
I1003163,246,643068.63,2025-09-04
I1003164,1850,1.9701625003E8,2025-10-30
I1003165,329,3.131045299E7,2025-10-31
I1003166,188,1.548292259E7,2025-10-22
I1003167,1476,1.3858826605E8,2025-09-03
I1003168,626,4.135840633E7,2025-10-29
I1003169,147,2.019532766E7,2025-09-07
I1003170,109,3304464.04,2025-10-29
I1003171,474,6.690987508E7,2025-10-20
I1003172,754,4.031247564E7,2025-10-16
I1003173,1932,8.599611311E7,2025-09-07
I1003174,119,1.633782742E7,2025-09-12
I1003175,698,4.964062623E7,2025-10-18
I1003176,1131,4.345891825E7,2025-10-22
I1003177,1971,2.5305098378E8,2025-09-12
I1003178,1231,9.806652938E7,2025-09-22
I1003179,827,5.548258123E7,2025-10-20
I1003180,1732,8.350536042E7,2025-09-18
I1003181,372,4.058353377E7,2025-10-09
I1003182,1185,6.314381712E7,2025-10-31
I1003183,1075,4.460232598E7,2025-10-18
I1003184,1894,8.978234781E7,2025-09-24
I1003185,1162,3.039199399E7,2025-09-14
I1003186,944,1.3325979507E8,2025-10-01
I1003187,1604,1.921583364E8,2025-10-07
I1003188,1254,1.1189149822E8,2025-09-19
I1003189,147,1.001517949E7,2025-09-26
I1003190,177,2.049170707E7,2025-10-22
I1003191,1092,1.5299223419E8,2025-10-23
I1003192,138,1.035069248E7,2025-09-02
I1003193,886,1.2937200261E8,2025-09-05
I1003194,1812,2.1660563462E8,2025-09-26
I1003195,1848,9.627950392E7,2025-10-24
I1003196,465,1321273.45,2025-10-26
I1003197,946,3.331798593E7,2025-09-22
I1003198,305,1.920799677E7,2025-10-27
I1003199,798,1.781718336E7,2025-10-26
I1003200,623,8.142428164E7,2025-10-01
I1003201,1219,1.8218340231E8,2025-09-26
I1003202,165,5950819.99,2025-10-16
I1003203,748,2.886232696E7,2025-10-09
I1003204,1571,1.7017169698E8,2025-09-09
I1003205,1415,1.861728181E7,2025-10-23
I1003206,636,6.282353997E7,2025-10-07
I1003207,379,9134155.21,2025-09-28
I1003208,187,2.749942574E7,2025-10-10
I1003209,346,5178723.72,2025-09-25
I1003210,292,4969506.48,2025-09-07
I1003211,1409,5.068069589E7,2025-09-23
I1003212,1417,1.828440474E8,2025-10-24
I1003213,1712,1.3107045186E8,2025-10-09
I1003214,495,6.103614342E7,2025-10-30
I1003215,1041,7.179151487E7,2025-10-19
I1003216,664,1.274270252E7,2025-09-02
I1003217,1471,2.1250088253E8,2025-10-06
I1003218,147,8050980.31,2025-10-10
I1003219,704,8.754719215E7,2025-10-21
I1003220,581,6.171949222E7,2025-09-20
I1003221,1559,6.49467607E7,2025-09-17
I1003222,1919,2.7158032366E8,2025-10-12
I1003223,273,1.234469659E7,2025-09-15
I1003224,1432,1.48662412E7,2025-10-28
I1003225,403,4.097063319E7,2025-09-17
I1003226,111,3747656.72,2025-10-11
I1003227,1287,6.02166128E7,2025-10-09
I1003228,232,1.593964383E7,2025-10-30
I1003229,471,5.90110542E7,2025-10-18
I1003230,1438,1.6949301395E8,2025-09-05
I1003231,1242,7.19049408E7,2025-10-14
I1003232,856,489534.83,2025-09-03
I1003233,599,2.898856798E7,2025-09-23
I1003234,282,1.16189592E7,2025-09-25
I1003235,1987,1.0918462349E8,2025-10-09
I1003236,980,1.0151656926E8,2025-09-14
I1003237,1531,1.2342555398E8,2025-10-31
I1003238,1473,6.80240138E7,2025-09-05
I1003239,558,2.771860358E7,2025-10-20
I1003240,1576,1.4716882067E8,2025-09-21
I1003241,1885,1.0675921892E8,2025-09-21
I1003242,1171,1.6086037998E8,2025-10-12
I1003243,343,4.061027784E7,2025-09-21
I1003244,406,2.862086258E7,2025-10-04
I1003245,895,8.877837415E7,2025-09-15
I1003246,1270,1.5713392875E8,2025-10-28
I1003247,1279,4.480986921E7,2025-09-25
I1003248,1317,1.6265310924E8,2025-09-06
I1003249,1204,7.453345385E7,2025-09-30
I1003250,761,7.208736203E7,2025-10-06
I1003251,1842,1.8160762704E8,2025-09-02
I1003252,1770,3.745332159E7,2025-10-15
I1003253,1111,6.16889681E7,2025-09-05
I1003254,69,8091822.25,2025-09-14
I1003255,1250,3.68434738E7,2025-09-14
I1003256,1889,1.0895479007E8,2025-09-02
I1003257,857,8.672336378E7,2025-10-04
I1003258,928,1.840730754E7,2025-09-25
I1003259,1114,1.022475139E7,2025-10-03
I1003260,1855,9.691340179E7,2025-09-27
I1003261,300,4.499552654E7,2025-10-25
I1003262,608,2.490421909E7,2025-10-23
I1003263,731,8.290520893E7,2025-10-08
I1003264,1466,1.9486546648E8,2025-09-25
I1003265,1139,7.883134459E7,2025-09-11
I1003266,1653,8.380604033E7,2025-09-20
I1003267,1507,1.098693266E8,2025-10-01
I1003268,859,9.020988621E7,2025-10-03
I1003269,324,883323.19,2025-09-28
I1003270,1242,5.19446999E7,2025-09-22
I1003271,926,1.2013552647E8,2025-09-09
I1003272,1372,4.094746916E7,2025-09-09
I1003273,1011,9.685511999E7,2025-10-31
I1003274,1918,1.2913312807E8,2025-10-12
I1003275,129,151485.49,2025-10-17
I1003276,219,2.852797169E7,2025-09-01
I1003277,261,1.485234956E7,2025-09-11
I1003278,179,2.161306866E7,2025-10-31
I1003279,1811,2.4073413641E8,2025-10-12
I1003280,1282,1.0909936154E8,2025-10-23
I1003281,1446,3.038793961E7,2025-09-21
I1003282,579,6.406422551E7,2025-10-08
I1003283,889,2.483165634E7,2025-10-13
I1003284,385,5.4420917E7,2025-10-10
I1003285,1285,1.0101975321E8,2025-09-17
I1003286,497,3.092645185E7,2025-10-30
I1003287,1054,2.757216467E7,2025-09-01
I1003288,203,2.323550008E7,2025-10-02
I1003289,1270,3.411958744E7,2025-10-10
I1003290,717,4.110381439E7,2025-10-20
I1003291,417,5.058777014E7,2025-09-13
I1003292,152,7921825.25,2025-09-03
I1003293,68,7853479.28,2025-09-08
I1003294,1378,1.727551193E8,2025-09-20
I1003295,413,6.173815834E7,2025-10-17
I1003296,1219,1.8011307301E8,2025-10-21
I1003297,523,4.086728919E7,2025-09-20
I1003298,237,1.338849787E7,2025-10-31
I1003299,807,4.593665693E7,2025-09-08
I1003300,1053,6.337057215E7,2025-09-12
I1003301,1263,1.7101620568E8,2025-09-27
I1003302,1293,1.7210377269E8,2025-10-11
I1003303,1744,1.0082925814E8,2025-10-14
I1003304,454,5.753815216E7,2025-10-08
I1003305,1324,1.161223143E7,2025-09-13
I1003306,694,5.087884147E7,2025-10-25
I1003307,1782,6.265953467E7,2025-10-18
I1003308,1160,1.7029210754E8,2025-09-23
I1003309,1148,1.2095470558E8,2025-10-12
I1003310,913,7.389627672E7,2025-10-21
I1003311,677,9.915558607E7,2025-09-01
I1003312,1503,1.3571536833E8,2025-10-21
I1003313,1926,1.6522274803E8,2025-09-15
I1003314,1290,5.039407874E7,2025-10-26
I1003315,988,1.1283841161E8,2025-10-30
I1003316,1469,2.1616660614E8,2025-10-19
I1003317,226,2.396666484E7,2025-09-09
I1003318,156,4965967.17,2025-09-09
I1003319,1443,9.574071026E7,2025-09-01
I1003320,273,9155170.51,2025-09-18
I1003321,482,1.820700436E7,2025-09-07
I1003322,1182,1.4097607174E8,2025-09-03
I1003323,561,6991411.58,2025-09-03
I1003324,1583,4.566265097E7,2025-09-24
I1003325,1393,2.43739456E7,2025-09-26
I1003326,630,2.114998731E7,2025-10-29
I1003327,1872,4.444153824E7,2025-09-03
I1003328,1991,2.2289303554E8,2025-10-15
I1003329,1841,2.3484314684E8,2025-10-17
I1003330,1801,1.1880851746E8,2025-09-10
I1003331,111,1.42426727E7,2025-09-14
I1003332,369,2.926823558E7,2025-10-09
I1003333,981,2.935050318E7,2025-09-22
I1003334,80,1.196364848E7,2025-09-27
I1003335,899,5.076801533E7,2025-09-23
I1003336,863,3011070.15,2025-10-24
I1003337,1561,2.0533005649E8,2025-10-08
I1003338,228,2.4880257E7,2025-09-05
I1003339,1246,7.715836667E7,2025-10-02
I1003340,1047,4918248.0,2025-09-15
I1003341,339,1524696.6,2025-10-17
I1003342,1179,7.016181698E7,2025-09-06
I1003343,1682,2.644664898E7,2025-10-22
I1003344,393,2.999577709E7,2025-10-29
I1003345,159,1.651073964E7,2025-10-31
I1003346,612,1.357886785E7,2025-10-30
I1003347,1257,3.297862784E7,2025-09-09
I1003348,64,6473537.3,2025-10-25
I1003349,899,6.999597657E7,2025-10-30
I1003350,81,4506154.89,2025-10-14
I1003351,1341,1.315299767E8,2025-09-26
I1003352,202,2124923.22,2025-09-23
I1003353,901,1.1867471226E8,2025-10-28
I1003354,588,2.209690118E7,2025-09-03
I1003355,758,1.0564261069E8,2025-09-25
I1003356,1232,5.424535424E7,2025-09-14
I1003357,184,1.210545982E7,2025-10-18
I1003358,515,8512491.83,2025-09-24
I1003359,1827,8.107323301E7,2025-09-20
I1003360,1841,3.390807583E7,2025-09-10
I1003361,1967,1.828995239E7,2025-09-20
I1003362,1039,7675881.17,2025-09-11
I1003363,195,5868648.71,2025-09-26
I1003364,1285,1.9023361531E8,2025-09-10
I1003365,889,1.753288194E7,2025-10-03
I1003366,430,1.200804411E7,2025-10-27
I1003367,580,2.044873223E7,2025-09-14
I1003368,105,1.019007429E7,2025-10-01
I1003369,647,8.603368139E7,2025-10-14
I1003370,1603,1.2068074649E8,2025-09-09
I1003371,1294,5.136143028E7,2025-10-12
I1003372,1708,1.7974976657E8,2025-09-10
I1003373,130,8271372.65,2025-10-06
I1003374,1030,6.365631338E7,2025-10-24
I1003375,1602,8.288377619E7,2025-09-17
I1003376,1957,2.183459377E7,2025-09-17
I1003377,671,2.436130488E7,2025-10-08
I1003378,1660,1.2079162634E8,2025-10-31
I1003379,1071,9.399926088E7,2025-09-25
I1003380,1007,2.221320451E7,2025-09-16
I1003381,149,1.344561373E7,2025-09-02
I1003382,1582,1.668222829E8,2025-10-25
I1003383,1487,8.235137408E7,2025-10-10
I1003384,988,7.436657392E7,2025-09-13
I1003385,973,1.1812947015E8,2025-09-29
I1003386,762,1.978110694E7,2025-10-06
I1003387,341,4.054328268E7,2025-09-24
I1003388,1002,8.620894148E7,2025-09-16
I1003389,1520,3732409.06,2025-10-24
I1003390,925,1.036685002E8,2025-10-31
I1003391,236,1583350.35,2025-09-15
I1003392,1399,1.3063890612E8,2025-09-05
I1003393,1063,2.537486006E7,2025-09-09
I1003394,772,7.147961356E7,2025-09-23
I1003395,1539,1.453526746E7,2025-09-19
I1003396,740,8.934591732E7,2025-09-14
I1003397,1318,1.1822222371E8,2025-09-15
I1003398,1139,5.990999792E7,2025-10-02
I1003399,1340,1.592873736E7,2025-09-19
I1003400,703,9.729016494E7,2025-09-12
I1003401,690,5.650247507E7,2025-10-03
I1003402,134,2469208.99,2025-09-01
I1003403,1566,1.7838627062E8,2025-10-27
I1003404,853,3.373272934E7,2025-10-12
I1003405,781,5.625857438E7,2025-09-01
I1003406,698,3.989673189E7,2025-09-20
I1003407,572,5.537820385E7,2025-10-12
I1003408,1065,1.5258739237E8,2025-09-02
I1003409,1317,8.894037543E7,2025-10-17
I1003410,293,7236066.01,2025-10-24
I1003411,1773,3.740730873E7,2025-09-21
I1003412,1252,3.759727471E7,2025-09-14
I1003413,1133,1.4792556703E8,2025-10-06
I1003414,1079,1.3877612296E8,2025-10-22
I1003415,1491,1.3763950697E8,2025-10-18
I1003416,1163,1.5729199546E8,2025-09-28
I1003417,501,2.405866642E7,2025-09-27
I1003418,1902,1.4931739769E8,2025-10-28
I1003419,329,9247666.11,2025-09-23
I1003420,1661,1.4664784947E8,2025-10-21
I1003421,1077,1.3465309312E8,2025-10-01
I1003422,1470,1.8998637219E8,2025-10-09
I1003423,1650,1.9875449735E8,2025-10-21
I1003424,1796,1.9708011741E8,2025-10-22
I1003425,592,5.726349854E7,2025-09-26
I1003426,418,2.719087169E7,2025-10-18
I1003427,786,2.709455453E7,2025-09-11
I1003428,1873,2.230988281E7,2025-09-18
I1003429,1007,7.943294007E7,2025-10-26
I1003430,1331,6.554473556E7,2025-10-05
I1003431,50,1238803.09,2025-09-02
I1003432,1146,4.120424738E7,2025-10-25
I1003433,62,3383607.73,2025-09-17
I1003434,470,4.24236101E7,2025-09-22
I1003435,744,7100854.68,2025-10-29
I1003436,330,1.374375303E7,2025-09-10
I1003437,1350,1.5294268854E8,2025-09-02
I1003438,828,3.393863244E7,2025-10-27
I1003439,934,8.426409686E7,2025-09-22
I1003440,694,7.114918511E7,2025-10-15
I1003441,1703,2.0336398004E8,2025-10-19
I1003442,1385,8.209989288E7,2025-10-04
I1003443,1153,2.375051575E7,2025-09-23
I1003444,226,2.892601792E7,2025-10-02
I1003445,415,1.668697542E7,2025-10-23
I1003446,812,2.745063383E7,2025-10-29
I1003447,135,2281830.65,2025-10-26
I1003448,1304,8.303805407E7,2025-10-03
I1003449,463,3.99117322E7,2025-10-26
I1003450,52,608028.7,2025-09-28
I1003451,1806,2.2043555126E8,2025-10-16
I1003452,1242,1.553483786E7,2025-10-21
I1003453,1404,1.2489447368E8,2025-10-11
I1003454,1000,5.080179102E7,2025-09-07
I1003455,1318,1.5355373727E8,2025-10-27
I1003456,1737,7.498942636E7,2025-09-12
I1003457,748,6.355954878E7,2025-10-12
I1003458,625,7.795584859E7,2025-10-07
I1003459,245,2.097223329E7,2025-10-14
I1003460,827,1.244583785E7,2025-09-25
I1003461,974,1.1448956558E8,2025-10-03
I1003462,1539,9.355875108E7,2025-09-16
I1003463,380,3.745282552E7,2025-10-06
I1003464,183,1.944860187E7,2025-09-05
I1003465,599,6.896819443E7,2025-09-12
I1003466,1137,5.729288677E7,2025-10-02
I1003467,231,2096078.93,2025-10-30
I1003468,1430,1.7649525337E8,2025-10-05
I1003469,1168,4.314763146E7,2025-09-27
I1003470,906,2.266817689E7,2025-10-10
I1003471,1155,1.281914931E7,2025-10-23
I1003472,1577,8.747631742E7,2025-10-30
I1003473,1335,1.0161510918E8,2025-09-04
I1003474,173,1.154226338E7,2025-09-22
I1003475,1630,1.2726342538E8,2025-09-25
I1003476,1322,5.244969985E7,2025-10-01
I1003477,567,7.473293877E7,2025-09-14
I1003478,1987,2.5248309151E8,2025-10-13
I1003479,1489,1.7526710256E8,2025-10-01
I1003480,707,3.435141673E7,2025-10-19
I1003481,328,3358696.39,2025-09-30
I1003482,1593,4.540069458E7,2025-09-18
I1003483,1063,4.228273798E7,2025-10-03
I1003484,1310,1.845352843E7,2025-09-13
I1003485,64,9246798.67,2025-09-01
I1003486,578,7.888345439E7,2025-09-08
I1003487,1235,1.00277046E8,2025-10-17
I1003488,809,1.0354553386E8,2025-10-17
I1003489,676,5.446004497E7,2025-10-16
I1003490,926,8.963031545E7,2025-10-26
I1003491,1212,1.1419588065E8,2025-10-07
I1003492,654,3.771842621E7,2025-10-23
I1003493,823,3696891.03,2025-09-29
I1003494,343,9394082.05,2025-10-23
I1003495,480,6539433.15,2025-10-06
I1003496,1325,1.0337348499E8,2025-09-21
I1003497,902,3608859.65,2025-09-05
I1003498,1721,2.47230423E8,2025-09-30
I1003499,1266,8.372096436E7,2025-09-20
I1003500,1542,7.887721388E7,2025-10-21
I1003501,1586,1.9142208889E8,2025-09-07
I1003502,1932,6.153391602E7,2025-09-04
I1003503,1642,5.518665364E7,2025-09-08
I1003504,1836,9.919862324E7,2025-09-05
I1003505,288,2059631.21,2025-10-22
I1003506,458,5.226690775E7,2025-10-18
I1003507,1394,1.3497723095E8,2025-09-24
I1003508,423,9906960.21,2025-10-29
I1003509,56,2840545.73,2025-09-06
I1003510,1642,5.500298231E7,2025-10-09
I1003511,1145,1.244468389E8,2025-09-05
I1003512,1768,1.6338667414E8,2025-10-01
I1003513,1680,2.0607335275E8,2025-09-12
I1003514,1698,1.6377962406E8,2025-09-11
I1003515,854,9.432092587E7,2025-10-24
I1003516,680,4854217.81,2025-09-22
I1003517,1396,1.2061377571E8,2025-10-31
I1003518,835,4.214331598E7,2025-10-02
I1003519,460,2.353560097E7,2025-10-05
I1003520,440,5835467.03,2025-10-20
I1003521,704,6.735383211E7,2025-10-10
I1003522,101,3489898.32,2025-09-15
I1003523,1952,1.9136748871E8,2025-10-14
I1003524,572,8.244994346E7,2025-09-27
I1003525,514,5.732208822E7,2025-10-21
I1003526,1535,1.3462195575E8,2025-09-22
I1003527,1037,1.4895363421E8,2025-09-05
I1003528,521,6.150202435E7,2025-09-04
I1003529,1053,8.759451652E7,2025-10-08
I1003530,1682,2.1785297319E8,2025-09-01
I1003531,1463,1.3605603695E8,2025-09-08
I1003532,439,3.817857031E7,2025-09-08
I1003533,1234,1.7455828384E8,2025-10-13
I1003534,1123,1.079219875E7,2025-10-10
I1003535,1352,3526246.04,2025-09-11
I1003536,1240,1.3114939966E8,2025-09-11
I1003537,770,5.616663247E7,2025-10-24
I1003538,754,6.587564795E7,2025-09-10
I1003539,1844,2.6072350776E8,2025-09-30
I1003540,677,8.936666489E7,2025-10-15
I1003541,1645,9.828135118E7,2025-09-03
I1003542,1063,1.1901710035E8,2025-09-13
I1003543,1774,1.0991590601E8,2025-09-19
I1003544,1767,2.3099120466E8,2025-09-08
I1003545,1589,1.4098728653E8,2025-09-17
I1003546,1635,1.6879278043E8,2025-10-10
I1003547,1474,1.106212059E8,2025-09-08
I1003548,1171,4.978188929E7,2025-09-18
I1003549,814,6.966927605E7,2025-09-18
I1003550,1531,1.5369675366E8,2025-09-21
I1003551,1566,2.2763517902E8,2025-09-23
I1003552,165,7838826.99,2025-09-20
I1003553,237,1190413.04,2025-10-23
I1003554,110,5772359.88,2025-10-24
I1003555,50,5457489.0,2025-10-14
I1003556,780,1.0372314465E8,2025-10-02
I1003557,1017,4.858987268E7,2025-09-22
I1003558,1457,1.8874558466E8,2025-09-20
I1003559,1003,2.482654116E7,2025-10-20
I1003560,75,545342.82,2025-09-24
I1003561,1919,2.5384129289E8,2025-10-25
I1003562,923,6576495.79,2025-09-16
I1003563,333,3.779861981E7,2025-09-27
I1003564,682,4.237946525E7,2025-09-22
I1003565,367,4.175918917E7,2025-10-09
I1003566,584,2.417969428E7,2025-09-04
I1003567,728,4.011171752E7,2025-09-05
I1003568,212,2.646285157E7,2025-10-16
I1003569,1375,1.1318582107E8,2025-09-14
I1003570,749,9.40635853E7,2025-09-12
I1003571,1827,2.7146809398E8,2025-10-29
I1003572,1718,3.940259837E7,2025-10-05
I1003573,724,4.818970551E7,2025-09-11
I1003574,132,1.804779483E7,2025-09-30
I1003575,1555,8.248152122E7,2025-10-20
I1003576,698,1.254415518E7,2025-10-29
I1003577,531,5.530615673E7,2025-10-03
I1003578,648,7387040.72,2025-10-08
I1003579,1108,1.4649138223E8,2025-09-25
I1003580,1749,7.079946182E7,2025-09-29
I1003581,779,4.470385431E7,2025-09-14
I1003582,1574,1.0852958517E8,2025-10-10
I1003583,621,3801836.42,2025-09-06
I1003584,1860,2.5131501136E8,2025-09-20
I1003585,197,2.911076681E7,2025-10-26
I1003586,1799,2.2158171663E8,2025-10-05
I1003587,1104,2515108.57,2025-09-27
I1003588,1970,2.2329576707E8,2025-09-29
I1003589,1083,1.2639811285E8,2025-10-08
I1003590,265,3.058761314E7,2025-09-30
I1003591,1886,2.8010283872E8,2025-10-22
I1003592,1158,1.4195688851E8,2025-09-25
I1003593,102,1.148629148E7,2025-09-08
I1003594,1263,1.342417855E8,2025-10-09
I1003595,1441,1.6257105318E8,2025-09-08
I1003596,1975,5311224.5,2025-09-01
I1003597,314,3.021306081E7,2025-09-07
I1003598,1535,9.62572324E7,2025-09-16
I1003599,1054,1.5084419658E8,2025-10-27
I1003600,397,1.29230839E7,2025-10-13
I1003601,1165,9.151354739E7,2025-10-17
I1003602,1579,1.4354839413E8,2025-10-26
I1003603,1171,1.5991237287E8,2025-10-07
I1003604,324,1479378.83,2025-10-30
I1003605,222,2.892205156E7,2025-10-14
I1003606,1445,5.668044425E7,2025-09-07
I1003607,1341,1.8971313775E8,2025-09-17
I1003608,1161,2.968181526E7,2025-09-11
I1003609,1949,1.2298340114E8,2025-10-05
I1003610,827,524474.04,2025-10-14
I1003611,199,2.407724399E7,2025-09-21
I1003612,1940,1.0588442361E8,2025-09-22
I1003613,1314,1.857518677E7,2025-09-16
I1003614,815,8.106464532E7,2025-10-05
I1003615,1539,1.5062445143E8,2025-10-05
I1003616,1493,3085304.96,2025-10-30
I1003617,1164,1.6702066065E8,2025-09-27
I1003618,1127,1.3913937755E8,2025-09-03
I1003619,417,1.180771557E7,2025-09-20
I1003620,1301,1.4480538293E8,2025-09-28
I1003621,1585,1.6638765114E8,2025-09-20
I1003622,619,5.100005378E7,2025-09-17
I1003623,621,5.391806842E7,2025-09-21
I1003624,709,7.72928038E7,2025-09-05
I1003625,221,9732366.88,2025-09-05
I1003626,1291,8.266430744E7,2025-09-22
I1003627,724,1.013455907E7,2025-09-01
I1003628,107,2520724.07,2025-10-21
I1003629,678,5.826059917E7,2025-10-01
I1003630,1869,3.242213702E7,2025-10-01
I1003631,597,4.326339588E7,2025-10-31
I1003632,362,1.7671004E7,2025-10-29
I1003633,1682,5.4267091E7,2025-10-22
I1003634,1424,2.819593719E7,2025-10-20
I1003635,1152,1.3295396939E8,2025-09-02
I1003636,1337,5.36530268E7,2025-09-29
I1003637,1665,4.413800618E7,2025-09-15
I1003638,890,8.01103089E7,2025-10-23
I1003639,1360,2.0921296E7,2025-09-18
I1003640,222,1064429.91,2025-10-29
I1003641,1910,1.2748575495E8,2025-10-10
I1003642,1816,1.3405522583E8,2025-10-18
I1003643,1717,1.4867636694E8,2025-10-14
I1003644,606,4.956250243E7,2025-10-07
I1003645,67,50383.29,2025-10-29
I1003646,1494,1.9471378228E8,2025-10-06
I1003647,445,4.234494885E7,2025-09-29
I1003648,407,2.976859395E7,2025-09-22
I1003649,812,9695912.62,2025-09-14
I1003650,363,6786101.77,2025-09-30
I1003651,1147,1.3755855306E8,2025-10-18
I1003652,625,7.933598673E7,2025-10-24
I1003653,1326,9219238.96,2025-10-07
I1003654,1230,5.391689037E7,2025-09-03
I1003655,1966,1.7201800712E8,2025-10-02
I1003656,166,1.244273977E7,2025-10-31
I1003657,351,3.75073006E7,2025-10-03
I1003658,685,6.02881278E7,2025-10-30
I1003659,1301,1.595937184E8,2025-10-30
I1003660,1605,2.0183130775E8,2025-10-21
I1003661,460,6.408952089E7,2025-09-17
I1003662,365,3.179566688E7,2025-10-20
I1003663,688,9.861787796E7,2025-09-15
I1003664,261,3.174083101E7,2025-10-17
I1003665,682,8.061961224E7,2025-10-18
I1003666,775,3020191.45,2025-10-27
I1003667,1497,2.869552252E7,2025-09-10
I1003668,1359,9.795568736E7,2025-10-11
I1003669,1780,2.2842725585E8,2025-10-03
I1003670,74,8316732.75,2025-09-07
I1003671,1466,1.989478926E7,2025-09-18
I1003672,338,1.19912908E7,2025-10-28
I1003673,1112,9.954354199E7,2025-10-31
I1003674,1850,2.011803678E7,2025-09-02
I1003675,1351,1.2681272743E8,2025-09-04
I1003676,221,1.88047266E7,2025-09-28
I1003677,1237,1.6468849718E8,2025-09-27
I1003678,226,1.742010858E7,2025-09-12
I1003679,1354,4.065595152E7,2025-09-24
I1003680,731,1.528871787E7,2025-09-24
I1003681,1660,7653788.27,2025-10-05
I1003682,256,3.160233539E7,2025-09-01
I1003683,1780,2.0904913493E8,2025-09-25
I1003684,251,2.497457097E7,2025-09-28
I1003685,1130,7494283.03,2025-10-08
I1003686,1584,1.6027185252E8,2025-09-25
I1003687,1434,1.8239320147E8,2025-10-17
I1003688,91,7839257.32,2025-10-11
I1003689,615,6.566051637E7,2025-10-02
I1003690,260,1.226094672E7,2025-10-06
I1003691,522,7.432209686E7,2025-09-24
I1003692,1772,1.1693827066E8,2025-10-16
I1003693,1322,2.254704688E7,2025-10-19
I1003694,1700,9.488733987E7,2025-09-20
I1003695,1177,3.452641607E7,2025-10-25
I1003696,753,7.912267388E7,2025-09-19
I1003697,1219,6.555139396E7,2025-09-20
I1003698,1532,7.32949403E7,2025-10-30
I1003699,1462,1.4808023131E8,2025-09-15
I1003700,497,7.40072372E7,2025-09-23
I1003701,1071,8.220746297E7,2025-09-17
I1003702,1347,1.35865522E7,2025-10-25
I1003703,1004,1.2439008079E8,2025-09-18
I1003704,1001,8.409445531E7,2025-10-28
I1003705,925,9.38852068E7,2025-10-23
I1003706,1421,1.5218416063E8,2025-09-12
I1003707,1186,1.5319121409E8,2025-10-27
I1003708,1145,1.197622534E8,2025-09-30
I1003709,1840,9.649049632E7,2025-10-18
I1003710,1718,3.665494694E7,2025-10-27
I1003711,1649,1.9282915795E8,2025-10-20
I1003712,515,2.832931938E7,2025-10-17
I1003713,1410,6.282507187E7,2025-09-06
I1003714,50,4456409.09,2025-10-25
I1003715,1505,9.633090018E7,2025-09-02
I1003716,857,9.644333742E7,2025-09-09
I1003717,562,3.88293394E7,2025-10-25
I1003718,1426,1.7243306621E8,2025-10-10
I1003719,316,1.506276494E7,2025-09-30
I1003720,1446,2.0016139117E8,2025-10-09
I1003721,1548,1.6619146689E8,2025-09-05
I1003722,1785,6.927793775E7,2025-09-07
I1003723,1343,1.0260621746E8,2025-10-26
I1003724,384,1.333070237E7,2025-10-27
I1003725,1455,1.4853883748E8,2025-09-14
I1003726,1287,2.656349849E7,2025-10-21
I1003727,338,4.523826825E7,2025-09-06
I1003728,448,2.364505735E7,2025-10-12
I1003729,431,5.846659147E7,2025-09-10
I1003730,1465,8.471011145E7,2025-10-09
I1003731,385,1.335026779E7,2025-09-01
I1003732,1257,1.1964413782E8,2025-10-05
I1003733,756,1.0217430409E8,2025-10-07
I1003734,430,3.272819172E7,2025-09-16
I1003735,651,5.377325284E7,2025-09-20
I1003736,709,6.8984702E7,2025-10-28
I1003737,1681,3.594193988E7,2025-10-23
I1003738,852,1.1994813163E8,2025-09-24
I1003739,1695,1.9458695773E8,2025-09-26
I1003740,790,7.018356629E7,2025-09-30
I1003741,534,3.297313406E7,2025-09-02
I1003742,1715,3.36243425E7,2025-09-17
I1003743,1039,5.664120018E7,2025-09-13
I1003744,1163,1.3918976354E8,2025-09-26
I1003745,1900,1.8457239953E8,2025-10-07
I1003746,68,5156392.47,2025-10-15
I1003747,230,2.832650004E7,2025-09-28
I1003748,1567,2.0310749276E8,2025-10-04
I1003749,1896,1.2746529764E8,2025-09-16
I1003750,1466,1.7461887917E8,2025-09-19
I1003751,633,9760658.21,2025-10-29
I1003752,364,2.604536031E7,2025-10-11
I1003753,661,2.119004707E7,2025-09-25
I1003754,727,7.547264575E7,2025-09-05
I1003755,441,1.454095438E7,2025-09-05
I1003756,689,2.115518082E7,2025-10-19
I1003757,123,1.354155354E7,2025-09-16
I1003758,1960,2.2445955854E8,2025-09-26
I1003759,1538,1.1971340307E8,2025-09-04
I1003760,181,790230.67,2025-10-11
I1003761,525,4.059876085E7,2025-10-07
I1003762,893,1.1978824978E8,2025-10-30
I1003763,1079,8.829914109E7,2025-09-13
I1003764,143,5381517.86,2025-09-27
I1003765,838,1.45346519E7,2025-09-21
I1003766,1817,5.832897613E7,2025-10-23
I1003767,1573,1.5738030278E8,2025-09-07
I1003768,1230,1.7661221569E8,2025-09-20
I1003769,368,2.861930224E7,2025-09-03
I1003770,544,3.072920462E7,2025-09-28
I1003771,1967,1.7138185063E8,2025-10-24
I1003772,1731,2.2649043377E8,2025-09-23
I1003773,973,6.473632191E7,2025-09-14
I1003774,1726,5.697088942E7,2025-09-09
I1003775,275,3.160941503E7,2025-10-23
I1003776,1902,3.652017995E7,2025-09-09
I1003777,923,1.2397206063E8,2025-09-04
I1003778,655,3.258144058E7,2025-10-29
I1003779,762,7539013.04,2025-10-10
I1003780,1066,7.230797331E7,2025-10-04
I1003781,669,2.047268008E7,2025-10-14
I1003782,87,8933869.59,2025-09-05
I1003783,1347,1.4366432766E8,2025-10-28
I1003784,617,4.899580265E7,2025-10-10
I1003785,1593,5.679990868E7,2025-10-06
I1003786,809,1.0401824639E8,2025-10-26
I1003787,1924,2.1459202199E8,2025-10-05
I1003788,1460,2.167360942E7,2025-10-12
I1003789,1495,1.6190052623E8,2025-10-21
I1003790,1343,1.1919627467E8,2025-09-11
I1003791,1984,2.437531995E7,2025-09-04
I1003792,267,3.932965032E7,2025-10-24
I1003793,84,1.106708859E7,2025-10-12
I1003794,655,8.845291979E7,2025-09-12
I1003795,367,3.391743945E7,2025-10-12
I1003796,1021,1.1419101123E8,2025-09-29
I1003797,1091,9.162470265E7,2025-09-22
I1003798,664,2.928617086E7,2025-09-03
I1003799,1394,1.8004434103E8,2025-10-22
I1003800,1132,6675945.3,2025-09-10
I1003801,1173,1.397053286E7,2025-09-15
I1003802,471,2.447707267E7,2025-10-03
I1003803,1826,5.500270353E7,2025-10-15
I1003804,1540,2.061711449E8,2025-09-13
I1003805,1063,5.314197899E7,2025-10-07
I1003806,1889,1.5524510037E8,2025-09-07
I1003807,867,2.726396235E7,2025-10-15
I1003808,257,3.029500057E7,2025-10-20
I1003809,467,361610.24,2025-10-11
I1003810,1188,1.850374782E7,2025-09-13
I1003811,1390,2.0155226865E8,2025-10-21
I1003812,738,9.424467288E7,2025-09-21
I1003813,993,1.2213524862E8,2025-10-12
I1003814,526,1.401643467E7,2025-10-28
I1003815,347,4.749466582E7,2025-10-03
I1003816,1615,1.2876728068E8,2025-09-22
I1003817,663,2.089272255E7,2025-10-22
I1003818,1424,1.1503197817E8,2025-10-11
I1003819,228,2.126606229E7,2025-10-29
I1003820,903,1.2183256737E8,2025-09-14
I1003821,513,6.507208352E7,2025-10-26
I1003822,1123,8.226111497E7,2025-09-06
I1003823,149,4462327.42,2025-10-19
I1003824,184,1173177.85,2025-09-08
I1003825,1232,2.192547676E7,2025-09-28
I1003826,1694,2.3050621908E8,2025-09-30
I1003827,1459,2.0742017488E8,2025-09-18
I1003828,694,1.722483609E7,2025-09-30
I1003829,1489,9871494.34,2025-10-17
I1003830,978,1.2883015258E8,2025-10-30
I1003831,693,7.202459427E7,2025-09-19
I1003832,1003,1.0670792037E8,2025-10-03
I1003833,1523,2.195991044E7,2025-10-05
I1003834,790,7.983684647E7,2025-10-05
I1003835,1064,1.3644520769E8,2025-09-16
I1003836,1585,8.413592225E7,2025-10-24
I1003837,427,2.770744144E7,2025-09-12
I1003838,1458,1.3187564865E8,2025-10-14
I1003839,121,4561496.21,2025-10-12
I1003840,816,4305496.21,2025-10-15
I1003841,134,8876796.24,2025-09-08
I1003842,1310,2.618843895E7,2025-10-10
I1003843,495,4.488743528E7,2025-10-17
I1003844,779,1.0262358754E8,2025-10-08
I1003845,1103,8.749802595E7,2025-10-25
I1003846,160,2.188813984E7,2025-09-04
I1003847,868,2.646124367E7,2025-10-21
I1003848,1249,4.019089286E7,2025-10-04
I1003849,1015,1.4451972507E8,2025-10-26
I1003850,1899,2.7680138522E8,2025-09-27
I1003851,1635,8.771094405E7,2025-09-13
I1003852,823,1.0156723196E8,2025-09-08
I1003853,826,900560.86,2025-10-07
I1003854,653,1.929166051E7,2025-09-10
I1003855,226,1.795459702E7,2025-10-01
I1003856,247,1.849426283E7,2025-10-28
I1003857,561,3.700785772E7,2025-09-08
I1003858,501,9862938.53,2025-10-15
I1003859,1679,9.438069607E7,2025-10-04
I1003860,1205,3.748118685E7,2025-10-29
I1003861,939,7.198782957E7,2025-10-12
I1003862,1651,8.92578905E7,2025-10-09
I1003863,1303,1.743889388E7,2025-10-27
I1003864,1850,2.3296681369E8,2025-09-03
I1003865,1305,8.329368272E7,2025-09-01
I1003866,1453,3.097497753E7,2025-10-23
I1003867,1457,5.995673548E7,2025-10-18
I1003868,163,2.058848948E7,2025-09-15
I1003869,519,5.000440605E7,2025-09-12
I1003870,1856,1.7834212388E8,2025-10-29
I1003871,399,4.10395434E7,2025-09-06
I1003872,705,2056143.73,2025-09-15
I1003873,1512,3.613251826E7,2025-09-07
I1003874,341,1.555984824E7,2025-10-02
I1003875,1217,1.633361706E7,2025-10-20
I1003876,588,4.609709977E7,2025-10-04
I1003877,567,6.147053272E7,2025-10-23
I1003878,1716,2.4408267457E8,2025-10-27
I1003879,1295,1.3213963161E8,2025-10-04
I1003880,1252,1.0617202884E8,2025-10-06
I1003881,1704,2.2055827245E8,2025-10-24
I1003882,672,4.815649095E7,2025-09-30
I1003883,1374,1.2142425518E8,2025-10-05
I1003884,543,2.972345843E7,2025-09-01
I1003885,722,6.91877629E7,2025-10-30
I1003886,1753,5.017709241E7,2025-09-18
I1003887,162,1.403471887E7,2025-09-21
I1003888,1051,8.87096162E7,2025-10-08
I1003889,868,1.2198967225E8,2025-09-03
I1003890,1301,1.0480587893E8,2025-09-09
I1003891,811,7.26750251E7,2025-09-15
I1003892,899,6.700580016E7,2025-10-11
I1003893,751,1.720386493E7,2025-09-02
I1003894,1368,1.789992596E7,2025-10-16
I1003895,218,7324513.59,2025-09-14
I1003896,1506,7.027333739E7,2025-09-23
I1003897,1008,8.185184801E7,2025-09-21
I1003898,253,1927202.9,2025-09-23
I1003899,1683,2.0898298659E8,2025-09-07
I1003900,274,3806988.76,2025-09-01
I1003901,1458,1.1354823217E8,2025-09-27
I1003902,1927,1.6728867404E8,2025-10-13
I1003903,126,4241409.58,2025-10-22
I1003904,932,7.710147903E7,2025-10-03
I1003905,141,1.492444102E7,2025-10-28
I1003906,859,8.592216875E7,2025-10-11
I1003907,1074,1.154322886E7,2025-09-07
I1003908,981,4.843637107E7,2025-10-25
I1003909,753,7.537154573E7,2025-09-30
I1003910,849,1.1538105625E8,2025-10-04
I1003911,1931,1.2358530576E8,2025-10-08
I1003912,1166,1.3968789283E8,2025-09-25
I1003913,747,7.556445804E7,2025-10-01
I1003914,1792,1.2167694708E8,2025-10-09
I1003915,1271,1.8123562465E8,2025-09-19
I1003916,886,3.397248875E7,2025-09-03
I1003917,796,9.294786669E7,2025-10-18
I1003918,1354,1.9970212881E8,2025-10-17
I1003919,840,2.667382453E7,2025-09-14
I1003920,542,1.814246469E7,2025-09-17
I1003921,264,1.531651099E7,2025-10-06
I1003922,1103,3.235781747E7,2025-10-01
I1003923,1101,1.1642169485E8,2025-09-30
I1003924,252,9670840.99,2025-10-06
I1003925,410,2863050.16,2025-09-25
I1003926,538,3.832524345E7,2025-10-09
I1003927,680,3.601495261E7,2025-10-23
I1003928,1972,2.2342894999E8,2025-09-07
I1003929,1030,2.081036319E7,2025-09-18
I1003930,1615,1.9316832748E8,2025-10-25
I1003931,1577,1.7084158748E8,2025-09-28
I1003932,601,2.689601911E7,2025-10-09
I1003933,1624,1.0772915896E8,2025-09-23
I1003934,621,5.884643332E7,2025-09-20
I1003935,786,4.40306336E7,2025-10-01
I1003936,1530,4.172301342E7,2025-10-01
I1003937,771,7.488135178E7,2025-10-28
I1003938,1750,1.5078513725E8,2025-10-27
I1003939,1891,4.973104527E7,2025-09-22
I1003940,1256,6.002241228E7,2025-09-07
I1003941,1569,7.654481169E7,2025-09-30
I1003942,323,2.92226285E7,2025-09-09
I1003943,938,4.943064992E7,2025-10-29
I1003944,1051,8.998403148E7,2025-09-14
I1003945,1523,8.428010722E7,2025-10-27
I1003946,123,1.210885706E7,2025-10-28
I1003947,1927,2.8770790204E8,2025-09-27
I1003948,757,1.937538919E7,2025-10-31
I1003949,404,2.608853217E7,2025-10-03
I1003950,1389,1.820191011E8,2025-10-01
I1003951,1691,2.1099408154E8,2025-09-21
I1003952,282,3.231665306E7,2025-09-15
I1003953,1428,5.989380841E7,2025-10-18
I1003954,940,7.93482905E7,2025-10-02
I1003955,1836,8.898440454E7,2025-10-31
I1003956,221,3744537.02,2025-09-10
I1003957,243,2.786476894E7,2025-10-10
I1003958,441,7359683.36,2025-10-02
I1003959,1940,1.9631651517E8,2025-09-27
I1003960,610,7.491047819E7,2025-09-23
I1003961,1826,1.4935517899E8,2025-09-19
I1003962,724,6.24880381E7,2025-09-04
I1003963,579,7.42562452E7,2025-09-20
I1003964,193,1.887078723E7,2025-09-04
I1003965,1386,1.9201202513E8,2025-09-09
I1003966,1646,2.724508928E7,2025-10-04
I1003967,894,7.155288137E7,2025-10-06
I1003968,1809,6.261272481E7,2025-09-13
I1003969,1572,1.5597272674E8,2025-09-29
I1003970,872,1.1776228034E8,2025-09-24
I1003971,1277,1.640891636E8,2025-09-03
I1003972,915,8.212806355E7,2025-09-26
I1003973,1347,1.7181623619E8,2025-10-26
I1003974,1392,2.0220811868E8,2025-10-03
I1003975,714,4.349551332E7,2025-10-13
I1003976,899,1.347632118E8,2025-09-14
I1003977,1105,8.66320786E7,2025-10-11
I1003978,1448,3.571125462E7,2025-10-20
I1003979,1854,1.4793587865E8,2025-09-18
I1003980,283,1.216499379E7,2025-09-22
I1003981,1845,2.051751124E7,2025-09-16
I1003982,1925,2.633090401E8,2025-09-11
I1003983,1882,1.0246860098E8,2025-10-06
I1003984,1052,3.726745077E7,2025-10-13
I1003985,1898,2.1060898394E8,2025-10-14
I1003986,541,7426735.24,2025-09-29
I1003987,1801,2.5363515716E8,2025-09-20
I1003988,934,1.1055147961E8,2025-10-10
I1003989,993,1.4721134612E8,2025-09-09
I1003990,409,4.104478715E7,2025-09-01
I1003991,672,1515935.35,2025-09-17
I1003992,986,2.626936641E7,2025-10-11
I1003993,202,1.902194335E7,2025-09-10
I1003994,205,1.944425477E7,2025-10-29
I1003995,1327,1.9477006784E8,2025-10-02
I1003996,322,1.676732144E7,2025-09-08
I1003997,192,2.024597206E7,2025-10-26
I1003998,1304,1.5070370904E8,2025-10-08
I1003999,982,1.785403049E7,2025-10-23
I1004000,946,4.62883808E7,2025-10-21
I1004001,334,1.709091986E7,2025-09-11
I1004002,1492,1156616.39,2025-10-26
I1004003,1249,8.819490995E7,2025-10-27
I1004004,232,1.696549649E7,2025-10-16
I1004005,129,1.039695578E7,2025-10-30
I1004006,923,3.884658437E7,2025-10-30
I1004007,1168,3376716.73,2025-09-27
I1004008,1496,1.9175910347E8,2025-09-03
I1004009,1214,4.968156172E7,2025-09-09
I1004010,257,8983951.23,2025-09-12
I1004011,1807,1.0780957283E8,2025-10-15
I1004012,1374,1.7465306779E8,2025-10-26
I1004013,1051,3.492432302E7,2025-09-20
I1004014,1277,6.054565673E7,2025-09-29
I1004015,1729,1.4402910715E8,2025-09-03
I1004016,1358,9.332764592E7,2025-09-02
I1004017,895,3793357.58,2025-09-28
I1004018,1426,1.8643436605E8,2025-09-01
I1004019,899,3.138054382E7,2025-10-30
I1004020,1943,2.1033999852E8,2025-09-27
I1004021,1107,9.383210292E7,2025-10-08
I1004022,1364,9.308736441E7,2025-10-14
I1004023,125,1.489320108E7,2025-10-30
I1004024,1656,1.7704203983E8,2025-09-05
I1004025,1713,1.5476010847E8,2025-09-08
I1004026,1107,1.4232634613E8,2025-10-29
I1004027,1884,1.3803313504E8,2025-10-27
I1004028,780,7663349.33,2025-10-12
I1004029,1562,1.6461372088E8,2025-09-08
I1004030,1118,1.5471058236E8,2025-09-28
I1004031,641,8.419396756E7,2025-10-14
I1004032,1319,9.710357486E7,2025-10-24
I1004033,1309,1.1273074947E8,2025-10-12
I1004034,1552,1.3375337113E8,2025-10-07
I1004035,1394,1.561318928E7,2025-09-15
I1004036,83,4172672.73,2025-09-21
I1004037,911,1.0811785299E8,2025-09-25
I1004038,76,735370.33,2025-09-07
I1004039,506,6.135762163E7,2025-09-30
I1004040,1569,2.774088553E7,2025-09-16
I1004041,1563,3.665892284E7,2025-10-17
I1004042,1466,1.2732330342E8,2025-09-05
I1004043,549,1.96804883E7,2025-10-03
I1004044,615,7672873.95,2025-09-04
I1004045,157,1.406080922E7,2025-10-21
I1004046,1930,1.7588352035E8,2025-09-07
I1004047,315,8385939.2,2025-09-09
I1004048,1100,1.6375925308E8,2025-10-08
I1004049,661,8.899390374E7,2025-10-23
I1004050,1153,2.021982054E7,2025-10-31
I1004051,287,4.02705917E7,2025-10-05
I1004052,1936,2.139307777E7,2025-10-13
I1004053,253,1.943161795E7,2025-10-03
I1004054,417,4.286836572E7,2025-09-18
I1004055,1858,1.6488020387E8,2025-10-19
I1004056,1206,5.26028897E7,2025-10-02
I1004057,338,2.043612955E7,2025-09-14
I1004058,709,8.022066625E7,2025-10-16
I1004059,665,8.537626906E7,2025-09-03
I1004060,1372,9.665080629E7,2025-10-07
I1004061,809,7.419927768E7,2025-10-13
I1004062,972,4.978709617E7,2025-09-02
I1004063,1164,1.0261973951E8,2025-10-07
I1004064,602,1.450688058E7,2025-10-18
I1004065,333,4.079389555E7,2025-10-05
I1004066,538,4332312.61,2025-10-04
I1004067,1321,1.0740221507E8,2025-09-11
I1004068,606,7.557216935E7,2025-10-23
I1004069,674,7.070159345E7,2025-09-28
I1004070,1545,1.3576066489E8,2025-10-28
I1004071,1746,2086099.26,2025-10-02
I1004072,1405,1.2270610877E8,2025-09-19
I1004073,1899,2.0838072512E8,2025-09-09
I1004074,167,3613196.74,2025-10-18
I1004075,1480,7.432884266E7,2025-09-22
I1004076,1905,3.208748638E7,2025-10-10
I1004077,1642,1.5504843033E8,2025-10-28
I1004078,1406,1.4412181619E8,2025-10-20
I1004079,1719,1.7117667484E8,2025-09-23
I1004080,973,7.387825348E7,2025-10-03
I1004081,913,7.42605326E7,2025-09-26
I1004082,1775,2.727205565E7,2025-09-30
I1004083,511,1.365540208E7,2025-10-07
I1004084,1154,6.568167086E7,2025-10-21
I1004085,1150,1.3933020502E8,2025-10-08
I1004086,1389,2.038786785E8,2025-09-19
I1004087,176,7590859.13,2025-10-20
I1004088,1002,2.824409063E7,2025-09-04
I1004089,735,6.98635672E7,2025-09-13
I1004090,766,8.15257051E7,2025-09-24
I1004091,721,8.809895738E7,2025-10-10
I1004092,1364,3.655516129E7,2025-09-01
I1004093,1880,2.5435522573E8,2025-10-26
I1004094,1961,1.4416769807E8,2025-10-11
I1004095,1874,2.4867108236E8,2025-10-15
I1004096,827,7.558637709E7,2025-09-05
I1004097,450,8843861.24,2025-10-13
I1004098,970,5.654611414E7,2025-10-19
I1004099,1900,1.0747480268E8,2025-09-17
I1004100,1648,1.5911399469E8,2025-09-11
I1004101,94,1287590.93,2025-09-03
I1004102,596,4.931314795E7,2025-09-02
I1004103,88,3956283.46,2025-09-23
I1004104,563,2.507480247E7,2025-10-26
I1004105,118,9147625.51,2025-10-10
I1004106,1109,1.4942874426E8,2025-09-18
I1004107,474,6.751610155E7,2025-10-05
I1004108,649,1.658552788E7,2025-10-13
I1004109,1370,5.496253036E7,2025-09-18
I1004110,1587,1.9845407449E8,2025-10-25
I1004111,1914,8.524261927E7,2025-10-18
I1004112,81,2685342.82,2025-09-29
I1004113,1073,6.112429877E7,2025-09-11
I1004114,1282,5.789397251E7,2025-10-03
I1004115,312,2.48438528E7,2025-09-15
I1004116,1110,1.1322934546E8,2025-10-03
I1004117,1474,5.28377883E7,2025-10-15
I1004118,925,3.490879714E7,2025-10-24
I1004119,1635,7.163216847E7,2025-09-12
I1004120,1044,6.133160373E7,2025-10-19
I1004121,1407,1.296323547E7,2025-09-13
I1004122,366,4.865096712E7,2025-10-08
I1004123,1340,9.127956622E7,2025-09-03
I1004124,1677,1.9392091169E8,2025-10-17
I1004125,68,6280470.24,2025-10-09
I1004126,888,8950132.07,2025-10-01
I1004127,569,510472.3,2025-09-12
I1004128,190,3140683.13,2025-09-30
I1004129,1118,1.0516086517E8,2025-09-24
I1004130,1804,2.3990827347E8,2025-10-17
I1004131,967,3.780916734E7,2025-10-22
I1004132,1200,9.368999724E7,2025-09-22
I1004133,1444,1.3185584619E8,2025-10-05
I1004134,110,1097529.77,2025-09-06
I1004135,1247,1.403574654E8,2025-09-05
I1004136,160,1.328288218E7,2025-10-29
I1004137,1247,1.3059228594E8,2025-09-06
I1004138,1373,1.0620447996E8,2025-10-12
I1004139,1248,1.0235966356E8,2025-10-25
I1004140,1066,2.863519229E7,2025-09-08
I1004141,359,2.565417644E7,2025-10-01
I1004142,1396,8.955076176E7,2025-10-23
I1004143,1748,2.1035899903E8,2025-09-05
I1004144,594,2.925831228E7,2025-09-13
I1004145,478,5086090.01,2025-09-07
I1004146,1604,2.8433212E7,2025-09-22
I1004147,1136,1.4791507338E8,2025-09-02
I1004148,1930,1.493690919E7,2025-09-17
I1004149,327,1.976778105E7,2025-09-28
I1004150,1256,5.293942437E7,2025-09-30
I1004151,157,1.674646161E7,2025-10-25
I1004152,384,4.269040912E7,2025-09-21
I1004153,612,5.02722687E7,2025-09-10
I1004154,471,4.21984345E7,2025-10-15
I1004155,323,3.265864964E7,2025-10-13
I1004156,1682,5.713406768E7,2025-10-16
I1004157,643,3.988520795E7,2025-10-21
I1004158,1466,6552796.18,2025-10-17
I1004159,224,2.593419332E7,2025-09-09
I1004160,545,3.154734667E7,2025-10-11
I1004161,1648,1.7481939986E8,2025-09-21
I1004162,1604,6.908668053E7,2025-10-05
I1004163,1476,4.526708521E7,2025-09-29
I1004164,1377,1.580843574E7,2025-09-18
I1004165,1849,1.4951864259E8,2025-10-12
I1004166,918,7392505.54,2025-09-21
I1004167,556,5288062.61,2025-09-16
I1004168,1978,1.9914529942E8,2025-09-10
I1004169,651,9.485020954E7,2025-09-12
I1004170,939,8.894668714E7,2025-09-18
I1004171,625,1.362654139E7,2025-09-14
I1004172,1007,6.104413094E7,2025-09-14
I1004173,1213,6.803448095E7,2025-09-28
I1004174,591,4.724653806E7,2025-10-27
I1004175,1675,2.4382919018E8,2025-10-10
I1004176,1285,1.718495214E7,2025-09-18
I1004177,840,3.507601084E7,2025-10-26
I1004178,128,1.091158557E7,2025-09-04
I1004179,184,2.232221929E7,2025-10-28
I1004180,1648,6.386041129E7,2025-09-17
I1004181,350,3.891764652E7,2025-10-12
I1004182,1819,9.906593203E7,2025-09-06
I1004183,1620,6.808691883E7,2025-10-25
I1004184,968,8.815285604E7,2025-10-22
I1004185,836,1.2070096893E8,2025-09-11
I1004186,580,3.937362342E7,2025-09-02
I1004187,660,1186605.68,2025-10-25
I1004188,152,6671969.01,2025-10-23
I1004189,1987,1.0455681926E8,2025-09-22
I1004190,1244,1.0874686284E8,2025-09-26
I1004191,985,5.117743761E7,2025-10-15
I1004192,1121,7.498989284E7,2025-10-17
I1004193,1077,1.6100428068E8,2025-09-26
I1004194,1208,2.992197969E7,2025-09-18
I1004195,1110,2.206255602E7,2025-09-23
I1004196,678,6073682.47,2025-10-19
I1004197,271,3.485453089E7,2025-10-07
I1004198,942,1.3308461988E8,2025-09-17
I1004199,1390,1.3788018829E8,2025-10-18
I1004200,1734,2.3733844823E8,2025-09-13
I1004201,684,7.502913119E7,2025-10-05
I1004202,1778,2.3694725342E8,2025-09-24
I1004203,1955,1.2938092669E8,2025-09-27
I1004204,377,1.170200029E7,2025-10-29
I1004205,387,2.003685444E7,2025-09-15
I1004206,72,1168707.9,2025-09-06
I1004207,328,1.392804492E7,2025-09-14
I1004208,499,6.229950593E7,2025-09-26
I1004209,1092,4.328550908E7,2025-09-28
I1004210,859,8.568894021E7,2025-10-30
I1004211,70,7449305.1,2025-09-17
I1004212,291,2.888930149E7,2025-09-08
I1004213,1653,2.2219117719E8,2025-10-02
I1004214,556,8.245925672E7,2025-10-04
I1004215,281,1.485317705E7,2025-10-05
I1004216,1696,2.0036048133E8,2025-09-12
I1004217,956,1.3539380991E8,2025-09-28
I1004218,584,4.006881156E7,2025-09-25
I1004219,1424,4.099679704E7,2025-09-29
I1004220,723,1.36489314E7,2025-10-04
I1004221,1886,2.2783426819E8,2025-09-01
I1004222,907,7.119637833E7,2025-10-26
I1004223,861,1.043797244E7,2025-10-07
I1004224,353,2331279.57,2025-09-25
I1004225,906,9.537354058E7,2025-10-25
I1004226,188,1.358649442E7,2025-10-27
I1004227,1940,1.2236863414E8,2025-09-18
I1004228,1457,2.0754559878E8,2025-10-28
I1004229,562,2.702446743E7,2025-09-10
I1004230,767,8.783091697E7,2025-10-07
I1004231,1916,2.7522570319E8,2025-09-28
I1004232,1960,2.1079533328E8,2025-10-24
I1004233,283,2.755180977E7,2025-09-17
I1004234,770,6.430661357E7,2025-10-10
I1004235,1498,8.024275183E7,2025-09-30
I1004236,172,2.028885668E7,2025-09-06
I1004237,1654,1.202665319E7,2025-09-08
I1004238,1692,1.4886581841E8,2025-09-21
I1004239,619,5.204385606E7,2025-10-08
I1004240,1561,1.1714613096E8,2025-09-13
I1004241,459,4.395440169E7,2025-10-24
I1004242,1206,1.5347606624E8,2025-10-23
I1004243,1602,1.7908312481E8,2025-09-05
I1004244,1515,9.235302239E7,2025-09-16
I1004245,1681,1.737558791E8,2025-10-26
I1004246,1362,1.9767346159E8,2025-09-22
I1004247,211,3.107425183E7,2025-09-21
I1004248,702,9.037421242E7,2025-09-22
I1004249,844,8.039947036E7,2025-10-27
I1004250,1975,5.807953181E7,2025-10-10
I1004251,1884,1.4700148348E8,2025-10-02
I1004252,945,1.258726463E7,2025-09-16
I1004253,75,1771930.15,2025-10-02
I1004254,615,7.617165064E7,2025-09-20
I1004255,1249,8.64966124E7,2025-09-29
I1004256,1793,6.71593416E7,2025-09-06
I1004257,1144,6.455962331E7,2025-10-17
I1004258,1895,1.0207925667E8,2025-10-16
I1004259,359,3.264817394E7,2025-10-19
I1004260,182,8330163.81,2025-09-20
I1004261,156,1341707.83,2025-09-28
I1004262,798,9270154.03,2025-10-22
I1004263,902,8892778.17,2025-09-15
I1004264,655,3432346.84,2025-09-14
I1004265,873,3396367.76,2025-10-12
I1004266,1482,1.8524436409E8,2025-09-04
I1004267,758,1.901044696E7,2025-10-27
I1004268,986,8.535845449E7,2025-09-03
I1004269,1798,1.2675175528E8,2025-10-14
I1004270,442,4.752247358E7,2025-10-22
I1004271,914,1.677937913E7,2025-09-14
I1004272,1500,1.9309075159E8,2025-09-09
I1004273,1652,1.7140556312E8,2025-09-25
I1004274,1181,1.30152793E7,2025-10-30
I1004275,617,8.163072948E7,2025-09-06
I1004276,1076,1.054642309E7,2025-10-15
I1004277,1626,2.500982508E7,2025-10-30
I1004278,1285,5.981264728E7,2025-10-21
I1004279,470,3.827592061E7,2025-09-19
I1004280,519,6.433614759E7,2025-10-22
I1004281,1063,1.3672570467E8,2025-10-13
I1004282,1472,4.95590426E7,2025-10-17
I1004283,785,2.002656449E7,2025-10-13
I1004284,791,2.148311354E7,2025-09-19
I1004285,145,1.63041445E7,2025-09-05
I1004286,691,2.291347382E7,2025-10-30
I1004287,1347,1.7363914787E8,2025-09-13
I1004288,100,6816396.0,2025-10-13
I1004289,1236,5.731823017E7,2025-10-22
I1004290,849,5.291922742E7,2025-10-29
I1004291,1712,1.6759177185E8,2025-10-22
I1004292,860,2.211394579E7,2025-10-01
I1004293,1162,1.025635282E8,2025-09-02
I1004294,1686,2.4993767672E8,2025-10-29
I1004295,840,1.1836446675E8,2025-09-04
I1004296,600,2.346515504E7,2025-09-17
I1004297,839,926541.91,2025-10-02
I1004298,1550,2.1473507809E8,2025-10-15
I1004299,1944,2.6462087399E8,2025-09-03
I1004300,1883,1.891542963E8,2025-10-13
I1004301,553,3.55819477E7,2025-09-10
I1004302,1092,5986140.18,2025-10-14
I1004303,902,6.821764822E7,2025-09-23
I1004304,1352,8699430.43,2025-09-14
I1004305,1146,4.757522052E7,2025-10-02
I1004306,747,7.733818774E7,2025-09-26
I1004307,1249,7.281546436E7,2025-09-16
I1004308,428,2.45112014E7,2025-10-03
I1004309,487,6.638450171E7,2025-10-17
I1004310,521,2.617519825E7,2025-09-27
I1004311,1409,1.8827966964E8,2025-09-16
I1004312,550,7.335130014E7,2025-10-30
I1004313,451,1.972980187E7,2025-10-16
I1004314,612,7.336330843E7,2025-09-17
I1004315,575,6.398153228E7,2025-10-24
I1004316,205,1.596817227E7,2025-09-28
I1004317,1029,8033068.48,2025-10-17
I1004318,975,8.725089672E7,2025-09-20
I1004319,1753,2.1490000877E8,2025-10-14
I1004320,477,6.40886156E7,2025-10-05
I1004321,1120,7.759162654E7,2025-10-18
I1004322,983,6.307939515E7,2025-09-12
I1004323,324,3.782239598E7,2025-10-17
I1004324,937,1.326361708E8,2025-09-25
I1004325,1869,3.792723912E7,2025-10-22
I1004326,209,1.005130463E7,2025-10-15
I1004327,1240,5.512182828E7,2025-10-19
I1004328,1429,1.971314975E7,2025-10-27
I1004329,1123,6.697142878E7,2025-10-06
I1004330,575,6.650524478E7,2025-10-24
I1004331,1384,7.240111636E7,2025-09-17
I1004332,1133,2.099998183E7,2025-10-06
I1004333,910,3.65593447E7,2025-09-13
I1004334,707,2.819273006E7,2025-09-29
I1004335,1094,6.561704925E7,2025-09-05
I1004336,1038,1.0090439789E8,2025-09-13
I1004337,716,2788609.83,2025-09-02
I1004338,1534,2.559697136E7,2025-09-08
I1004339,1226,1.6908165515E8,2025-10-13
I1004340,1123,1.1974509615E8,2025-09-05
I1004341,754,1.518728656E7,2025-09-07
I1004342,1112,1.0604455668E8,2025-09-13
I1004343,1221,2.792393533E7,2025-10-14
I1004344,1741,1.1369803306E8,2025-10-21
I1004345,1087,2.601936626E7,2025-09-17
I1004346,1370,7.26036001E7,2025-10-05
I1004347,1654,2.221319078E7,2025-10-14
I1004348,1154,1.2295115961E8,2025-09-28
I1004349,172,1.868321071E7,2025-10-21
I1004350,834,4383584.87,2025-10-13
I1004351,266,1.952064508E7,2025-10-15
I1004352,319,4.589329956E7,2025-09-29
I1004353,994,5.255230793E7,2025-10-15
I1004354,1090,3.942021197E7,2025-10-29
I1004355,1499,1.3864643916E8,2025-09-08
I1004356,84,9619338.96,2025-09-11
I1004357,1359,1.8044126672E8,2025-10-12
I1004358,1441,8.197986567E7,2025-10-04
I1004359,417,1.383302025E7,2025-10-21
I1004360,1047,1.5581635047E8,2025-10-18
I1004361,185,1.787537839E7,2025-09-24
I1004362,1955,5.992259013E7,2025-10-15
I1004363,1694,1.8548910726E8,2025-09-30
I1004364,1036,4.901397696E7,2025-10-04
I1004365,587,7.762072484E7,2025-10-27
I1004366,1514,5.883068303E7,2025-10-20
I1004367,1720,5.322559522E7,2025-10-16
I1004368,479,3.732134376E7,2025-10-26
I1004369,290,1.460592846E7,2025-10-19
I1004370,876,1.0748492752E8,2025-10-23
I1004371,647,5.32644546E7,2025-09-08
I1004372,1971,1.7362864381E8,2025-10-07
I1004373,1535,1.2793886164E8,2025-10-28
I1004374,684,3.42093798E7,2025-09-25
I1004375,1696,1.3568111144E8,2025-09-28
I1004376,1615,2.2287941163E8,2025-09-09
I1004377,1424,1.2456729753E8,2025-09-20
I1004378,1152,1.054136083E7,2025-10-31
I1004379,567,2.403391091E7,2025-10-17
I1004380,333,4.17326499E7,2025-10-01
I1004381,70,630097.84,2025-10-12
I1004382,1793,2.5320346822E8,2025-10-01
I1004383,403,2.754671135E7,2025-10-30
I1004384,55,4390266.56,2025-09-10
I1004385,1631,1.8544510503E8,2025-09-12
I1004386,1410,3.516920188E7,2025-09-10
I1004387,1356,1.1031635949E8,2025-09-18
I1004388,1055,7.919250781E7,2025-10-31
I1004389,406,725025.09,2025-09-27
I1004390,968,1.2541423913E8,2025-09-09
I1004391,65,5669074.14,2025-10-16
I1004392,706,7.907914318E7,2025-09-06
I1004393,1830,1.2350775906E8,2025-10-26
I1004394,1088,1.3682455628E8,2025-09-17
I1004395,1929,6.789616666E7,2025-10-03
I1004396,1962,2.5714024664E8,2025-10-15
I1004397,923,5.985287029E7,2025-09-27
I1004398,656,7.198953931E7,2025-09-22
I1004399,876,1.1040205734E8,2025-09-26
I1004400,781,5.689119616E7,2025-10-02
I1004401,867,7.910111795E7,2025-10-27
I1004402,1851,1.5911920712E8,2025-09-09
I1004403,152,1.359174642E7,2025-10-26
I1004404,1593,1.4192718221E8,2025-09-14
I1004405,217,2.529340539E7,2025-09-03
I1004406,425,5.978679021E7,2025-09-09
I1004407,953,2.352798865E7,2025-10-18
I1004408,908,8.457880288E7,2025-09-07
I1004409,1572,1.0633929637E8,2025-09-19
I1004410,1725,4.902419805E7,2025-09-07
I1004411,1974,1.988137576E8,2025-09-25
I1004412,1561,1.48858981E7,2025-10-22
I1004413,1568,1.4642740062E8,2025-09-27
I1004414,1788,1.7737432519E8,2025-09-06
I1004415,1620,1.9663610538E8,2025-10-29
I1004416,266,1.03596072E7,2025-10-28
I1004417,1470,3390057.35,2025-10-07
I1004418,348,4.828795823E7,2025-09-11
I1004419,570,2.626647211E7,2025-09-13
I1004420,1332,6.699449852E7,2025-10-26
I1004421,403,2.433409579E7,2025-10-14
I1004422,1693,1.2231277252E8,2025-09-30
I1004423,1695,1.2315349568E8,2025-10-01
I1004424,389,4.502504868E7,2025-09-17
I1004425,695,3.937442504E7,2025-10-20
I1004426,1894,2.4000315873E8,2025-10-12
I1004427,1186,1.1716801611E8,2025-10-07
I1004428,1743,4.287840064E7,2025-09-18
I1004429,1490,1.5397297319E8,2025-09-05
I1004430,1396,1.2737382509E8,2025-10-19
I1004431,561,1.013955486E7,2025-09-11
I1004432,1566,4.029975313E7,2025-09-09
I1004433,1813,7.661100124E7,2025-09-03
I1004434,294,4.177582019E7,2025-10-04
I1004435,770,8.082065321E7,2025-10-31
I1004436,1744,1.6363903782E8,2025-10-18
I1004437,1496,1.9304121662E8,2025-10-27
I1004438,1501,1.2901855897E8,2025-10-02
I1004439,897,1.2376768542E8,2025-10-10
I1004440,1145,1.2930389368E8,2025-09-12
I1004441,1030,1.0968189676E8,2025-10-07
I1004442,1008,8.980399176E7,2025-10-04
I1004443,679,9467236.82,2025-10-31
I1004444,769,2.064457588E7,2025-10-04
I1004445,556,7.388453998E7,2025-10-19
I1004446,320,4.679683298E7,2025-09-06
I1004447,309,4.541698876E7,2025-10-02
I1004448,1604,1.3829036437E8,2025-09-20
I1004449,699,7.164975781E7,2025-10-21
I1004450,1518,2.0772841647E8,2025-10-15
I1004451,1103,1.0919928838E8,2025-10-14
I1004452,477,5.9966828E7,2025-10-22
I1004453,1838,4.036330138E7,2025-09-14
I1004454,911,1.100473225E8,2025-09-07
I1004455,1895,1.0783903826E8,2025-10-04
I1004456,209,3365752.01,2025-10-11
I1004457,298,1.723981813E7,2025-10-15
I1004458,87,4569234.95,2025-09-29
I1004459,1729,2.2945055927E8,2025-10-22
I1004460,942,5.757307401E7,2025-10-12
I1004461,1173,7.349850194E7,2025-10-04
I1004462,1276,5.288598791E7,2025-09-02
I1004463,750,1.0840274007E8,2025-10-17
I1004464,641,7.505923352E7,2025-10-25
I1004465,1879,7.289906071E7,2025-09-15
I1004466,271,3.46049897E7,2025-09-10
I1004467,1006,1.0118058594E8,2025-10-22
I1004468,659,8.706006492E7,2025-09-29
I1004469,805,6.380122122E7,2025-10-23
I1004470,815,9.659499599E7,2025-10-07
I1004471,999,1.0567579781E8,2025-09-03
I1004472,1838,1.5367736833E8,2025-10-25
I1004473,106,1.531374307E7,2025-10-28
I1004474,1644,1.0941025084E8,2025-10-28
I1004475,947,7.577376556E7,2025-10-13
I1004476,1686,1.1990889825E8,2025-09-09
I1004477,1479,1.4678156036E8,2025-10-02
I1004478,232,1.237611536E7,2025-09-20
I1004479,842,4243813.86,2025-10-05
I1004480,1417,1.7550068797E8,2025-10-06
I1004481,1850,7.18362829E7,2025-09-08
I1004482,409,1008240.72,2025-10-14
I1004483,284,3.749467812E7,2025-10-20
I1004484,735,4.108825274E7,2025-10-10
I1004485,1670,1.477583135E7,2025-10-01
I1004486,337,3.441190481E7,2025-09-12
I1004487,774,7.705940567E7,2025-10-16
I1004488,1835,1.9803342978E8,2025-09-23
I1004489,666,4.946036453E7,2025-10-19
I1004490,1642,1.7508662167E8,2025-09-17
I1004491,369,4.136170871E7,2025-10-15
I1004492,456,2.571040503E7,2025-09-16
I1004493,195,6918831.88,2025-09-23
I1004494,811,9.207485069E7,2025-10-11
I1004495,1204,7733443.43,2025-10-17
I1004496,1062,1.1923151616E8,2025-10-20
I1004497,280,2.75787098E7,2025-10-27
I1004498,999,7.713606803E7,2025-10-17
I1004499,1148,1.2182932666E8,2025-10-31
I1004500,1937,2.8063736946E8,2025-09-18
I1004501,1022,7.019687113E7,2025-09-18
I1004502,1585,1.4998742748E8,2025-09-21
I1004503,1575,1.3639029317E8,2025-10-19
I1004504,1566,1.0728402437E8,2025-10-08
I1004505,1850,1.0728258675E8,2025-09-18
I1004506,1744,2386004.05,2025-10-13
I1004507,288,4281850.59,2025-10-12
I1004508,627,4.602924831E7,2025-09-24
I1004509,692,1.282410944E7,2025-09-29
I1004510,457,584369.74,2025-09-13
I1004511,118,2487110.79,2025-10-24
I1004512,232,3.423092939E7,2025-09-17
I1004513,1745,5.535397102E7,2025-10-27
I1004514,1105,6.116489386E7,2025-09-22
I1004515,647,3.36515862E7,2025-09-18
I1004516,1286,9983945.15,2025-09-24
I1004517,286,3.955552308E7,2025-09-14
I1004518,1609,3.847887853E7,2025-09-17
I1004519,1622,9336264.27,2025-09-24
I1004520,913,1.1878602861E8,2025-10-20
I1004521,974,1.1125835611E8,2025-10-29
I1004522,1258,1.8415103947E8,2025-10-23
I1004523,1825,1.5555359489E8,2025-10-02
I1004524,143,1.318325176E7,2025-09-19
I1004525,1583,1.2992414277E8,2025-10-07
I1004526,1082,1.0114905484E8,2025-10-21
I1004527,811,5.797174849E7,2025-09-11
I1004528,507,3.597057875E7,2025-10-23
I1004529,293,4.31351278E7,2025-10-03
I1004530,1726,1.1830637105E8,2025-10-22
I1004531,585,2995398.02,2025-10-23
I1004532,330,2.033126251E7,2025-10-06
I1004533,706,5.81313185E7,2025-09-30
I1004534,1263,4.331493772E7,2025-10-28
I1004535,1533,2.2362279637E8,2025-10-21
I1004536,1016,8.542240553E7,2025-09-13
I1004537,828,5090244.34,2025-10-23
I1004538,1296,4.252446157E7,2025-10-13
I1004539,258,3.586170195E7,2025-10-26
I1004540,1571,2.0927368958E8,2025-10-18
I1004541,226,2.594082913E7,2025-10-20
I1004542,1194,3.486532557E7,2025-09-30
I1004543,670,5.231645816E7,2025-10-01
I1004544,500,2.896814677E7,2025-09-03
I1004545,157,855368.64,2025-09-02
I1004546,371,4.627667861E7,2025-09-30
I1004547,1212,1.0172193898E8,2025-10-14
I1004548,1062,8.661287991E7,2025-10-05
I1004549,845,1.0168763424E8,2025-09-11
I1004550,992,6.779633647E7,2025-09-25
I1004551,1490,1.3539391166E8,2025-09-26
I1004552,906,1.0878569069E8,2025-09-28
I1004553,1184,7.400408792E7,2025-10-19
I1004554,1578,2.2711045665E8,2025-09-26
I1004555,600,3045559.68,2025-09-13
I1004556,884,5.983143247E7,2025-10-08
I1004557,1580,1.432619253E8,2025-09-30
I1004558,720,3.677346585E7,2025-09-02
I1004559,314,2.639389327E7,2025-09-18
I1004560,561,7.531590425E7,2025-10-30
I1004561,906,5.007747215E7,2025-10-22
I1004562,821,5.987843842E7,2025-10-25
I1004563,1131,6.221801974E7,2025-09-04
I1004564,1711,7.320068366E7,2025-10-09
I1004565,1942,2.0725784399E8,2025-10-13
I1004566,208,9485530.84,2025-10-22
I1004567,538,1.890225119E7,2025-10-27
I1004568,194,2.404172394E7,2025-10-03
I1004569,1066,6.17124802E7,2025-09-21
I1004570,1507,4.207013714E7,2025-10-30
I1004571,1412,1.47186114E8,2025-10-27
I1004572,1222,4.854848515E7,2025-10-16
I1004573,1075,1.3240434057E8,2025-09-22
I1004574,947,6.78895127E7,2025-09-07
I1004575,220,2.690648289E7,2025-09-04
I1004576,347,1.87289865E7,2025-09-26
I1004577,477,5.135590311E7,2025-09-18
I1004578,1848,1.0011763916E8,2025-09-15
I1004579,77,1284500.89,2025-10-25
I1004580,1907,1.9601069753E8,2025-10-24
I1004581,1505,1.519099771E8,2025-10-27
I1004582,1382,1.911106434E8,2025-09-02
I1004583,985,3.48662898E7,2025-10-03
I1004584,1793,1.042446993E8,2025-10-26
I1004585,1601,1.797223353E7,2025-10-12
I1004586,487,5.110975725E7,2025-09-09
I1004587,1849,8737389.94,2025-09-29
I1004588,1696,4252906.22,2025-09-03
I1004589,530,4.272442929E7,2025-10-01
I1004590,61,6145433.73,2025-10-01
I1004591,1459,9.800740084E7,2025-09-18
I1004592,1371,1.702623999E7,2025-10-09
I1004593,452,3.081077763E7,2025-09-28
I1004594,1520,3.315845403E7,2025-10-31
I1004595,1052,9.70331531E7,2025-09-29
I1004596,1416,1.8239428978E8,2025-10-23
I1004597,72,5677203.48,2025-09-20
I1004598,978,6.181910869E7,2025-10-21
I1004599,437,806022.11,2025-09-09
I1004600,219,1.611508272E7,2025-09-11
I1004601,677,8.05099761E7,2025-09-09
I1004602,335,2.574681568E7,2025-10-12
I1004603,1997,2.7645773089E8,2025-10-03
I1004604,1775,4.606579321E7,2025-09-18
I1004605,1120,2.958771894E7,2025-09-23
I1004606,1150,6.183061354E7,2025-10-01
I1004607,1564,2.1352533724E8,2025-10-03
I1004608,1954,7.172062476E7,2025-10-09
I1004609,2000,5.482968782E7,2025-10-08
I1004610,618,5.436708614E7,2025-10-26
I1004611,1628,5.347668717E7,2025-10-19
I1004612,186,1.541857162E7,2025-09-03
I1004613,1047,1.3984293741E8,2025-09-21
I1004614,1960,1.2440198832E8,2025-09-24
I1004615,1358,8.97394841E7,2025-09-29
I1004616,986,5.350943336E7,2025-10-03
I1004617,110,1.647550149E7,2025-10-07
I1004618,230,2.120733481E7,2025-10-09
I1004619,490,789538.36,2025-09-21
I1004620,1527,1.9189987769E8,2025-09-09
I1004621,821,3.327378213E7,2025-10-12
I1004622,933,7.081321921E7,2025-09-30
I1004623,465,4.162882606E7,2025-09-14
I1004624,930,1.1790169038E8,2025-09-02
I1004625,1558,3.00411739E7,2025-10-16
I1004626,535,3.445525615E7,2025-10-02
I1004627,708,5.972491506E7,2025-10-20
I1004628,1482,7.667666636E7,2025-10-02
I1004629,1761,2.6341977616E8,2025-09-02
I1004630,1692,1.1865531999E8,2025-10-06
I1004631,1255,1.3885432241E8,2025-09-05
I1004632,1311,1.9027815343E8,2025-10-31
I1004633,1605,3199015.99,2025-10-22
I1004634,1464,1.2830796124E8,2025-10-04
I1004635,1437,1.4241408012E8,2025-09-01
I1004636,998,6.240011072E7,2025-10-19
I1004637,1678,1.8598281333E8,2025-09-21
I1004638,707,8.368702555E7,2025-10-14
I1004639,738,1.0846807816E8,2025-09-20
I1004640,1311,1.51812338E8,2025-10-19
I1004641,415,2.802989151E7,2025-09-28
I1004642,1860,1.429542081E8,2025-09-18
I1004643,423,5.312713441E7,2025-10-31
I1004644,1215,1.4848762378E8,2025-09-26
I1004645,1408,1.9551003148E8,2025-09-03
I1004646,1290,1.6492493556E8,2025-09-30
I1004647,761,7553969.69,2025-10-01
I1004648,912,4.48206747E7,2025-10-02
I1004649,1029,5.161296288E7,2025-10-29
I1004650,525,2.63620724E7,2025-10-12
I1004651,648,5519118.59,2025-09-29
I1004652,1305,6.171446381E7,2025-10-10
I1004653,389,2.935830642E7,2025-10-25
I1004654,1609,1.9499892823E8,2025-09-09
I1004655,487,4.862292973E7,2025-10-05
I1004656,625,1.095576587E7,2025-09-04
I1004657,566,3.215550006E7,2025-10-31
I1004658,457,4.419916179E7,2025-10-18
I1004659,792,3.298660165E7,2025-09-01
I1004660,1896,1.758705121E7,2025-10-24
I1004661,654,7.174546334E7,2025-10-20
I1004662,255,1.340707687E7,2025-10-09
I1004663,1701,1.7404678056E8,2025-09-28
I1004664,161,1502983.47,2025-09-27
I1004665,1003,5.095575924E7,2025-09-16
I1004666,1420,6.857831046E7,2025-10-18
I1004667,1047,1.3848300036E8,2025-09-15
I1004668,1803,2.3427684212E8,2025-10-28
I1004669,162,1.184313046E7,2025-10-22
I1004670,574,5.745707756E7,2025-10-11
I1004671,604,4.960918966E7,2025-09-05
I1004672,1007,5564067.45,2025-10-10
I1004673,662,2303604.26,2025-10-06
I1004674,1849,1.6594062537E8,2025-09-11
I1004675,1568,1.2504198457E8,2025-09-25
I1004676,433,2.664354023E7,2025-10-31
I1004677,1316,6.517747192E7,2025-10-10
I1004678,666,7.079294373E7,2025-10-17
I1004679,1822,1.6067657519E8,2025-10-01
I1004680,965,6.001001737E7,2025-10-17
I1004681,854,5.056675547E7,2025-10-11
I1004682,1009,1.529729186E7,2025-10-04
I1004683,1498,5.679474343E7,2025-09-09
I1004684,269,1.205483628E7,2025-09-02
I1004685,1540,3.314474637E7,2025-10-02
I1004686,122,5091722.51,2025-09-24
I1004687,59,1486158.3,2025-09-09
I1004688,1590,1.407019491E7,2025-09-22
I1004689,1774,1.2473900157E8,2025-09-03
I1004690,526,3.94469279E7,2025-10-24
I1004691,1010,1.2912312885E8,2025-09-29
I1004692,1937,1.3337897065E8,2025-10-29
I1004693,489,5981267.44,2025-09-04
I1004694,473,1.107680684E7,2025-09-07
I1004695,761,7.788165675E7,2025-10-15
I1004696,1638,5.148228708E7,2025-09-25
I1004697,933,7.369419648E7,2025-09-13
I1004698,1630,8.716067545E7,2025-10-03
I1004699,1707,1.3644112436E8,2025-09-13
I1004700,1646,1.4321513115E8,2025-10-18
I1004701,527,5.069859022E7,2025-09-08
I1004702,846,3.357454806E7,2025-10-27
I1004703,427,6.095651519E7,2025-10-21
I1004704,1608,2.3024619555E8,2025-10-19
I1004705,126,3318176.57,2025-10-18
I1004706,939,2.02625446E7,2025-10-24
I1004707,691,9.240620057E7,2025-09-01
I1004708,1528,8.987407324E7,2025-10-14
I1004709,1621,7.509616735E7,2025-10-29
I1004710,835,5.3608726E7,2025-10-25
I1004711,1379,5.403036611E7,2025-10-12
I1004712,1118,7.519974914E7,2025-10-03
I1004713,290,4.320343489E7,2025-10-01
I1004714,1685,1.6040775623E8,2025-09-08
I1004715,1970,2.5263027181E8,2025-10-20
I1004716,1280,7.469425535E7,2025-09-26
I1004717,1634,1.995679614E7,2025-10-30
I1004718,1686,2.0627088282E8,2025-09-10
I1004719,1453,1.128739552E8,2025-09-09
I1004720,1458,4.602863321E7,2025-10-04
I1004721,206,2.050605935E7,2025-09-30
I1004722,761,5194665.15,2025-10-26
I1004723,1231,1.852767742E7,2025-10-13
I1004724,568,2.094817879E7,2025-09-04
I1004725,354,3.475932327E7,2025-10-21
I1004726,378,6340856.36,2025-09-12
I1004727,216,2238337.87,2025-10-06
I1004728,1857,1920590.37,2025-10-10
I1004729,1758,1.5915717908E8,2025-09-22
I1004730,1357,1.782241066E8,2025-09-12
I1004731,842,1.0269074899E8,2025-09-08
I1004732,1215,9.914984647E7,2025-10-28
I1004733,1657,3.967325359E7,2025-10-30
I1004734,1152,1.5712002678E8,2025-09-02
I1004735,189,2.581184236E7,2025-09-26
I1004736,1586,1.0518635567E8,2025-09-15
I1004737,137,1506986.56,2025-10-17
I1004738,744,1.0676256055E8,2025-09-21
I1004739,1495,8.00195159E7,2025-09-06
I1004740,1677,2.0819937018E8,2025-10-08
I1004741,543,4.10361227E7,2025-09-15
I1004742,1291,1.5874280405E8,2025-09-28
I1004743,1747,1.0379393085E8,2025-09-23
I1004744,967,2.337845313E7,2025-10-06
I1004745,1047,1.5520710786E8,2025-10-13
I1004746,1232,6.523463624E7,2025-09-23
I1004747,74,4108871.0,2025-10-15
I1004748,79,7499065.07,2025-10-29
I1004749,1038,7.716718234E7,2025-10-06
I1004750,1984,1.3602491709E8,2025-10-18
I1004751,1982,1.1017365599E8,2025-09-14
I1004752,748,7.070602844E7,2025-09-12
I1004753,686,1.859776389E7,2025-09-05
I1004754,1252,1.0493989107E8,2025-09-02
I1004755,250,1.620695667E7,2025-09-20
I1004756,751,7.698383597E7,2025-09-15
I1004757,1751,7.737316284E7,2025-10-10
I1004758,1926,7.145045742E7,2025-10-17
I1004759,1686,1.591274666E7,2025-09-29
I1004760,684,4.958022811E7,2025-10-16
I1004761,1079,4.040707597E7,2025-10-27
I1004762,1745,5.523116036E7,2025-09-27
I1004763,500,3.085400677E7,2025-10-03
I1004764,1910,2.8618745244E8,2025-10-25
I1004765,1947,2.183249427E8,2025-09-07
I1004766,935,2.486957707E7,2025-10-20
I1004767,1633,2.2164503393E8,2025-09-13
I1004768,1253,1.0019411103E8,2025-10-14
I1004769,1144,1.0931827736E8,2025-09-17
I1004770,383,3.135715695E7,2025-09-04
I1004771,421,2.299727672E7,2025-10-01
I1004772,1507,1.5226687321E8,2025-10-04
I1004773,395,2.032700757E7,2025-09-23
I1004774,1551,6840478.64,2025-10-27
I1004775,1057,9.683961433E7,2025-09-12
I1004776,1032,1.2391166273E8,2025-09-16
I1004777,1081,1.6154585552E8,2025-10-16
I1004778,1101,1.5368209566E8,2025-09-01
I1004779,731,9.631015838E7,2025-10-24
I1004780,318,2.26586852E7,2025-09-09
I1004781,406,5.08193934E7,2025-09-12
I1004782,1140,1.6376416328E8,2025-10-23
I1004783,263,1.457652557E7,2025-10-07
I1004784,387,1.333687298E7,2025-10-10
I1004785,850,9.137600189E7,2025-10-11
I1004786,1579,1.4041219126E8,2025-09-10
I1004787,285,3.379014053E7,2025-10-25
I1004788,100,1.439260937E7,2025-10-14
I1004789,436,1.780568537E7,2025-09-14
I1004790,1059,1.5138896719E8,2025-10-03
I1004791,553,4362141.0,2025-09-01
I1004792,421,4.674859848E7,2025-10-04
I1004793,978,8.048297188E7,2025-09-22
I1004794,1512,1.6341913669E8,2025-10-28
I1004795,124,1.553932628E7,2025-09-09
I1004796,1147,1.2820206876E8,2025-10-19
I1004797,345,6366000.39,2025-09-23
I1004798,1270,1.0993837921E8,2025-10-21
I1004799,1510,7.368494752E7,2025-09-24
I1004800,1092,1.419954803E7,2025-09-30
I1004801,1569,1.0699807309E8,2025-09-20
I1004802,1564,1.4263681474E8,2025-10-12
I1004803,238,9744688.07,2025-09-27
I1004804,1494,3987386.51,2025-10-27
I1004805,1376,6.500887664E7,2025-09-21
I1004806,997,3.282347543E7,2025-09-16
I1004807,592,5.340128229E7,2025-09-03
I1004808,473,6.685351445E7,2025-10-11
I1004809,414,5.705698948E7,2025-10-25
I1004810,681,7.943542943E7,2025-10-29
I1004811,620,4.15338378E7,2025-10-02
I1004812,1649,5.774268909E7,2025-09-15
I1004813,1771,2.6379865539E8,2025-10-16
I1004814,1596,1.4312034416E8,2025-10-12
I1004815,296,3.31102088E7,2025-09-15
I1004816,1798,2.4243919416E8,2025-09-22
I1004817,1362,4.668456148E7,2025-09-23
I1004818,1262,5.739362333E7,2025-09-24
I1004819,1101,4.624626761E7,2025-09-24
I1004820,1654,7.881289366E7,2025-09-05
I1004821,1850,7.433643306E7,2025-10-02
I1004822,981,4950401.39,2025-10-24
I1004823,1788,1.6934428295E8,2025-10-09
I1004824,1587,7.289762158E7,2025-10-06
I1004825,332,1.523935421E7,2025-09-22
I1004826,305,6986289.78,2025-10-27
I1004827,985,9.581760664E7,2025-10-20
I1004828,1494,1.8958962553E8,2025-09-10
I1004829,395,3.012838392E7,2025-10-06
I1004830,788,6.928598724E7,2025-10-06
I1004831,757,5483151.24,2025-09-07
I1004832,402,5.251690341E7,2025-09-15
I1004833,892,1.228697283E8,2025-09-23
I1004834,1693,1.7834204219E8,2025-10-17
I1004835,412,5.927736181E7,2025-10-07
I1004836,755,6.743856862E7,2025-10-03
I1004837,1737,7.259415023E7,2025-09-15
I1004838,306,1.783137458E7,2025-09-29
I1004839,667,9.977678189E7,2025-09-22
I1004840,1830,1.0259949182E8,2025-09-19
I1004841,1455,5.189346239E7,2025-10-29
I1004842,348,3.400514033E7,2025-09-24
I1004843,1758,1.5236697919E8,2025-10-11
I1004844,367,5.091980237E7,2025-10-19
I1004845,1522,1.8810209029E8,2025-09-25
I1004846,1286,1.605845552E7,2025-10-21
I1004847,1062,8.326266329E7,2025-10-01
I1004848,1937,1.2481589755E8,2025-09-08
I1004849,760,9.546179141E7,2025-09-25
I1004850,981,3.292691422E7,2025-09-11
I1004851,841,7.831744183E7,2025-09-08
I1004852,171,4091933.08,2025-10-08
I1004853,788,9.246016568E7,2025-09-01
I1004854,878,1.1053090864E8,2025-10-02
I1004855,1249,1.3551416244E8,2025-10-21
I1004856,1798,2.2332990176E8,2025-10-13
I1004857,1132,3.669426985E7,2025-09-18
I1004858,1454,1.6576608441E8,2025-10-22
I1004859,700,2.832216E7,2025-09-22
I1004860,1006,2.815066265E7,2025-10-23
I1004861,1112,5.170589688E7,2025-09-01
I1004862,783,9.70622699E7,2025-09-15
I1004863,938,1.3942507355E8,2025-10-09
I1004864,1025,1.502315865E8,2025-10-13
I1004865,694,3.030972728E7,2025-10-03
I1004866,966,1.0294582298E8,2025-09-20
I1004867,97,5669749.52,2025-09-09
I1004868,1565,1.1904014507E8,2025-10-13
I1004869,1462,3.991432909E7,2025-10-08
I1004870,658,8.942272435E7,2025-10-17
I1004871,1553,2.816678499E7,2025-09-23
I1004872,638,3.697143494E7,2025-10-31
I1004873,1415,7.433717206E7,2025-10-31
I1004874,1887,2.374298675E8,2025-09-17
I1004875,1894,1.0862096499E8,2025-10-09
I1004876,1556,1.4469386866E8,2025-10-27
I1004877,1311,1.6549947658E8,2025-09-28
I1004878,1332,3190306.59,2025-09-10
I1004879,1544,6.488642915E7,2025-09-02
I1004880,1909,2.019073344E8,2025-10-11
I1004881,1161,2.031026644E7,2025-09-09
I1004882,1570,2.1354672029E8,2025-10-05
I1004883,1433,1.3123560765E8,2025-09-29
I1004884,593,3.358678899E7,2025-10-16
I1004885,1913,2.5122909276E8,2025-09-03
I1004886,1777,1.4786793408E8,2025-10-11
I1004887,1353,1.6428905197E8,2025-09-12
I1004888,1605,1.4100526688E8,2025-09-06
I1004889,1497,1.653739091E8,2025-10-21
I1004890,189,2.025822473E7,2025-09-03
I1004891,1434,1.9395998953E8,2025-09-10
I1004892,1478,2.165485899E7,2025-09-21
I1004893,1392,1.9542183286E8,2025-10-08
I1004894,1241,1.268470221E8,2025-10-03
I1004895,1843,1.2271473499E8,2025-09-20
I1004896,742,6.327398805E7,2025-09-22
I1004897,1937,2.5252599565E8,2025-10-23
I1004898,1475,9251698.65,2025-10-23
I1004899,1523,2.0761510354E8,2025-09-22
I1004900,633,8.549205696E7,2025-09-21
I1004901,244,2.454911139E7,2025-09-02
I1004902,437,6.48669228E7,2025-09-17
I1004903,530,7.519012928E7,2025-09-18
I1004904,303,3.723331305E7,2025-10-17
I1004905,1243,1.0902374026E8,2025-10-15
I1004906,1356,7.106443582E7,2025-10-21
I1004907,1853,2.656598779E7,2025-09-09
I1004908,663,4.782144926E7,2025-10-02
I1004909,66,6118458.02,2025-09-26
I1004910,1381,1.3767191882E8,2025-10-20
I1004911,369,3.377283769E7,2025-09-28
I1004912,740,1.881581798E7,2025-09-17
I1004913,1706,9.111874695E7,2025-09-05
I1004914,813,4.593646141E7,2025-10-19
I1004915,1555,2.0229415048E8,2025-09-29
I1004916,854,4.829877682E7,2025-09-12
I1004917,1324,1.6972946943E8,2025-09-29
I1004918,851,5.998045378E7,2025-10-15
I1004919,1774,1.7780349913E8,2025-10-06
I1004920,635,1.24991401E7,2025-10-26
I1004921,1025,1.218981835E8,2025-10-26
I1004922,517,1.564796858E7,2025-09-01
I1004923,1226,6.413779353E7,2025-10-07
I1004924,825,1.568497294E7,2025-09-23
I1004925,1943,2.1708482329E8,2025-09-12
I1004926,1653,3.692593875E7,2025-10-16
I1004927,1302,1.3589916523E8,2025-10-31
I1004928,253,1.033611076E7,2025-09-04
I1004929,1459,8.472747257E7,2025-09-22
I1004930,1521,4.874405778E7,2025-09-04
I1004931,1091,1.400975672E8,2025-09-25
I1004932,901,2.929441453E7,2025-10-22
I1004933,727,3.410308029E7,2025-09-05
I1004934,902,1.758165278E7,2025-10-17
I1004935,766,1.0248865156E8,2025-09-30
I1004936,486,5.437561237E7,2025-10-02
I1004937,1353,4.357499536E7,2025-10-13
I1004938,1366,1.8183269268E8,2025-09-01
I1004939,351,5985578.4,2025-09-15
I1004940,1250,1.0455420377E8,2025-09-02
I1004941,1544,1.565413663E8,2025-10-30
I1004942,323,7419094.74,2025-09-01
I1004943,1101,1.255966797E8,2025-09-07
I1004944,340,2.952236239E7,2025-09-30
I1004945,1366,5.519505343E7,2025-09-11
I1004946,1566,1.0509777006E8,2025-10-17
I1004947,1806,1.1127054226E8,2025-10-08
I1004948,1625,6.541949491E7,2025-09-30
I1004949,324,3.379290561E7,2025-10-21
I1004950,383,5.509584104E7,2025-09-03
I1004951,1070,5.15058896E7,2025-09-07
I1004952,139,1.373172362E7,2025-09-05
I1004953,615,8.786460462E7,2025-10-25
I1004954,1501,7.381703284E7,2025-09-19
I1004955,147,1.51739121E7,2025-10-21
I1004956,1376,1.0362497252E8,2025-09-08
I1004957,149,585266.97,2025-10-15
I1004958,213,2.977715764E7,2025-09-12
I1004959,714,6.802221255E7,2025-09-23
I1004960,1088,1.216131291E7,2025-10-05
I1004961,484,2.996906944E7,2025-10-20
I1004962,1208,1.5117772474E8,2025-10-12
I1004963,642,6.998970431E7,2025-10-04
I1004964,937,5.0691453E7,2025-10-19
I1004965,126,3807126.95,2025-10-19
I1004966,89,2169298.2,2025-09-07
I1004967,1515,4.127599019E7,2025-10-08
I1004968,836,6006584.08,2025-09-27
I1004969,1073,5.855917196E7,2025-09-19
I1004970,1216,1.55700654E7,2025-09-15
I1004971,1436,3.847699903E7,2025-10-07
I1004972,232,1.640595006E7,2025-10-24
I1004973,211,2.103752119E7,2025-09-11
I1004974,833,2.172168356E7,2025-09-25
I1004975,803,1.2016017794E8,2025-09-15
I1004976,216,1.588741567E7,2025-10-16
I1004977,430,2.376789008E7,2025-10-29
I1004978,1478,1.2134594604E8,2025-10-07
I1004979,827,4.407265648E7,2025-09-16
I1004980,1125,3.221032723E7,2025-10-01
I1004981,487,3.688965083E7,2025-09-09
I1004982,1213,8.602139851E7,2025-10-05
I1004983,1595,2.3678916124E8,2025-10-09
I1004984,1177,7.78269196E7,2025-10-01
I1004985,1267,1.326149455E8,2025-10-09
I1004986,1653,2.1372751939E8,2025-09-19
I1004987,1424,1.4472137794E8,2025-09-03
I1004988,412,4.895367015E7,2025-10-30
I1004989,517,5.431455829E7,2025-09-10
I1004990,569,4.120861264E7,2025-10-31
I1004991,73,5437034.91,2025-10-28
I1004992,1627,8183407.44,2025-09-19
I1004993,1646,1.4327140732E8,2025-09-12
I1004994,1335,2.210237904E7,2025-09-21
I1004995,1529,1.7518619879E8,2025-10-06
I1004996,1373,1.503686249E8,2025-09-08
I1004997,948,4.38832619E7,2025-09-26
I1004998,1534,6.79335485E7,2025-09-04
I1004999,1077,2312123.69,2025-09-29
I1005000,966,1.2793962378E8,2025-09-14
I1005001,806,1.1268683759E8,2025-10-23
I1005002,731,4.050193794E7,2025-09-22
I1005003,1415,1.9869768023E8,2025-10-01
I1005004,1588,1.678390578E8,2025-09-30
I1005005,672,9.794333663E7,2025-09-30
I1005006,1989,1.1464991102E8,2025-10-25
I1005007,1694,2.3097124728E8,2025-10-14
I1005008,525,3.89456149E7,2025-09-14
I1005009,206,1.099255215E7,2025-10-04
I1005010,1110,4.80370244E7,2025-10-29
I1005011,1511,1.1214509704E8,2025-09-05
I1005012,1358,2.352895167E7,2025-09-24
I1005013,1769,1.3397320374E8,2025-10-11
I1005014,1887,1.6246526722E8,2025-10-15
I1005015,1961,1.742247849E8,2025-09-20
I1005016,1201,1.2961620148E8,2025-09-14
I1005017,437,4.555783337E7,2025-09-03
I1005018,1210,4.81705943E7,2025-10-29
I1005019,715,6.114948001E7,2025-10-09
I1005020,790,3.617669942E7,2025-09-19
I1005021,509,7.036069934E7,2025-10-07
I1005022,1693,1.7475595644E8,2025-10-21
I1005023,1129,1.4503484704E8,2025-10-26
I1005024,329,3.499532901E7,2025-10-17
I1005025,296,1.588635863E7,2025-10-16
I1005026,1446,1.636244929E7,2025-09-22
I1005027,1807,2.1052631321E8,2025-09-16
I1005028,732,3.500883655E7,2025-10-08
I1005029,1766,1.9707621044E8,2025-09-10
I1005030,1985,2.8041809752E8,2025-09-04
I1005031,1884,4.317283387E7,2025-09-29
I1005032,1254,1.6393176536E8,2025-10-17
I1005033,559,4.100217292E7,2025-10-29
I1005034,345,1.942884258E7,2025-09-11
I1005035,350,3.725714113E7,2025-10-18
I1005036,1231,7.08529463E7,2025-10-01
I1005037,577,2.3986025E7,2025-10-06
I1005038,112,1.578536772E7,2025-10-23
I1005039,298,2.073739075E7,2025-10-02
I1005040,1810,1.037213346E8,2025-09-05
I1005041,1136,1.0176517968E8,2025-09-08
I1005042,1191,2.243165813E7,2025-10-19
I1005043,243,9383047.05,2025-10-20
I1005044,1068,8.057608777E7,2025-10-01
I1005045,1997,2.3372541585E8,2025-10-24
I1005046,1104,9.073184534E7,2025-09-26
I1005047,303,2.665727914E7,2025-10-09
I1005048,1451,1.9874246753E8,2025-09-22
I1005049,845,5237296.31,2025-10-04
I1005050,1331,1.1691093553E8,2025-10-22
I1005051,408,2.713464664E7,2025-09-29
I1005052,1328,1.3354119634E8,2025-10-07
I1005053,471,2.966357721E7,2025-09-06
I1005054,1414,1.0442194533E8,2025-09-15
I1005055,1985,3.746551695E7,2025-10-15
I1005056,89,3211511.38,2025-10-23
I1005057,1132,4628768.04,2025-10-10
I1005058,1873,4.708656401E7,2025-10-08
I1005059,1672,3.187497716E7,2025-09-22
I1005060,809,5.719759181E7,2025-10-09
I1005061,1001,1.1850196282E8,2025-09-17
I1005062,833,1.116429879E7,2025-09-01
I1005063,1608,2.0130429101E8,2025-09-09
I1005064,1514,1.1205615277E8,2025-09-07
I1005065,1435,2.366269567E7,2025-10-30
I1005066,921,6.518094629E7,2025-09-03
I1005067,1404,3.341429398E7,2025-10-11
I1005068,592,5.230100826E7,2025-10-29
I1005069,812,1.525403691E7,2025-09-13
I1005070,1454,3.293426141E7,2025-10-05
I1005071,1370,1.4509085044E8,2025-09-11
I1005072,1381,2.563468161E7,2025-09-24
I1005073,1845,1.5515207802E8,2025-09-20
I1005074,1977,1.4374144932E8,2025-10-14
I1005075,116,1556360.74,2025-09-25
I1005076,510,5.796519489E7,2025-10-15
I1005077,118,8571949.44,2025-10-22
I1005078,644,3.394098818E7,2025-10-31
I1005079,1612,1.956206162E7,2025-10-28
I1005080,1056,1.0599106737E8,2025-10-02
I1005081,747,6.463317439E7,2025-09-21
I1005082,1760,2.1170988656E8,2025-09-28
I1005083,1142,9.816824188E7,2025-09-12
I1005084,1399,4.381614628E7,2025-10-10
I1005085,1589,1.4700599973E8,2025-10-09
I1005086,434,1.130297683E7,2025-10-07
I1005087,1122,9.381934896E7,2025-10-26
I1005088,552,5.107434441E7,2025-09-18
I1005089,252,3.513191616E7,2025-09-24
I1005090,325,1350986.37,2025-10-15
I1005091,1716,6.111824028E7,2025-09-03
I1005092,1744,5.706861737E7,2025-10-29
I1005093,672,4.607413036E7,2025-09-12
I1005094,1759,1.3104387705E8,2025-10-23
I1005095,338,1.041602187E7,2025-10-03
I1005096,630,4.887844356E7,2025-10-31
I1005097,1448,1.2670098525E8,2025-09-13
I1005098,626,8.746566597E7,2025-09-04
I1005099,1880,1.5410359973E8,2025-10-22
I1005100,1607,1.90584338E7,2025-09-11
I1005101,1241,4.053085394E7,2025-10-16
I1005102,1682,8.821958087E7,2025-10-16
I1005103,1104,9.075208038E7,2025-09-26
I1005104,954,1.2826704487E8,2025-09-21
I1005105,1653,1.3442521742E8,2025-10-22
I1005106,1607,1.3888746065E8,2025-09-29
I1005107,392,1.402608606E7,2025-09-06
I1005108,247,2.289999586E7,2025-10-07
I1005109,1064,5.212502052E7,2025-10-15
I1005110,71,5953973.04,2025-09-24
I1005111,1918,1.583443938E7,2025-10-01
I1005112,949,8.603160581E7,2025-09-29
I1005113,950,2.474674108E7,2025-09-20
I1005114,196,9262128.05,2025-09-20
I1005115,1199,9279493.93,2025-10-13
I1005116,535,6.136951743E7,2025-09-09
I1005117,388,5.184928982E7,2025-09-10
I1005118,303,1264685.81,2025-09-16
I1005119,611,3.977154163E7,2025-09-20
I1005120,374,1.247258054E7,2025-09-19
I1005121,191,6200069.79,2025-09-27
I1005122,1287,5.673304401E7,2025-10-13
I1005123,787,1.0130836492E8,2025-09-09
I1005124,1739,5473182.02,2025-10-25
I1005125,1120,6.948788975E7,2025-09-12
I1005126,1883,1.0781904969E8,2025-09-06
I1005127,1252,8410011.52,2025-10-06
I1005128,299,3.539943005E7,2025-09-26
I1005129,210,2.204124529E7,2025-09-06
I1005130,732,6.351488888E7,2025-09-16
I1005131,191,2.551770934E7,2025-09-26
I1005132,1353,1.4866620771E8,2025-10-12
I1005133,594,7.242229141E7,2025-10-18
I1005134,808,1.1551213964E8,2025-09-19
I1005135,1884,2.1422668191E8,2025-09-18
I1005136,1683,1.2762985634E8,2025-10-01
I1005137,355,4.451901127E7,2025-10-07
I1005138,917,6.148563994E7,2025-09-22
I1005139,150,2.230287344E7,2025-09-28
I1005140,1533,3.044508316E7,2025-09-11
I1005141,726,9.239568766E7,2025-09-15
I1005142,1924,4.690299491E7,2025-09-17
I1005143,1061,1.4047999821E8,2025-10-30
I1005144,933,7.12839859E7,2025-09-27
I1005145,462,1.47135749E7,2025-10-09
I1005146,1291,2.132352581E7,2025-10-23
I1005147,1028,6.74503951E7,2025-09-06
I1005148,105,1.186102926E7,2025-10-04
I1005149,442,5.105751672E7,2025-10-20
I1005150,1893,1.0652349292E8,2025-10-16
I1005151,1025,1.0267791632E8,2025-10-11
I1005152,1801,2.5976307257E8,2025-10-14
I1005153,1225,6604114.19,2025-09-19
I1005154,1458,1.8691263715E8,2025-10-15
I1005155,1993,1.1043479541E8,2025-09-07
I1005156,545,7.723397041E7,2025-10-05
I1005157,455,4.456039665E7,2025-10-09
I1005158,1734,1.171834681E7,2025-09-29
I1005159,215,1.100239227E7,2025-10-29
I1005160,1220,1.7366483588E8,2025-09-09
I1005161,255,2.173089291E7,2025-10-16
I1005162,970,5.917908182E7,2025-09-11
I1005163,53,7677690.6,2025-09-16
I1005164,875,7.441407604E7,2025-10-14
I1005165,1803,1.538926302E7,2025-10-29
I1005166,982,1.154411532E7,2025-09-18
I1005167,1996,1.9864101443E8,2025-10-18
I1005168,221,153182.48,2025-10-27
I1005169,1867,1.9123385193E8,2025-10-20
I1005170,272,3.040393634E7,2025-09-22
I1005171,1679,1.0184167104E8,2025-10-04
I1005172,1366,1.8735526149E8,2025-10-04
I1005173,1143,9.85125692E7,2025-10-07
I1005174,320,1.946854699E7,2025-09-17
I1005175,1545,1.8209900088E8,2025-10-05
I1005176,1685,8.536047003E7,2025-10-12
I1005177,1865,1.2636831118E8,2025-09-10
I1005178,528,4.765641023E7,2025-10-28
I1005179,1705,2.2644013091E8,2025-09-26
I1005180,1468,7.858995189E7,2025-10-04
I1005181,867,4.753593432E7,2025-10-11
I1005182,201,1.466002786E7,2025-10-02
I1005183,1275,7.837509691E7,2025-10-09
I1005184,666,1.406734382E7,2025-09-23
I1005185,537,5.321861005E7,2025-10-17
I1005186,876,6.770977026E7,2025-10-25
I1005187,213,1.335815059E7,2025-10-28
I1005188,1390,1.9720998405E8,2025-09-22
I1005189,180,1.121531925E7,2025-09-22
I1005190,1296,1.8803811894E8,2025-10-17
I1005191,1618,2.000819431E8,2025-10-14
I1005192,1031,1.2941546092E8,2025-10-09
I1005193,1256,1.0740200217E8,2025-10-02
I1005194,1427,1.2082950836E8,2025-09-10
I1005195,829,7.184652857E7,2025-10-31
I1005196,1492,9.388364969E7,2025-09-05
I1005197,326,1.336217358E7,2025-09-26
I1005198,458,4.648907479E7,2025-10-27
I1005199,547,3.078301287E7,2025-09-07
I1005200,507,6.767184936E7,2025-09-14
I1005201,1379,7.886119826E7,2025-09-28
I1005202,1353,8.668428893E7,2025-09-08
I1005203,464,1.3462221E7,2025-10-01
I1005204,1725,1.1199696072E8,2025-09-06
I1005205,429,3.62597224E7,2025-09-19
I1005206,285,2.749126714E7,2025-09-18
I1005207,1484,4.280716555E7,2025-09-15
I1005208,352,2.40264967E7,2025-09-09
I1005209,942,2.9612436E7,2025-10-25
I1005210,1937,5.137228071E7,2025-09-01
I1005211,1510,1.3596579969E8,2025-10-01
I1005212,1621,1.0738169192E8,2025-09-08
I1005213,1361,1.5424608312E8,2025-09-23
I1005214,1754,2.3340142031E8,2025-09-30
I1005215,1898,2.0290719234E8,2025-09-29
I1005216,1586,1.327568431E8,2025-10-05
I1005217,1723,6.240273412E7,2025-10-02
I1005218,1834,8.703846652E7,2025-09-26
I1005219,1241,6.666561053E7,2025-10-25
I1005220,1289,5.269900198E7,2025-09-13
I1005221,1450,7.567136707E7,2025-10-22
I1005222,1896,6.025264693E7,2025-10-06
I1005223,1853,7.129133537E7,2025-09-07
I1005224,605,4.974942086E7,2025-09-16
I1005225,1508,5.673732421E7,2025-09-06
I1005226,382,9698475.68,2025-10-18
I1005227,818,9.89064901E7,2025-10-15
I1005228,863,5.869014899E7,2025-09-04
I1005229,1281,1.2911696803E8,2025-09-21
I1005230,284,4.13632395E7,2025-10-21
I1005231,1329,7534131.67,2025-09-02
I1005232,1583,6.316106288E7,2025-09-05
I1005233,763,3.196075131E7,2025-09-09
I1005234,1702,1.406054502E7,2025-10-17
I1005235,1026,1.3869727313E8,2025-09-22
I1005236,735,6.49099618E7,2025-09-11
I1005237,1727,1.6831811004E8,2025-09-10
I1005238,288,2622864.26,2025-09-04
I1005239,372,5051619.71,2025-10-29
I1005240,1760,2.084971046E7,2025-10-21
I1005241,804,6242608.33,2025-09-19
I1005242,736,9.631331141E7,2025-10-25
I1005243,1846,2.0703454619E8,2025-09-06
I1005244,1062,8.710695446E7,2025-09-09
I1005245,258,1.673683995E7,2025-10-27
I1005246,795,1.0157059112E8,2025-09-29
I1005247,1462,1.42088667E8,2025-09-04
I1005248,800,6.584754068E7,2025-09-15
I1005249,1610,1.100168789E7,2025-09-15
I1005250,1168,1.2107031933E8,2025-09-09
I1005251,1087,9.658801196E7,2025-09-30
I1005252,886,8.310824548E7,2025-09-20
I1005253,712,6.243065314E7,2025-09-30
I1005254,1884,2.4521707735E8,2025-10-17
I1005255,456,6943505.84,2025-10-22
I1005256,1388,1.5223570489E8,2025-10-27
I1005257,1782,1.032698076E7,2025-10-01
I1005258,582,7.750194559E7,2025-09-18
I1005259,751,1.953670315E7,2025-10-11
I1005260,1151,3.268527802E7,2025-10-26
I1005261,925,8.121775914E7,2025-10-30
I1005262,1374,6.196120272E7,2025-09-04
I1005263,395,4.96879512E7,2025-09-09
I1005264,883,2.718969265E7,2025-09-03
I1005265,1782,2.3696792008E8,2025-09-19
I1005266,117,1.151417085E7,2025-10-04
I1005267,1889,1.9809630539E8,2025-10-22
I1005268,974,8.034124673E7,2025-09-23
I1005269,1492,7.337965321E7,2025-10-24
I1005270,901,5.207615684E7,2025-10-31
I1005271,316,1.034527211E7,2025-10-21
I1005272,1207,7.689241632E7,2025-10-07
I1005273,655,4.019766771E7,2025-10-01
I1005274,1660,1.3400786661E8,2025-10-31
I1005275,1941,1.375781522E8,2025-09-20
I1005276,1514,9536547.5,2025-09-05
I1005277,906,1.0515183001E8,2025-10-22
I1005278,164,1.61814806E7,2025-10-22
I1005279,366,1.088874139E7,2025-10-23
I1005280,657,1.269051428E7,2025-10-21
I1005281,1325,9.28839807E7,2025-10-14
I1005282,1334,1.3894111511E8,2025-09-26
I1005283,1952,4.708628923E7,2025-09-30
I1005284,1820,1.9724691642E8,2025-09-19
I1005285,1784,1.285952544E7,2025-10-30
I1005286,1953,7.693315285E7,2025-09-19
I1005287,1730,1.5208857983E8,2025-10-15
I1005288,1926,2.268453621E7,2025-09-09
I1005289,1424,6.203810136E7,2025-09-23
I1005290,626,7.760694447E7,2025-10-30
I1005291,643,7.11240791E7,2025-10-03
I1005292,964,1.153203273E8,2025-09-14
I1005293,1817,2.3657489899E8,2025-09-13
I1005294,383,9057206.59,2025-09-19
I1005295,713,4.0547632E7,2025-10-16
I1005296,1707,8330250.99,2025-09-12
I1005297,1882,5.476513099E7,2025-10-30
I1005298,1058,5439213.53,2025-09-08
I1005299,1993,1.3934161075E8,2025-09-07
I1005300,347,1.870997015E7,2025-09-16
I1005301,1841,1.1120005445E8,2025-10-17
I1005302,1582,1.5575263387E8,2025-09-03
I1005303,1108,1.4912346614E8,2025-10-30
I1005304,1604,3.971441427E7,2025-10-26
I1005305,1544,6.985399702E7,2025-09-05
I1005306,858,1.988896492E7,2025-09-12
I1005307,785,6.326945194E7,2025-10-24
I1005308,1304,8.07253318E7,2025-09-01
I1005309,138,1.680892959E7,2025-09-01
I1005310,1010,6.079937902E7,2025-09-28
I1005311,999,3.751920134E7,2025-10-30
I1005312,1197,2.751157897E7,2025-09-22
I1005313,193,187672.28,2025-09-16
I1005314,1496,1.0059553202E8,2025-09-29
I1005315,1895,2.7183649679E8,2025-09-23
I1005316,388,4.050917933E7,2025-09-04
I1005317,1078,1.400852609E8,2025-10-17
I1005318,1364,2849054.32,2025-09-14
I1005319,273,3434213.93,2025-10-30
I1005320,1035,1.2959502157E8,2025-09-04
I1005321,269,1.787651752E7,2025-10-16
I1005322,1558,1.4709514106E8,2025-09-22
I1005323,242,1.006274568E7,2025-10-10
I1005324,1331,4.049750789E7,2025-10-22
I1005325,652,1553762.35,2025-10-17
I1005326,114,2060825.17,2025-09-23
I1005327,1275,1.7289808567E8,2025-10-13
I1005328,620,3.127909372E7,2025-10-17
I1005329,1289,1.4506324303E8,2025-10-01
I1005330,393,4.128343409E7,2025-09-30
I1005331,402,4.426283081E7,2025-10-21
I1005332,840,1.2484156369E8,2025-10-25
I1005333,954,1.3235362483E8,2025-09-09
I1005334,1592,2.697473996E7,2025-09-12
I1005335,1280,1.9043695361E8,2025-09-09
I1005336,1192,1.1466530028E8,2025-09-08
I1005337,489,2.936202033E7,2025-09-08
I1005338,1895,5.673004438E7,2025-09-10
I1005339,1250,1.2606062151E8,2025-10-02
I1005340,747,6.779329631E7,2025-09-02
I1005341,1758,1.9905613617E8,2025-10-24
I1005342,107,2917278.07,2025-09-30
I1005343,472,4.626025264E7,2025-10-23
I1005344,549,2534864.96,2025-09-30
I1005345,1572,1.1908366458E8,2025-10-30
I1005346,1069,1.3645821017E8,2025-10-28
I1005347,1015,1.3693449333E8,2025-09-04
I1005348,1193,1.6679331051E8,2025-10-22
I1005349,273,3.714151597E7,2025-09-11
I1005350,1689,8.500051125E7,2025-09-29
I1005351,984,5.603352757E7,2025-10-22
I1005352,1759,4.99814075E7,2025-09-17
I1005353,135,1.510373168E7,2025-09-09
I1005354,936,1.1630304997E8,2025-10-12
I1005355,1664,9.379023057E7,2025-09-11
I1005356,339,2.11029567E7,2025-09-04
I1005357,1927,8.114228711E7,2025-10-24
I1005358,1007,1.1172763717E8,2025-10-16
I1005359,1942,1.781364918E8,2025-09-15
I1005360,718,9.802189014E7,2025-10-05
I1005361,803,1.1190030435E8,2025-09-23
I1005362,861,5.432798464E7,2025-10-29
I1005363,1817,1.5425743684E8,2025-10-24
I1005364,295,2.769862698E7,2025-09-03
I1005365,1017,6.46461054E7,2025-09-01
I1005366,887,1.2578190353E8,2025-09-23
I1005367,172,7811850.9,2025-10-14
I1005368,668,1.459586496E7,2025-10-27
I1005369,271,3.666804421E7,2025-09-24
I1005370,1488,1.7548842462E8,2025-10-25
I1005371,1639,2.1907181684E8,2025-10-03
I1005372,217,5802024.48,2025-10-16
I1005373,1073,1.0837297964E8,2025-09-15
I1005374,906,1.0193673955E8,2025-09-09
I1005375,242,2.625552929E7,2025-10-23
I1005376,1890,6.614433051E7,2025-10-13
I1005377,529,3.777748243E7,2025-10-30
I1005378,756,1.861705414E7,2025-09-26
I1005379,394,3.900604512E7,2025-10-03
I1005380,849,2.693611803E7,2025-09-23
I1005381,1405,1.1845392244E8,2025-10-18
I1005382,935,1.221909075E7,2025-09-30
I1005383,414,6.034181871E7,2025-09-16
I1005384,1811,2.3461053378E8,2025-10-21
I1005385,810,1.1335812953E8,2025-10-01
I1005386,411,3.152687447E7,2025-09-27
I1005387,1350,1.1180960017E8,2025-10-15
I1005388,996,2.19454401E7,2025-10-13
I1005389,1770,7.097359564E7,2025-09-25
I1005390,653,7.538733642E7,2025-09-20
I1005391,1429,1.299901954E8,2025-09-21
I1005392,187,2.422511073E7,2025-10-27
I1005393,1580,2.1830434184E8,2025-10-07
I1005394,259,1.798941132E7,2025-09-23
I1005395,1301,6.583367242E7,2025-10-15
I1005396,1355,4.857441374E7,2025-09-23
I1005397,614,2.078142038E7,2025-09-17
I1005398,164,5099253.15,2025-10-06
I1005399,572,3.81386987E7,2025-09-09
I1005400,901,1.963166023E7,2025-09-29
I1005401,618,3.782922039E7,2025-09-02
I1005402,204,1.513212918E7,2025-10-08
I1005403,207,2.783043068E7,2025-10-10
I1005404,280,2.841153561E7,2025-10-21
I1005405,122,6886951.0,2025-10-11
I1005406,297,1.671125056E7,2025-09-19
I1005407,284,2.414694142E7,2025-09-20
I1005408,296,1.816736405E7,2025-10-06
I1005409,128,1439725.7,2025-10-05
I1005410,1559,1.3777638652E8,2025-09-08
I1005411,502,1.970683052E7,2025-09-13
I1005412,868,1.74390241E7,2025-09-18
I1005413,1757,9.481826239E7,2025-10-18
I1005414,1220,1.5947203184E8,2025-09-17
I1005415,402,2477169.91,2025-10-06
I1005416,662,2.20516313E7,2025-10-28
I1005417,374,2.207174348E7,2025-10-04
I1005418,1282,9.909628865E7,2025-10-03
I1005419,299,1845714.57,2025-09-16
I1005420,636,5422124.55,2025-09-01
I1005421,1848,1.5930356892E8,2025-10-08
I1005422,677,9.901610261E7,2025-10-26
I1005423,518,2.787568045E7,2025-10-18
I1005424,393,5099057.3,2025-10-01
I1005425,147,4522919.21,2025-09-09
I1005426,156,2.043431334E7,2025-10-26
I1005427,1456,4.126420004E7,2025-10-06
I1005428,718,4.656490653E7,2025-09-02
I1005429,1485,1.9546450697E8,2025-09-10
I1005430,1981,4.834589227E7,2025-10-10
I1005431,1619,1.0757301479E8,2025-10-02
I1005432,216,2.118368711E7,2025-09-13
I1005433,1586,2.1140848629E8,2025-09-03
I1005434,1142,1.0415284778E8,2025-09-12
I1005435,172,2.555865893E7,2025-10-09
I1005436,1462,1.5746048496E8,2025-09-15
I1005437,1571,5.406273437E7,2025-09-28
I1005438,892,6.477141912E7,2025-09-20
I1005439,842,7.014670119E7,2025-10-02
I1005440,863,8373249.09,2025-09-09
I1005441,1236,5.374531506E7,2025-09-08
I1005442,347,2.973528164E7,2025-09-14
I1005443,1771,6.478031795E7,2025-09-12
I1005444,781,1.901744929E7,2025-10-03
I1005445,225,2.031327552E7,2025-10-30
I1005446,1418,1.050719915E7,2025-10-14
I1005447,1705,6.632064104E7,2025-09-28
I1005448,1910,4.691795054E7,2025-10-19
I1005449,148,3889035.08,2025-10-24
I1005450,642,2.743847729E7,2025-09-30
I1005451,1860,2.6024317714E8,2025-10-24
I1005452,732,3.336707001E7,2025-09-14
I1005453,1349,1.8048797113E8,2025-09-28
I1005454,823,2.14394659E7,2025-09-15
I1005455,756,4.683827646E7,2025-09-02
I1005456,323,1.934696344E7,2025-09-29
I1005457,709,8.218207664E7,2025-10-18
I1005458,1235,1.5590739814E8,2025-10-15
I1005459,705,3.582911879E7,2025-10-19
I1005460,885,9.663927041E7,2025-09-27
I1005461,1746,1.6045643029E8,2025-09-04
I1005462,1056,7.045126427E7,2025-10-02
I1005463,380,5.425100334E7,2025-10-17
I1005464,386,1.007620197E7,2025-10-05
I1005465,1041,4.530673747E7,2025-10-15
I1005466,887,8.602493648E7,2025-10-05
I1005467,1593,8.377151646E7,2025-10-26
I1005468,1146,9.347544434E7,2025-09-30
I1005469,1855,2.455440785E7,2025-09-17
I1005470,105,762063.15,2025-09-08
I1005471,1817,2.3341597719E8,2025-09-06
I1005472,468,5.642749718E7,2025-10-08
I1005473,1487,1.318446217E8,2025-10-27
I1005474,650,1.148303195E7,2025-10-04
I1005475,257,1.336945586E7,2025-09-08
I1005476,1558,6.095363717E7,2025-10-18
I1005477,111,1.600429262E7,2025-09-29
I1005478,132,2458684.2,2025-10-17
I1005479,661,7.168715861E7,2025-10-05
I1005480,1070,5.715293889E7,2025-09-09
I1005481,719,8.043615672E7,2025-09-18
I1005482,1653,4.18183893E7,2025-09-13
I1005483,568,5.965486616E7,2025-09-10
I1005484,651,7.890217519E7,2025-10-29
I1005485,1762,5.140490944E7,2025-10-17
I1005486,1573,2.1465078639E8,2025-09-23
I1005487,1050,1.0943792158E8,2025-09-03
I1005488,327,2.747095139E7,2025-10-23
I1005489,436,3.61211545E7,2025-09-21
I1005490,928,6.612322436E7,2025-09-30
I1005491,1726,2.103598088E8,2025-09-14
I1005492,642,414437.21,2025-09-25
I1005493,1873,5.698947696E7,2025-10-24
I1005494,1054,1.5019941292E8,2025-10-10
I1005495,897,9.322135209E7,2025-10-21
I1005496,1331,1507238.44,2025-10-02
I1005497,655,8.955053806E7,2025-10-10
I1005498,208,3035414.69,2025-09-19
I1005499,1352,1.062561026E7,2025-09-02
I1005500,1473,9.728647402E7,2025-09-01
I1005501,1191,1.6315023111E8,2025-10-11
I1005502,576,6.63493574E7,2025-10-07
I1005503,304,1.137203908E7,2025-10-07
I1005504,738,1.0175585137E8,2025-09-27
I1005505,1295,3.104894232E7,2025-10-25
I1005506,1335,1.7589919993E8,2025-10-04
I1005507,1258,1.2344718987E8,2025-10-29
I1005508,983,9.287199984E7,2025-10-01
I1005509,1307,4.967898782E7,2025-10-21
I1005510,797,8757193.01,2025-09-14
I1005511,1479,1.945505423E7,2025-09-11
I1005512,290,1.936520344E7,2025-10-25
I1005513,1544,2.2333303272E8,2025-10-26
I1005514,688,4.181189218E7,2025-09-10
I1005515,365,2.781598681E7,2025-09-22
I1005516,163,1.606531485E7,2025-10-27
I1005517,1199,5.821941673E7,2025-10-27
I1005518,297,4.202899223E7,2025-10-09
I1005519,1849,2.3387382433E8,2025-09-28
I1005520,585,4.37828462E7,2025-09-02
I1005521,930,1.0635742137E8,2025-09-22
I1005522,646,2.5976755E7,2025-09-08
I1005523,921,1.0717702786E8,2025-09-05
I1005524,775,3.90435599E7,2025-09-04
I1005525,521,6.214371384E7,2025-10-17
I1005526,402,4.842390642E7,2025-10-26
I1005527,931,7.700686011E7,2025-09-26
I1005528,756,9.763575717E7,2025-10-21
I1005529,1193,4.498017125E7,2025-09-09
I1005530,718,3.028963372E7,2025-09-03
I1005531,1051,1.0597186716E8,2025-10-27
I1005532,145,1.695840563E7,2025-10-26
I1005533,1447,4.941724491E7,2025-10-29
I1005534,427,4.466234673E7,2025-10-23
I1005535,140,9178472.83,2025-09-05
I1005536,244,2.799252489E7,2025-09-17
I1005537,151,1.744860709E7,2025-10-18
I1005538,1041,7.343308707E7,2025-10-17
I1005539,1324,8930016.36,2025-10-13
I1005540,305,9780603.18,2025-10-26
I1005541,173,7477085.95,2025-10-30
I1005542,719,8.354012516E7,2025-09-30
I1005543,1420,4.388580699E7,2025-09-16
I1005544,759,3.37174922E7,2025-09-22
I1005545,735,9.907521527E7,2025-10-05
I1005546,1735,6605840.98,2025-10-05
I1005547,1108,1.6114181594E8,2025-09-22
I1005548,167,4936431.14,2025-10-18
I1005549,1857,1.4481687013E8,2025-10-12
I1005550,1948,1.6745826929E8,2025-10-19
I1005551,1023,9.11363841E7,2025-10-15
I1005552,478,5.520980943E7,2025-09-10
I1005553,773,6.303607917E7,2025-09-30
I1005554,1664,3.480654792E7,2025-10-24
I1005555,536,5.857520179E7,2025-09-21
I1005556,1263,8.564959829E7,2025-10-19
I1005557,203,1270943.77,2025-10-06
I1005558,1346,2.0044975342E8,2025-09-24
I1005559,157,1.263707232E7,2025-10-27
I1005560,1666,3.527907499E7,2025-09-13
I1005561,1971,9.907913233E7,2025-09-24
I1005562,1532,2.2747012765E8,2025-10-01
I1005563,1147,1.0409386165E8,2025-10-21
I1005564,887,3.326812476E7,2025-10-11
I1005565,837,1.2197812307E8,2025-09-28
I1005566,105,1.175457291E7,2025-10-09
I1005567,604,9.01962005E7,2025-09-08
I1005568,1863,7.217789518E7,2025-09-11
I1005569,1977,2.632621403E7,2025-10-13
I1005570,950,6.326092443E7,2025-09-01
I1005571,599,5.978762607E7,2025-10-28
I1005572,725,7707687.15,2025-09-19
I1005573,335,1.44633423E7,2025-10-18
I1005574,166,2.225718615E7,2025-09-22
I1005575,402,8262877.65,2025-09-13
I1005576,365,5.004524988E7,2025-10-16
I1005577,578,6052177.91,2025-10-19
I1005578,715,7.890622099E7,2025-09-25
I1005579,1286,7.711603785E7,2025-09-18
I1005580,1269,1.0310501562E8,2025-09-05
I1005581,417,5.348683986E7,2025-10-08
I1005582,1042,1.283917247E8,2025-09-28
I1005583,784,1.634371928E7,2025-09-19
I1005584,185,7639919.07,2025-10-09
I1005585,1145,2.602804342E7,2025-09-01
I1005586,128,184585.19,2025-10-04
I1005587,1421,5269265.39,2025-10-14
I1005588,281,4.001701151E7,2025-09-23
I1005589,751,1.984784524E7,2025-09-05
I1005590,1816,2.5349166412E8,2025-09-15
I1005591,1333,1.2487776758E8,2025-10-12
I1005592,1446,1.9290986805E8,2025-10-04
I1005593,218,2.620852814E7,2025-09-19
I1005594,758,4.77704426E7,2025-10-15
I1005595,1678,2118073.51,2025-10-23
I1005596,776,3.565727742E7,2025-10-15
I1005597,818,8360322.41,2025-10-06
I1005598,777,1.1616812245E8,2025-09-24
I1005599,1233,1.4964250826E8,2025-09-28
I1005600,1305,1.8030611272E8,2025-10-07
I1005601,1516,1.2554557879E8,2025-10-08
I1005602,1008,2.241742755E7,2025-09-27
I1005603,1807,9.06336159E7,2025-09-15
I1005604,269,2.487678974E7,2025-09-19
I1005605,1879,4.757830336E7,2025-09-10
I1005606,1932,9.828874741E7,2025-09-07
I1005607,1072,3.512422534E7,2025-09-17
I1005608,1800,2.6305314036E8,2025-10-25
I1005609,742,7.083722553E7,2025-10-12
I1005610,1468,9.306145827E7,2025-09-14
I1005611,559,2.836563494E7,2025-10-02
I1005612,1180,1.575871036E7,2025-10-20
I1005613,964,9.575501511E7,2025-09-04
I1005614,258,2.108864798E7,2025-10-30
I1005615,1941,2.7356657434E8,2025-10-31
I1005616,853,4456910.19,2025-10-23
I1005617,602,8.390101275E7,2025-10-01
I1005618,320,1.352011686E7,2025-10-31
I1005619,683,4445859.2,2025-09-03
I1005620,1146,8.61561117E7,2025-10-06
I1005621,76,1.003897435E7,2025-09-12
I1005622,563,3.282978762E7,2025-10-06
I1005623,1762,1.1133958788E8,2025-10-13
I1005624,174,9481994.16,2025-10-05
I1005625,1888,2.5732674447E8,2025-10-25
I1005626,735,1.0543620665E8,2025-10-22
I1005627,1124,1.4006541365E8,2025-09-03
I1005628,1696,8.296158037E7,2025-10-26
I1005629,1059,1.197928887E8,2025-10-31
I1005630,701,3.218019223E7,2025-10-17
I1005631,1306,1.9021394165E8,2025-09-11
I1005632,697,2.637410996E7,2025-09-28
I1005633,1129,6246908.9,2025-09-29
I1005634,770,5.082013208E7,2025-10-11
I1005635,1497,9.025279912E7,2025-09-05
I1005636,1807,1.989548043E7,2025-10-06
I1005637,1254,2134227.94,2025-09-21
I1005638,334,3.009142064E7,2025-09-25
I1005639,1501,2.902493441E7,2025-09-02
I1005640,949,1.0145383944E8,2025-10-06
I1005641,799,1.0090304771E8,2025-09-23
I1005642,433,3.42699149E7,2025-09-15
I1005643,1175,2.270533607E7,2025-09-18
I1005644,1324,1.0812393014E8,2025-10-15
I1005645,1251,1.6558959268E8,2025-10-17
I1005646,1534,1.4104063177E8,2025-09-25
I1005647,115,1.697696126E7,2025-10-17
I1005648,1878,1.5493182385E8,2025-09-30
I1005649,465,1.254417944E7,2025-10-05
I1005650,157,1.288255097E7,2025-10-19
I1005651,1089,1.0166862626E8,2025-09-19
I1005652,901,5.795143055E7,2025-10-20
I1005653,1251,1.2770126923E8,2025-10-21
I1005654,1110,7.956016755E7,2025-09-24
I1005655,562,2.399135149E7,2025-10-06
I1005656,1793,1.1059505896E8,2025-09-18
I1005657,1692,1.8424200834E8,2025-09-14
I1005658,263,2.273687516E7,2025-09-25
I1005659,130,1.606761871E7,2025-09-11
I1005660,1829,2.0030269786E8,2025-10-15
I1005661,1550,2.2273752158E8,2025-10-11
I1005662,1936,1.4979787454E8,2025-10-19
I1005663,510,4.481422187E7,2025-10-15
I1005664,909,1.0280518796E8,2025-09-02
I1005665,513,5.262937861E7,2025-10-06
I1005666,501,1.331690961E7,2025-09-16
I1005667,1634,2.640819612E7,2025-09-18
I1005668,1083,9.529906581E7,2025-09-30
I1005669,1768,1.0093403173E8,2025-09-07
I1005670,398,9029064.56,2025-10-20
I1005671,1979,3.200115968E7,2025-10-27
I1005672,921,2.606918065E7,2025-10-25
I1005673,372,4.889112035E7,2025-09-16
I1005674,1201,1.4789310954E8,2025-10-10
I1005675,137,1.356924793E7,2025-09-20
I1005676,1905,1.0328271499E8,2025-10-01
I1005677,78,1846468.38,2025-09-28
I1005678,1735,3374250.88,2025-09-05
I1005679,1504,1.8442815437E8,2025-09-08
I1005680,659,4.789671584E7,2025-10-27
I1005681,1344,3441454.05,2025-09-22
I1005682,1005,7622302.1,2025-09-29
I1005683,812,2.235160001E7,2025-09-19
I1005684,676,1.058407825E7,2025-09-11
I1005685,864,6.507901188E7,2025-09-11
I1005686,1746,1.326697985E7,2025-09-07
I1005687,1365,709160.06,2025-10-17
I1005688,686,7.597022595E7,2025-10-12
I1005689,469,5.34990883E7,2025-10-22
I1005690,977,2.792920711E7,2025-09-19
I1005691,1861,7.553544286E7,2025-09-30
I1005692,632,3.280529243E7,2025-10-08
I1005693,609,5.999771126E7,2025-09-14
I1005694,198,2.80905081E7,2025-09-22
I1005695,1186,6.435966687E7,2025-09-21
I1005696,1473,2.0019411851E8,2025-09-20
I1005697,1971,2.2690360969E8,2025-10-11
I1005698,1650,2.0364507289E8,2025-10-13
I1005699,1737,2.1246987484E8,2025-09-28
I1005700,1438,1.5352918291E8,2025-10-02
I1005701,1520,6612679.02,2025-10-03
I1005702,447,6.193478977E7,2025-10-05
I1005703,1679,8.03814207E7,2025-10-27
I1005704,1367,2.624443238E7,2025-09-18
I1005705,1641,1.7275215386E8,2025-09-17
I1005706,1510,3.408972777E7,2025-09-05
I1005707,283,2.35771844E7,2025-09-12
I1005708,997,9.030832666E7,2025-09-30
I1005709,397,2.161569184E7,2025-10-12
I1005710,339,2.867454442E7,2025-09-09
I1005711,550,7.560115749E7,2025-10-16
I1005712,458,6.270197443E7,2025-09-16
I1005713,1191,3.843273408E7,2025-10-01
I1005714,724,1.0181490559E8,2025-09-05
I1005715,1340,1.0444732715E8,2025-09-21
I1005716,1909,1.154728605E8,2025-09-12
I1005717,772,3.121596389E7,2025-09-26
I1005718,1690,1.623177744E7,2025-10-11
I1005719,1408,1.623925453E7,2025-09-01
I1005720,439,3.044492414E7,2025-09-21
I1005721,1496,4.962514846E7,2025-10-14
I1005722,926,7.460118341E7,2025-10-11
I1005723,1273,6.966847023E7,2025-10-10
I1005724,1001,1.1251172249E8,2025-10-01
I1005725,500,3.783235923E7,2025-10-28
I1005726,101,6051127.29,2025-10-16
I1005727,1183,3.615746877E7,2025-09-11
I1005728,756,6.320239333E7,2025-10-16
I1005729,1079,4.063051695E7,2025-10-24
I1005730,515,5.694972632E7,2025-10-27
I1005731,1161,1.6812702977E8,2025-10-09
I1005732,857,1.2438580407E8,2025-09-15
I1005733,1012,1.2792460275E8,2025-09-21
I1005734,685,3.399185734E7,2025-10-16
I1005735,1321,7.274476759E7,2025-10-18
I1005736,791,1.1035741829E8,2025-10-06
I1005737,1841,1.2450235016E8,2025-09-12
I1005738,1731,2.7940079E7,2025-09-12
I1005739,651,6488802.07,2025-09-26
I1005740,1156,6.966742643E7,2025-09-09
I1005741,1669,3.082721351E7,2025-09-04
I1005742,1751,1.9581636238E8,2025-10-20
I1005743,1142,1.5839065539E8,2025-09-11
I1005744,1320,1.1947503118E8,2025-10-20
I1005745,896,9.160023277E7,2025-09-01
I1005746,1327,1.71267422E7,2025-09-02
I1005747,1345,3.183884821E7,2025-09-19
I1005748,1918,1.6058374406E8,2025-10-09
I1005749,1047,1.3874343656E8,2025-09-06
I1005750,643,6.191995414E7,2025-09-22
I1005751,1968,1.3999938403E8,2025-10-09
I1005752,1812,2.3806161817E8,2025-09-08
I1005753,1472,1.9917568871E8,2025-10-19
I1005754,1953,2.7059186365E8,2025-09-05
I1005755,825,5.576377658E7,2025-09-08
I1005756,593,5919444.8,2025-10-22
I1005757,343,8924767.62,2025-09-01
I1005758,544,6.507573344E7,2025-09-09
I1005759,777,1.17064471E7,2025-09-05
I1005760,1779,2.4784624287E8,2025-10-20
I1005761,792,902380.82,2025-10-23
I1005762,1044,1.1493175387E8,2025-09-18
I1005763,93,2051650.58,2025-10-15
I1005764,1657,1.828966128E8,2025-09-05
I1005765,699,3368658.35,2025-09-06
I1005766,1156,9.988980501E7,2025-10-01
I1005767,1887,6243504.08,2025-10-13
I1005768,1289,8.769557662E7,2025-09-17
I1005769,1791,1.5376457343E8,2025-09-04
I1005770,162,1.441902389E7,2025-09-19
I1005771,928,4.614483028E7,2025-10-26
I1005772,1041,5.167460164E7,2025-10-21
I1005773,1144,1.5675002704E8,2025-10-18
I1005774,1293,1.3406610755E8,2025-10-26
I1005775,1068,9.137307444E7,2025-09-10
I1005776,799,4.110622091E7,2025-10-21
I1005777,1422,3.006833175E7,2025-10-28
I1005778,1318,1.4581490302E8,2025-09-28
I1005779,902,9.144351602E7,2025-10-16
I1005780,1387,1.7913372445E8,2025-09-17
I1005781,149,1.211619195E7,2025-09-14
I1005782,1640,1.6045258721E8,2025-09-04
I1005783,764,7202054.29,2025-10-21
I1005784,1964,2.4026163091E8,2025-10-01
I1005785,1689,1.7730713599E8,2025-10-27
I1005786,483,5.07622735E7,2025-10-21
I1005787,1493,1.4892458398E8,2025-10-23
I1005788,1818,7.864524829E7,2025-09-21
I1005789,795,1.0823954259E8,2025-10-15
I1005790,1236,1.7622661499E8,2025-09-20
I1005791,1802,2.0060800353E8,2025-10-06
I1005792,1923,1.0385026873E8,2025-10-18
I1005793,626,1.012438666E7,2025-10-22
I1005794,780,2.760662138E7,2025-09-01
I1005795,705,3.112909428E7,2025-10-16
I1005796,486,5.346939106E7,2025-09-01
I1005797,1122,3.611182455E7,2025-09-09
I1005798,188,2.446461923E7,2025-09-01
I1005799,882,2.02456995E7,2025-09-26
I1005800,221,2279796.81,2025-10-12
I1005801,1072,1.892763232E7,2025-10-17
I1005802,1318,1.0261051344E8,2025-09-08
I1005803,141,1.332635859E7,2025-09-26
I1005804,1391,1.8567117525E8,2025-09-04
I1005805,1718,6.433605988E7,2025-10-01
I1005806,1867,7.336775935E7,2025-09-16
I1005807,1226,1.6753670547E8,2025-09-10
I1005808,1175,5.34807335E7,2025-10-30
I1005809,754,3.248415387E7,2025-10-31
I1005810,81,1.073193749E7,2025-10-13
I1005811,1341,1.941228289E7,2025-09-18
I1005812,1895,2.7276197343E8,2025-10-22
I1005813,136,4465636.98,2025-10-27
I1005814,1303,8.824005433E7,2025-10-28
I1005815,1654,6.971079942E7,2025-09-30
I1005816,680,9.473687487E7,2025-09-17
I1005817,1273,1.3830380284E8,2025-09-09
I1005818,952,9.339474191E7,2025-09-21
I1005819,139,1.246834973E7,2025-10-22
I1005820,1930,2.4221820344E8,2025-09-20
I1005821,847,5.269866734E7,2025-10-28
I1005822,1990,1.3364194667E8,2025-10-27
I1005823,181,2.295249609E7,2025-10-17
I1005824,1741,1.4324951003E8,2025-09-12
I1005825,1681,1.7993210201E8,2025-09-28
I1005826,1005,1.747318777E7,2025-10-27
I1005827,1798,1.8717753298E8,2025-09-26
I1005828,1593,7.777661336E7,2025-10-25
I1005829,1198,1.4971260861E8,2025-09-04
I1005830,1107,2.073113349E7,2025-10-10
I1005831,1066,1.1643370498E8,2025-09-18
I1005832,119,7106963.16,2025-09-15
I1005833,726,9.016479622E7,2025-09-19
I1005834,433,3.032390669E7,2025-09-05
I1005835,988,4.032449927E7,2025-09-12
I1005836,592,3.168206709E7,2025-09-08
I1005837,756,4.395472967E7,2025-10-11
I1005838,1152,2.318638649E7,2025-09-01
I1005839,674,1.171806781E7,2025-09-23
I1005840,957,9.213403723E7,2025-10-17
I1005841,228,1.777142249E7,2025-10-05
I1005842,55,1071723.56,2025-09-08
I1005843,401,4096108.36,2025-10-25
I1005844,1762,9.843897462E7,2025-10-03
I1005845,771,5.549821152E7,2025-10-10
I1005846,1796,1.2596231658E8,2025-10-02
I1005847,1432,5.375672746E7,2025-09-14
I1005848,1230,2.914571334E7,2025-10-23
I1005849,82,4740420.26,2025-10-21
I1005850,1926,1.1295003737E8,2025-09-24
I1005851,425,2.038609137E7,2025-10-07
I1005852,887,3.363125269E7,2025-10-23
I1005853,154,1.698178409E7,2025-09-17
I1005854,1158,1.2623615729E8,2025-10-16
I1005855,1073,1.4201669232E8,2025-10-11
I1005856,1738,1.0073403685E8,2025-10-01
I1005857,1049,6.52111342E7,2025-10-14
I1005858,96,1.351598781E7,2025-10-18
I1005859,119,8362528.22,2025-09-29
I1005860,278,3.50972633E7,2025-09-05
I1005861,928,1.055934597E8,2025-10-24
I1005862,1520,3.791439021E7,2025-10-04
I1005863,121,1997909.18,2025-09-05
I1005864,163,1.347049568E7,2025-10-26
I1005865,562,3.431694622E7,2025-09-12
I1005866,1491,5.030454071E7,2025-09-15
I1005867,980,1.244608359E7,2025-10-26
I1005868,1629,5.448540939E7,2025-10-13
I1005869,1583,6.326380517E7,2025-10-16
I1005870,1710,4.583058535E7,2025-09-04
I1005871,364,2.353964564E7,2025-10-20
I1005872,1350,1.8517293361E8,2025-09-12
I1005873,1012,5.264450083E7,2025-09-20
I1005874,1780,2.5009191247E8,2025-10-08
I1005875,1057,4.856104096E7,2025-10-10
I1005876,63,1183656.38,2025-10-16
I1005877,273,2.419090747E7,2025-09-26
I1005878,1129,4.148854809E7,2025-10-10
I1005879,614,7.08137596E7,2025-09-20
I1005880,1964,2.339339138E8,2025-09-17
I1005881,1126,2867685.52,2025-10-22
I1005882,1986,1.320410587E7,2025-09-06
I1005883,1036,1.283952161E7,2025-09-07
I1005884,1073,7.109584319E7,2025-09-01
I1005885,838,2.805215944E7,2025-09-09
I1005886,642,1.326833145E7,2025-09-07
I1005887,1741,3.031861159E7,2025-09-01
I1005888,207,981657.98,2025-09-06
I1005889,1023,9.380378516E7,2025-09-08
I1005890,745,1.0083134285E8,2025-10-16
I1005891,92,5417326.99,2025-09-30
I1005892,1316,1.4429666045E8,2025-09-19
I1005893,91,7911958.84,2025-10-01
I1005894,1810,2.2562082688E8,2025-09-26
I1005895,1245,4.049109776E7,2025-10-01
I1005896,62,6329236.9,2025-10-03
I1005897,1199,5.484107648E7,2025-10-17
I1005898,1379,9.693554779E7,2025-09-10
I1005899,975,1.628380801E7,2025-10-31
I1005900,622,2.012027249E7,2025-09-15
I1005901,405,6759050.79,2025-09-06
I1005902,817,2.94691608E7,2025-10-05
I1005903,1292,1.4369854865E8,2025-10-15
I1005904,172,3212735.54,2025-10-22
I1005905,1805,2.4029243382E8,2025-09-05
I1005906,613,7.449011724E7,2025-09-30
I1005907,951,1.3290661386E8,2025-10-05
I1005908,180,2774002.12,2025-10-15
I1005909,462,5.247925207E7,2025-09-16
I1005910,1155,9.441593099E7,2025-10-22
I1005911,1357,3.157318637E7,2025-10-12
I1005912,206,2.380933024E7,2025-10-20
I1005913,1729,2.1477188762E8,2025-10-05
I1005914,550,7.459447338E7,2025-10-19
I1005915,1273,1.8940862326E8,2025-09-26
I1005916,1863,2.494360937E8,2025-09-29
I1005917,1162,8.761330755E7,2025-09-25
I1005918,1239,7.165860491E7,2025-10-25
I1005919,1240,1.1028861331E8,2025-09-12
I1005920,1797,5.54435203E7,2025-09-04
I1005921,170,2.407279579E7,2025-10-19
I1005922,1293,1.6239921691E8,2025-09-23
I1005923,1026,1.2139373561E8,2025-09-01
I1005924,1648,8.045661002E7,2025-09-06
I1005925,918,2.967647531E7,2025-10-02
I1005926,1674,1.7461584324E8,2025-09-10
I1005927,960,9.176776597E7,2025-10-07
I1005928,712,5.081668626E7,2025-10-17
I1005929,184,1.793402987E7,2025-09-14
I1005930,249,2268527.45,2025-10-25
I1005931,1116,1.4126642418E8,2025-10-14
I1005932,235,1.053605305E7,2025-09-23
I1005933,146,1.351657701E7,2025-10-12
I1005934,870,1.1679670134E8,2025-09-22
I1005935,540,5.431874193E7,2025-09-09
I1005936,1935,5.035105198E7,2025-09-07
I1005937,865,5.493147256E7,2025-10-08
I1005938,1233,1.7834673451E8,2025-10-08
I1005939,1125,1.0871336801E8,2025-09-01
I1005940,297,3.371591913E7,2025-09-10
I1005941,1783,1.5802425825E8,2025-10-18
I1005942,388,2.696492759E7,2025-10-10
I1005943,877,4.66673563E7,2025-09-25
I1005944,945,9.884617858E7,2025-09-24
I1005945,292,7637112.71,2025-09-02
I1005946,1713,5.22100426E7,2025-10-27
I1005947,1093,5.78666185E7,2025-10-25
I1005948,1856,2.986847663E7,2025-09-05
I1005949,604,6.840816402E7,2025-09-24
I1005950,277,1.958062189E7,2025-10-01
I1005951,210,1.571127381E7,2025-09-03
I1005952,1373,2.0307444583E8,2025-10-31
I1005953,640,5.57190962E7,2025-10-25
I1005954,948,1.3120695974E8,2025-10-21
I1005955,1372,1.1955216541E8,2025-10-26
I1005956,1591,2.1142392693E8,2025-09-30
I1005957,735,1.0060125044E8,2025-10-30
I1005958,475,5.733447853E7,2025-09-20
I1005959,1075,1.320102306E8,2025-09-19
I1005960,1589,1.7541094905E8,2025-09-15
I1005961,1928,1.7625398281E8,2025-10-02
I1005962,1248,1.7900725941E8,2025-09-14
I1005963,832,8.181118853E7,2025-10-25
I1005964,1722,1.249429122E7,2025-09-10
I1005965,816,7242401.73,2025-10-06
I1005966,110,1.095675995E7,2025-09-07
I1005967,1295,1.1141955005E8,2025-09-13
I1005968,381,1.007872639E7,2025-10-05
I1005969,575,3.291502584E7,2025-10-30
I1005970,1022,6.732501593E7,2025-10-15
I1005971,1671,6.791507017E7,2025-09-30
I1005972,709,8.945666951E7,2025-09-23
I1005973,526,4.414632847E7,2025-09-09
I1005974,587,8.730843589E7,2025-10-09
I1005975,764,1.368425801E7,2025-10-07
I1005976,412,6.029368738E7,2025-09-27
I1005977,1505,5.149968627E7,2025-10-03
I1005978,1300,2456620.48,2025-10-20
I1005979,1473,1.150735817E8,2025-09-01
I1005980,1049,1.1607854402E8,2025-10-06
I1005981,866,7.506584767E7,2025-10-28
I1005982,1118,3.145777321E7,2025-10-14
I1005983,1702,1.0027584493E8,2025-09-05
I1005984,391,4.142295865E7,2025-10-11
I1005985,561,8.127716358E7,2025-09-11
I1005986,1806,3.682134284E7,2025-10-14
I1005987,722,8.007855016E7,2025-10-17
I1005988,413,3.130413537E7,2025-09-02
I1005989,723,1.99321349E7,2025-10-30
I1005990,76,9026684.31,2025-09-10
I1005991,457,1.074934735E7,2025-09-26
I1005992,1972,8.22925291E7,2025-10-27
I1005993,799,2.758124248E7,2025-09-11
I1005994,737,1.0959670909E8,2025-09-03
I1005995,1264,8.697202785E7,2025-10-05
I1005996,793,1.0545746106E8,2025-10-22
I1005997,599,2.409600471E7,2025-10-14
I1005998,646,5.472646542E7,2025-10-17
I1005999,1833,4.576203957E7,2025-10-29
I1006000,1020,6.918581159E7,2025-09-07
I1006001,1528,1.9067848115E8,2025-10-19
I1006002,847,7.596126515E7,2025-09-29
I1006003,1001,1.3543419682E8,2025-10-14
I1006004,1105,6.685331143E7,2025-10-03
I1006005,735,1.473994944E7,2025-10-29
I1006006,625,8.823105266E7,2025-09-06
I1006007,1995,8.079978339E7,2025-10-07
I1006008,805,1.0941076376E8,2025-09-19
I1006009,1902,6.550345346E7,2025-09-26
I1006010,1793,6.631672542E7,2025-10-06
I1006011,240,1.701218833E7,2025-10-06
I1006012,490,1.551172826E7,2025-09-05
I1006013,1906,8.889608402E7,2025-09-22
I1006014,1014,1.114982772E7,2025-10-12
I1006015,1786,2.2094972207E8,2025-10-09
I1006016,845,1.1283339593E8,2025-09-09
I1006017,477,2.287204048E7,2025-09-27
I1006018,208,3805347.51,2025-09-18
I1006019,533,1.771751593E7,2025-09-27
I1006020,60,5041193.8,2025-10-30
I1006021,1439,4.640504155E7,2025-10-10
I1006022,1940,2.2768338831E8,2025-10-01
I1006023,1850,7.963924482E7,2025-09-09
I1006024,614,2.653677782E7,2025-10-12
I1006025,1422,3.189143863E7,2025-10-24
I1006026,872,5.933297362E7,2025-09-15
I1006027,1600,2.771318567E7,2025-09-07
I1006028,405,3.358227961E7,2025-09-02
I1006029,804,1.1709150248E8,2025-10-29
I1006030,338,3.654953701E7,2025-10-24
I1006031,771,6.54136986E7,2025-10-03
I1006032,153,1.691293626E7,2025-10-29
I1006033,1258,9.053966741E7,2025-09-16
I1006034,382,6602400.62,2025-10-08
I1006035,726,4491123.97,2025-10-26
I1006036,788,8.597619511E7,2025-09-17
I1006037,547,2.245410603E7,2025-09-05
I1006038,1057,1.2579282447E8,2025-09-06
I1006039,728,2.229840463E7,2025-10-17
I1006040,1501,1.8772892269E8,2025-09-19
I1006041,1570,2.0395243148E8,2025-10-20
I1006042,257,2.092058291E7,2025-10-08
I1006043,1791,1.428071436E7,2025-09-05
I1006044,1754,6.68776874E7,2025-10-27
I1006045,1000,1.1199265996E8,2025-09-01
I1006046,631,6.244614474E7,2025-09-03
I1006047,1246,1.282402139E7,2025-09-15
I1006048,306,9016577.4,2025-09-02
I1006049,1943,4.118660206E7,2025-10-27
I1006050,219,1.984631534E7,2025-10-03
I1006051,1699,6.799412235E7,2025-09-03
I1006052,684,8.009600496E7,2025-10-31
I1006053,117,1.430294359E7,2025-10-23
I1006054,934,5.99624668E7,2025-10-03
I1006055,1268,6.854010403E7,2025-10-08
I1006056,1665,1.1908951469E8,2025-09-14
I1006057,880,1.1956544252E8,2025-10-24
I1006058,531,7.247129796E7,2025-10-13
I1006059,1239,1.2882644157E8,2025-09-05
I1006060,1143,7.590869075E7,2025-09-28
I1006061,1890,1.9555997137E8,2025-09-11
I1006062,1880,8.479133073E7,2025-10-16
I1006063,665,3.855149773E7,2025-10-11
I1006064,908,3.706304242E7,2025-10-14
I1006065,432,4.614599116E7,2025-09-02
I1006066,974,2.712943573E7,2025-09-08
I1006067,540,1.137103089E7,2025-09-30
I1006068,207,2.828172197E7,2025-09-24
I1006069,1628,2.3199075481E8,2025-10-28
I1006070,935,1.3513821473E8,2025-10-22
I1006071,602,2.54444382E7,2025-10-29
I1006072,1551,2.2589551278E8,2025-10-22
I1006073,988,8.983500187E7,2025-09-21
I1006074,1357,1.2570309903E8,2025-10-28
I1006075,1139,3.43597732E7,2025-09-02
I1006076,1266,1.5757009028E8,2025-09-07
I1006077,915,7.411554018E7,2025-10-22
I1006078,860,1.353407872E7,2025-09-25
I1006079,736,9.221873426E7,2025-10-03
I1006080,1255,7.478075478E7,2025-10-18
I1006081,662,7.238264432E7,2025-10-09
I1006082,701,8.090395423E7,2025-10-31
I1006083,1701,2.5406070903E8,2025-09-23
I1006084,1317,1.2968783225E8,2025-10-03
I1006085,1181,1.1822623175E8,2025-09-10
I1006086,728,1.288755649E7,2025-10-11
I1006087,1887,1.574421011E7,2025-09-28
I1006088,106,4298189.02,2025-10-06
I1006089,631,3659107.73,2025-09-11
I1006090,764,3.21640631E7,2025-09-05
I1006091,1218,1.2792316466E8,2025-09-27
I1006092,1085,9.44488359E7,2025-09-23
I1006093,845,7.051259324E7,2025-10-02
I1006094,1762,2.4897997449E8,2025-09-19
I1006095,1853,1.341208609E7,2025-10-07
I1006096,603,8.587694584E7,2025-09-24
I1006097,990,1.282946783E8,2025-10-09
I1006098,628,7717464.54,2025-09-27
I1006099,1155,2.892660623E7,2025-10-16
I1006100,1750,1.8112011282E8,2025-10-24
I1006101,1042,1.5497976089E8,2025-09-14
I1006102,615,5.555773635E7,2025-10-05
I1006103,1770,3.831585225E7,2025-10-04
I1006104,630,8.568304957E7,2025-10-02
I1006105,1506,1.5906285111E8,2025-09-03
I1006106,1096,1.3286903097E8,2025-10-02
I1006107,52,4982884.58,2025-10-01
I1006108,104,1.33773635E7,2025-10-27
I1006109,566,4091065.22,2025-09-03
I1006110,977,8.371784464E7,2025-09-27
I1006111,168,1127760.74,2025-09-18
I1006112,123,1.765015244E7,2025-10-03
I1006113,1865,1.3552598901E8,2025-09-23
I1006114,222,8262128.78,2025-09-06
I1006115,1337,1.8933969593E8,2025-10-13
I1006116,1385,1.290307439E8,2025-10-31
I1006117,187,5821441.37,2025-09-30
I1006118,1163,1.3269849585E8,2025-10-26
I1006119,1405,1.6040606223E8,2025-09-10
I1006120,1991,1.4147764553E8,2025-10-29
I1006121,1692,1.3700823544E8,2025-09-12
I1006122,718,9.51062471E7,2025-10-03
I1006123,479,3.832561979E7,2025-09-30
I1006124,463,6.232608945E7,2025-10-12
I1006125,1451,6159053.93,2025-10-19
I1006126,325,4.609015452E7,2025-10-31
I1006127,218,4698666.97,2025-09-26
I1006128,1106,6.758018357E7,2025-10-19
I1006129,244,3.261251622E7,2025-10-09
I1006130,842,1.1086652336E8,2025-10-15
I1006131,1007,8.803148134E7,2025-10-13
I1006132,1736,1.3370002656E8,2025-09-29
I1006133,834,3229588.05,2025-10-18
I1006134,896,1.633107464E7,2025-09-02
I1006135,1679,2.5062096662E8,2025-09-07
I1006136,912,1.0691463411E8,2025-10-07
I1006137,84,2105153.53,2025-09-24
I1006138,1219,1.1704182988E8,2025-10-13
I1006139,148,3588348.74,2025-10-29
I1006140,770,9.969102552E7,2025-09-04
I1006141,1274,4.762821203E7,2025-10-12
I1006142,1037,8.19233517E7,2025-10-01
I1006143,1819,5781402.15,2025-09-17
I1006144,411,3960642.67,2025-10-01
I1006145,585,6.947096079E7,2025-09-25
I1006146,1865,8.60413445E7,2025-09-17
I1006147,313,3.919337598E7,2025-09-14
I1006148,507,3.569424186E7,2025-10-09
I1006149,1093,4.237493247E7,2025-09-13
I1006150,1966,1.0911450663E8,2025-10-17
I1006151,933,9.359487661E7,2025-10-04
I1006152,1204,3.915195126E7,2025-09-19
I1006153,667,9.159875238E7,2025-09-20
I1006154,1463,1.5091323679E8,2025-10-28
I1006155,1436,1.8134008853E8,2025-09-15
I1006156,1793,1.9126998962E8,2025-10-25
I1006157,1018,4644216.39,2025-09-30
I1006158,1013,1.1831596926E8,2025-09-14
I1006159,1940,2.1327830832E8,2025-10-24
I1006160,659,3.049718653E7,2025-10-10
I1006161,1700,6.958684375E7,2025-09-09
I1006162,1387,1.0646381314E8,2025-10-10
I1006163,274,6996375.12,2025-09-23
I1006164,202,2.774692623E7,2025-09-03
I1006165,1786,2.1138328261E8,2025-10-16
I1006166,880,6773352.76,2025-10-21
I1006167,1468,7870815.07,2025-10-04
I1006168,1001,1.0258788368E8,2025-09-06
I1006169,893,6.466257444E7,2025-09-21
I1006170,1427,3.586881164E7,2025-10-28
I1006171,630,2.931140103E7,2025-09-30
I1006172,584,6.707997671E7,2025-09-05
I1006173,1187,1.3665093455E8,2025-10-20
I1006174,916,1.182474264E7,2025-10-10
I1006175,1720,1.68753099E8,2025-09-06
I1006176,256,9514992.19,2025-09-23
I1006177,120,880281.73,2025-10-26
I1006178,1954,9.150441526E7,2025-09-04
I1006179,514,5.920351767E7,2025-10-08
I1006180,136,1.575482909E7,2025-09-16
I1006181,330,3.163815491E7,2025-09-04
I1006182,1577,4.561360807E7,2025-10-12
I1006183,726,7.332666313E7,2025-10-07
I1006184,1612,1.6279144497E8,2025-10-15
I1006185,646,3642877.29,2025-09-29
I1006186,374,1.374147342E7,2025-10-13
I1006187,389,3.282184617E7,2025-09-20
I1006188,1587,1.4241177403E8,2025-09-04
I1006189,1496,1.1932996434E8,2025-09-11
I1006190,1789,2.21611368E8,2025-09-14
I1006191,1253,7.981292971E7,2025-09-17
I1006192,471,1.302926734E7,2025-09-25
I1006193,1068,4.125186603E7,2025-10-21
I1006194,1458,1.2957863327E8,2025-10-11
I1006195,670,6.550805126E7,2025-10-01
I1006196,1220,1.0891948236E8,2025-09-15
I1006197,590,2.451481991E7,2025-09-26
I1006198,1029,1.936687163E7,2025-09-13
I1006199,1039,1.0628454608E8,2025-09-30
I1006200,958,1.0352149997E8,2025-09-13
I1006201,1566,5.162423482E7,2025-10-02
I1006202,551,3.573495559E7,2025-10-20
I1006203,553,4.905817294E7,2025-10-07
I1006204,573,6.064812202E7,2025-09-12
I1006205,1706,1.1324732317E8,2025-10-01
I1006206,1437,7.812324956E7,2025-10-30
I1006207,1676,1.9930698432E8,2025-09-23
I1006208,197,2819490.07,2025-09-03
I1006209,463,4.846633634E7,2025-10-30
I1006210,925,1.011561873E8,2025-09-05
I1006211,244,6531005.79,2025-10-25
I1006212,517,3.651660163E7,2025-10-24
I1006213,1737,2.2926438641E8,2025-10-04
I1006214,266,6218428.67,2025-10-08
I1006215,767,3.474842809E7,2025-10-05
I1006216,361,3063982.32,2025-10-17
I1006217,1218,4.482566239E7,2025-10-22
I1006218,1684,5.958003126E7,2025-10-03
I1006219,487,3.487111873E7,2025-09-19
I1006220,1928,2.4239685964E8,2025-10-10
I1006221,1083,8.723387627E7,2025-09-03
I1006222,501,5.316753205E7,2025-09-03
I1006223,1996,5.781140869E7,2025-10-28
I1006224,1845,1.0845666954E8,2025-09-30
I1006225,1173,5.364775197E7,2025-09-12
I1006226,857,8.166658522E7,2025-10-06
I1006227,89,865995.62,2025-10-28
I1006228,877,1.1194984792E8,2025-10-28
I1006229,271,2.927511529E7,2025-09-05
I1006230,451,4.325300433E7,2025-09-26
I1006231,1855,1.2145124457E8,2025-09-04
I1006232,847,6.935180402E7,2025-09-12
I1006233,1940,2.6199817402E8,2025-09-04
I1006234,1721,1.2047709921E8,2025-10-28
I1006235,1132,1.2860734739E8,2025-09-07
I1006236,1163,1.0047482155E8,2025-10-26
I1006237,746,6.937747388E7,2025-10-09
I1006238,1462,1.792676637E7,2025-10-08
I1006239,1188,9.315293997E7,2025-10-19
I1006240,1033,1.1065002812E8,2025-10-22
I1006241,242,8562472.24,2025-10-26
I1006242,426,6.192815803E7,2025-10-04
I1006243,832,7.34914267E7,2025-10-02
I1006244,1563,1.9579615085E8,2025-09-30
I1006245,2000,1.221153874E8,2025-10-24
I1006246,1094,1.5181061181E8,2025-10-21
I1006247,1190,1.5731347724E8,2025-09-09
I1006248,292,1.558492439E7,2025-09-23
I1006249,448,5.580297622E7,2025-10-11
I1006250,595,7.742234366E7,2025-09-06
I1006251,404,1.779736569E7,2025-10-08
I1006252,1246,8.270852333E7,2025-10-22
I1006253,1165,1.0178087516E8,2025-10-04
I1006254,712,1.399005396E7,2025-10-20
I1006255,1329,1.1347050886E8,2025-10-04
I1006256,1103,1.809762497E7,2025-10-06
I1006257,1160,3.50664244E7,2025-10-12
I1006258,1350,1.9046556168E8,2025-09-23
I1006259,165,1.331056632E7,2025-10-12
I1006260,1164,1.4600487649E8,2025-10-04
I1006261,1897,2.0743125946E8,2025-10-28
I1006262,548,2.782308884E7,2025-10-29
I1006263,966,5.113382805E7,2025-10-12
I1006264,1387,4372948.85,2025-09-28
I1006265,1113,7.323495563E7,2025-09-26
I1006266,131,1.563308576E7,2025-10-28
I1006267,559,1.610770089E7,2025-09-05
I1006268,741,9.194829998E7,2025-09-26
I1006269,111,3783795.77,2025-09-24
I1006270,1567,2.1542770754E8,2025-10-31
I1006271,1341,7.811648425E7,2025-09-20
I1006272,1253,6.064698755E7,2025-10-12
I1006273,616,4.112739841E7,2025-10-16
I1006274,1056,5.157345426E7,2025-09-24
I1006275,1465,1.9527340281E8,2025-10-01
I1006276,1781,6.571776217E7,2025-10-14
I1006277,230,1.064592075E7,2025-10-05
I1006278,1723,1.2756416478E8,2025-09-25
I1006279,415,6815411.42,2025-10-08
I1006280,1408,8.261356634E7,2025-09-14
I1006281,773,9.19584155E7,2025-10-26
I1006282,950,1.0836336145E8,2025-09-24
I1006283,498,5.053833109E7,2025-09-03
I1006284,356,1.452324099E7,2025-10-24
I1006285,1609,9.97030215E7,2025-09-13
I1006286,1077,1.4200857331E8,2025-09-08
I1006287,762,1.042381402E7,2025-10-28
I1006288,1938,9.890290624E7,2025-09-16
I1006289,1596,7.366241032E7,2025-09-12
I1006290,1516,1.2876739914E8,2025-10-25
I1006291,1470,3.510239742E7,2025-10-28
I1006292,491,6.958293616E7,2025-09-23
I1006293,522,4.812499865E7,2025-09-26
I1006294,1924,1.0026123721E8,2025-10-13
I1006295,470,2.447979454E7,2025-09-01
I1006296,550,4.068809952E7,2025-10-01
I1006297,742,5.643706605E7,2025-09-14
I1006298,518,6.045945083E7,2025-10-15
I1006299,1407,1.8204060635E8,2025-10-29
I1006300,1698,2.3321995E8,2025-09-21
I1006301,1974,2.0226961649E8,2025-09-10
I1006302,1243,3.757017165E7,2025-10-28
I1006303,74,909382.46,2025-10-27
I1006304,807,8.0832895E7,2025-09-03
I1006305,788,5.841529723E7,2025-09-17
I1006306,1263,4.265427032E7,2025-09-16
I1006307,1291,6.785564774E7,2025-09-12
I1006308,1090,1.2670726144E8,2025-10-23
I1006309,533,2.589543106E7,2025-10-13
I1006310,895,6.975288419E7,2025-10-08
I1006311,194,1.924325947E7,2025-10-25
I1006312,963,7.762689981E7,2025-09-19
I1006313,1996,2.0604443532E8,2025-10-01
I1006314,605,3.372237931E7,2025-09-01
I1006315,991,2568656.51,2025-09-16
I1006316,1991,7.451823985E7,2025-09-11
I1006317,1867,1.4179964705E8,2025-09-27
I1006318,130,9237642.59,2025-10-23
I1006319,1316,1.4225012728E8,2025-09-01
I1006320,204,1.742850491E7,2025-10-30
I1006321,1789,1.8913022688E8,2025-09-17
I1006322,1587,1.1702992798E8,2025-09-04
I1006323,1528,7.298862065E7,2025-09-26
I1006324,1706,2.2748947346E8,2025-10-16
I1006325,238,5631404.09,2025-10-25
I1006326,1180,787902.08,2025-09-20
I1006327,108,1.178725321E7,2025-10-07
I1006328,1593,2.2599619612E8,2025-10-05
I1006329,515,1.326271472E7,2025-10-14
I1006330,129,2397779.03,2025-09-20
I1006331,1305,1.6438184226E8,2025-09-23
I1006332,1906,7.368598437E7,2025-10-03
I1006333,1986,2.6603251965E8,2025-09-20
I1006334,1395,2.0178552054E8,2025-09-23
I1006335,1230,1.3941723554E8,2025-10-04
I1006336,105,1.213145659E7,2025-10-30
I1006337,152,1.52168971E7,2025-10-31
I1006338,106,4529273.18,2025-09-13
I1006339,521,7.764880975E7,2025-10-15
I1006340,820,1.1613935037E8,2025-10-01
I1006341,1200,3.244193039E7,2025-10-09
I1006342,1742,1.1538072469E8,2025-10-08
I1006343,1139,1021315.36,2025-10-13
I1006344,1637,2.0802743048E8,2025-09-27
I1006345,1526,2.1479662477E8,2025-10-02
I1006346,1681,1.9836428689E8,2025-09-24
I1006347,561,7.44221436E7,2025-09-18
I1006348,684,5.857560835E7,2025-10-26
I1006349,745,7.631137891E7,2025-10-26
I1006350,643,9.199637578E7,2025-09-17
I1006351,1853,2.1589892268E8,2025-10-05
I1006352,980,2.720842681E7,2025-10-24
I1006353,998,2.946664352E7,2025-10-05
I1006354,1333,1.9747172348E8,2025-09-11
I1006355,696,1.070508326E7,2025-09-03
I1006356,919,7.149041765E7,2025-09-04
I1006357,1054,1.3908822227E8,2025-09-17
I1006358,1569,2.113147087E7,2025-10-09
I1006359,1177,4.868912921E7,2025-10-19
I1006360,1959,1.8672470782E8,2025-09-30
I1006361,828,1.820521482E7,2025-10-31
I1006362,422,4.526068082E7,2025-09-15
I1006363,1955,1.4848536113E8,2025-09-27
I1006364,1470,7.09487199E7,2025-09-23
I1006365,605,4.299818739E7,2025-10-16
I1006366,847,9.545513805E7,2025-10-23
I1006367,739,5.554189691E7,2025-09-13
I1006368,1637,1.8993977516E8,2025-10-23
I1006369,74,441277.49,2025-10-24
I1006370,714,3.395741296E7,2025-10-04
I1006371,1529,1.0507972708E8,2025-10-29
I1006372,1670,4.201359187E7,2025-10-22
I1006373,1623,7.201442994E7,2025-10-14
I1006374,1219,5.491081414E7,2025-10-30
I1006375,1281,1.813600754E8,2025-09-07
I1006376,382,5.643974616E7,2025-10-14
I1006377,1262,1.2591060473E8,2025-09-08
I1006378,105,191210.8,2025-09-27
I1006379,1495,1.7645227581E8,2025-10-14
I1006380,1386,1.137906167E8,2025-09-25
I1006381,1748,1.8417567844E8,2025-10-05
I1006382,929,1.0758443589E8,2025-09-20
I1006383,482,6.275306689E7,2025-10-28
I1006384,786,2.023042144E7,2025-10-02
I1006385,1594,1.4474856752E8,2025-10-21
I1006386,1096,1.11706247E7,2025-10-06
I1006387,1327,7.725348205E7,2025-09-29
I1006388,998,1.3325030484E8,2025-10-19
I1006389,929,6.974707561E7,2025-10-23
I1006390,961,5.855333043E7,2025-09-11
I1006391,488,4.312239674E7,2025-10-18
I1006392,1046,9.193794297E7,2025-09-11
I1006393,665,4.781472808E7,2025-10-13
I1006394,595,3.694785533E7,2025-10-03
I1006395,830,5.777604846E7,2025-09-18
I1006396,470,5.87901605E7,2025-09-26
I1006397,314,1.94771936E7,2025-10-11
I1006398,1497,1.1756701011E8,2025-09-03
I1006399,784,5.848371318E7,2025-09-27
I1006400,1142,1.3608241012E8,2025-09-07
I1006401,426,2.298034834E7,2025-09-25
I1006402,112,6413642.98,2025-09-30
I1006403,396,2.359611657E7,2025-09-19
I1006404,1645,1.9317630118E8,2025-10-01
I1006405,1605,1.347357829E8,2025-09-07
I1006406,1611,1.705786084E7,2025-10-15
I1006407,1617,9306545.74,2025-09-09
I1006408,1123,1.2087523873E8,2025-10-06
I1006409,1747,1.9048120293E8,2025-09-20
I1006410,764,6.439674615E7,2025-09-22
I1006411,1130,3.140569199E7,2025-10-19
I1006412,1542,1.7087365699E8,2025-10-30
I1006413,1638,2.2438092284E8,2025-09-07
I1006414,1928,2.7824792692E8,2025-09-09
I1006415,1258,1.5394818052E8,2025-09-15
I1006416,1738,2.4590201524E8,2025-09-01
I1006417,157,1.145597388E7,2025-09-13
I1006418,641,7.071745598E7,2025-10-30
I1006419,1181,7.01231748E7,2025-09-19
I1006420,1013,1.542463586E7,2025-10-19
I1006421,462,3.469449533E7,2025-10-13
I1006422,1231,4992433.53,2025-10-10
I1006423,1880,4.536870474E7,2025-10-23
I1006424,1577,1.1137446349E8,2025-09-07
I1006425,685,9025983.79,2025-10-13
I1006426,158,1.11729084E7,2025-09-12
I1006427,72,619339.14,2025-10-13
I1006428,953,1.0942746402E8,2025-09-07
I1006429,1070,5.787224809E7,2025-10-17
I1006430,1563,1.3693870417E8,2025-09-13
I1006431,606,3.15204594E7,2025-09-07
I1006432,176,2.520237054E7,2025-10-30
I1006433,1154,1.1215396608E8,2025-09-02
I1006434,130,8688028.67,2025-10-27
I1006435,358,1.788722423E7,2025-09-20
I1006436,1467,1.3475624259E8,2025-10-15
I1006437,1701,1.9279834071E8,2025-09-22
I1006438,744,7.146777056E7,2025-09-16
I1006439,628,6.49099562E7,2025-09-14
I1006440,79,4035298.74,2025-09-15
I1006441,1028,1.2086328654E8,2025-10-08
I1006442,1985,8.923304386E7,2025-09-07
I1006443,74,4890542.32,2025-10-14
I1006444,854,9.459970595E7,2025-10-20
I1006445,1809,3589099.41,2025-09-30
I1006446,1197,1.729524864E8,2025-10-16
I1006447,852,2.017274102E7,2025-09-23
I1006448,1279,8.733002262E7,2025-10-05
I1006449,1857,5.365166905E7,2025-10-11
I1006450,1381,1.7889631024E8,2025-10-31
I1006451,59,3341432.37,2025-09-12
I1006452,952,1.1177650464E8,2025-09-23
I1006453,344,3.522905027E7,2025-10-05
I1006454,336,4.855662515E7,2025-09-04
I1006455,1818,2.3844101232E8,2025-09-02
I1006456,999,9.246417271E7,2025-09-20
I1006457,638,9.249806552E7,2025-09-12
I1006458,884,6850677.62,2025-09-13
I1006459,147,5293054.45,2025-09-23
I1006460,1594,7.859170012E7,2025-09-30
I1006461,1518,2.596540227E7,2025-09-12
I1006462,1051,1.505987711E7,2025-10-12
I1006463,81,4166326.01,2025-10-10
I1006464,1214,9.51683916E7,2025-09-30
I1006465,1600,2.0150802258E8,2025-10-31
I1006466,1867,5.103949008E7,2025-10-10
I1006467,1341,1.629090472E8,2025-09-04
I1006468,1739,2.1617082672E8,2025-10-09
I1006469,1461,5.187808651E7,2025-10-04
I1006470,102,1.23473871E7,2025-10-28
I1006471,1612,1.4033428533E8,2025-10-29
I1006472,589,4.397213645E7,2025-10-11
I1006473,1741,3.391827452E7,2025-10-26
I1006474,176,1.286259731E7,2025-09-30
I1006475,1242,1.4007184886E8,2025-10-21
I1006476,903,3.214110381E7,2025-10-26
I1006477,921,3.760136719E7,2025-09-19
I1006478,1669,1.947069321E8,2025-09-03
I1006479,807,4.235042243E7,2025-09-20
I1006480,1516,1.2898058818E8,2025-09-21
I1006481,542,7.019284963E7,2025-10-21
I1006482,529,7.543872147E7,2025-09-04
I1006483,1514,2.1909755537E8,2025-09-23
I1006484,163,8821077.73,2025-09-29
I1006485,621,5.994718501E7,2025-10-09
I1006486,858,4.77344134E7,2025-09-28
I1006487,1014,2547021.29,2025-09-15
I1006488,1013,1.2496942123E8,2025-10-23
I1006489,1751,1.7811798029E8,2025-09-24
I1006490,1279,1.3451422724E8,2025-10-24
I1006491,1978,1.4975457585E8,2025-09-05
I1006492,869,2.730295438E7,2025-10-21
I1006493,76,9520690.54,2025-09-28
I1006494,1932,8.966249691E7,2025-10-28
I1006495,1933,1.8374410809E8,2025-10-27
I1006496,325,2.204179081E7,2025-09-11
I1006497,766,1.0473379105E8,2025-09-18
I1006498,1025,1.5360130241E8,2025-10-14
I1006499,615,6.137466233E7,2025-09-10
I1006500,1937,1.7786634235E8,2025-10-09
I1006501,1698,2.115330499E8,2025-09-12
I1006502,182,2945542.06,2025-10-19
I1006503,186,1.684181108E7,2025-10-06
I1006504,51,5421351.8,2025-10-09
I1006505,1097,5899615.91,2025-09-19
I1006506,1962,1.6104202705E8,2025-09-27
I1006507,1010,4.786104463E7,2025-09-25
I1006508,536,3.958494661E7,2025-09-29
I1006509,640,7.165411889E7,2025-10-15
I1006510,151,1.348207058E7,2025-10-11
I1006511,379,4.567439603E7,2025-09-12
I1006512,588,1.875373884E7,2025-10-05
I1006513,1982,2.1340987988E8,2025-09-29
I1006514,1380,1.2966190606E8,2025-10-26
I1006515,881,9.048324731E7,2025-09-12
I1006516,1047,2.255158379E7,2025-09-11
I1006517,1639,3.7797287E7,2025-10-25
I1006518,489,1.929425538E7,2025-09-08
I1006519,922,9.573930031E7,2025-10-03
I1006520,1153,4.820561204E7,2025-09-22
I1006521,71,278730.01,2025-10-19
I1006522,558,4.977383448E7,2025-09-30
I1006523,1509,1.1923815735E8,2025-10-07
I1006524,117,1115085.09,2025-10-17
I1006525,655,6.45685351E7,2025-10-07
I1006526,1173,6.35154838E7,2025-10-27
I1006527,984,2.577534263E7,2025-10-21
I1006528,1294,1.6489545388E8,2025-09-02
I1006529,879,9.531928709E7,2025-10-12
I1006530,460,8936022.16,2025-10-17
I1006531,1275,6.437105947E7,2025-09-01
I1006532,120,1.282400108E7,2025-09-07
I1006533,337,2429426.5,2025-10-24
I1006534,1649,1.5121088637E8,2025-09-23
I1006535,405,3.359250997E7,2025-10-17
I1006536,1844,1.592783652E7,2025-10-28
I1006537,1750,1.0974311545E8,2025-10-27
I1006538,835,4.994295606E7,2025-10-11
I1006539,1565,8.427370073E7,2025-09-12
I1006540,1503,1.9470120142E8,2025-09-15
I1006541,151,1074596.13,2025-10-06
I1006542,1454,1.0527529407E8,2025-09-14
I1006543,1453,1.0199166451E8,2025-10-15
I1006544,824,1.685083323E7,2025-09-12
I1006545,1660,8.850662163E7,2025-10-09
I1006546,1522,1.7073260475E8,2025-10-21
I1006547,1112,1.2727851768E8,2025-09-09
I1006548,243,2.69585462E7,2025-10-28
I1006549,1279,2.838639269E7,2025-10-21
I1006550,839,7.546340099E7,2025-10-21
I1006551,1422,1.6296129276E8,2025-09-15
I1006552,1972,2.0770603792E8,2025-09-27
I1006553,396,1.220427815E7,2025-10-02
I1006554,622,2.282180235E7,2025-09-07
I1006555,971,1.849212729E7,2025-10-06
I1006556,1928,1.9442128907E8,2025-10-24
I1006557,1296,1.5970600254E8,2025-10-03
I1006558,103,2942096.52,2025-10-24
I1006559,1328,1.1614043855E8,2025-09-28
I1006560,1371,1.9360262747E8,2025-09-02
I1006561,1629,1.4026976402E8,2025-10-27
I1006562,396,5.854815586E7,2025-09-24
I1006563,1597,7832650.02,2025-09-25
I1006564,227,6171555.93,2025-09-07
I1006565,1712,8.589616827E7,2025-09-21
I1006566,1923,4.259693098E7,2025-09-17
I1006567,1669,1.8509247721E8,2025-10-08
I1006568,1715,2.3139975378E8,2025-09-05
I1006569,1861,2.014371946E7,2025-09-08
I1006570,1773,1.1323705832E8,2025-10-13
I1006571,1286,1.2205349648E8,2025-10-06
I1006572,1652,2.0250520945E8,2025-09-01
I1006573,1991,1.8173739078E8,2025-10-26
I1006574,1857,1.293217202E8,2025-10-24
I1006575,1154,8.065239186E7,2025-10-13
I1006576,1703,2.1338789044E8,2025-10-21
I1006577,891,1.320380058E7,2025-09-24
I1006578,1664,1.1803256852E8,2025-10-09
I1006579,343,3.429947017E7,2025-10-03
I1006580,1190,2.188886089E7,2025-10-22
I1006581,1177,6703847.64,2025-09-27
I1006582,1802,8.947376652E7,2025-10-17
I1006583,1734,2.2917891932E8,2025-09-11
I1006584,396,2.324665878E7,2025-09-24
I1006585,106,1.255758554E7,2025-09-15
I1006586,1984,2.8644854668E8,2025-09-16
I1006587,1546,2.0408949008E8,2025-09-25
I1006588,995,1.1814951039E8,2025-10-13
I1006589,1229,1.3254084881E8,2025-10-03
I1006590,1643,2.2675368592E8,2025-09-26
I1006591,419,2.682667345E7,2025-10-10
I1006592,201,688587.28,2025-10-25
I1006593,1221,5.703763204E7,2025-09-30
I1006594,1710,3.152923791E7,2025-09-08
I1006595,962,1.4074580906E8,2025-09-13
I1006596,313,4.623700354E7,2025-10-12
I1006597,1066,6.540208572E7,2025-09-26
I1006598,1149,6.020396295E7,2025-10-17
I1006599,1494,4.926079338E7,2025-10-09
I1006600,392,4.447212207E7,2025-09-03
I1006601,546,7.2295191E7,2025-10-25
I1006602,1093,1.176670301E7,2025-10-28
I1006603,1508,4.433987018E7,2025-10-11
I1006604,1468,5.019003134E7,2025-10-19
I1006605,1281,4.242843904E7,2025-09-01
I1006606,724,8.053305654E7,2025-10-06
I1006607,127,1158614.77,2025-10-22
I1006608,569,7.200689507E7,2025-10-11
I1006609,802,1.1720285666E8,2025-09-02
I1006610,330,2.717258272E7,2025-10-18
I1006611,70,7565864.35,2025-09-07
I1006612,794,1.0221294062E8,2025-09-26
I1006613,1441,1.5419700728E8,2025-09-10
I1006614,267,3.246526081E7,2025-10-15
I1006615,1567,2.1847185491E8,2025-10-19
I1006616,1494,7.035882343E7,2025-10-19
I1006617,174,2.156752926E7,2025-10-26
I1006618,489,1.419858873E7,2025-09-29
I1006619,208,2.865381121E7,2025-09-12
I1006620,1888,7.522833977E7,2025-09-05
I1006621,110,2955509.99,2025-10-30
I1006622,582,2.977973921E7,2025-10-09
I1006623,1166,6.303608793E7,2025-10-18
I1006624,809,1.03728088E7,2025-09-19
I1006625,178,6695373.43,2025-09-27
I1006626,1435,1.613614235E8,2025-09-17
I1006627,237,1.875337646E7,2025-10-04
I1006628,1524,2.2321134339E8,2025-10-10
I1006629,308,2.03512859E7,2025-10-07
I1006630,1894,2.225739503E7,2025-09-14
I1006631,1590,1.0786055666E8,2025-09-17
I1006632,1643,1.7579763651E8,2025-09-19
I1006633,1416,1.250277405E8,2025-09-01
I1006634,1556,1.1503863682E8,2025-09-28
I1006635,1156,1.0441866295E8,2025-10-15
I1006636,322,1.6633082E7,2025-10-11
I1006637,260,2.284675623E7,2025-09-12
I1006638,1434,1.5199530416E8,2025-09-24
I1006639,238,1.492228991E7,2025-09-26
I1006640,1979,2.1774855973E8,2025-10-09
I1006641,629,8.518543372E7,2025-10-04
I1006642,174,2.025305125E7,2025-09-23
I1006643,874,8.402660464E7,2025-09-28
I1006644,1028,8.275731491E7,2025-10-20
I1006645,1611,2.0642067205E8,2025-09-28
I1006646,535,5.981629229E7,2025-10-06
I1006647,1438,2.1060264676E8,2025-10-14
I1006648,1247,7.177369122E7,2025-10-09
I1006649,1614,1.3665629592E8,2025-09-05
I1006650,667,5.576646951E7,2025-09-16
I1006651,201,8716301.64,2025-10-19
I1006652,1853,7.310227512E7,2025-09-27
I1006653,614,7.158142292E7,2025-10-04
I1006654,1868,2.251897282E7,2025-09-12
I1006655,1988,8.947337457E7,2025-09-27
I1006656,857,8.279739657E7,2025-09-08
I1006657,663,8.28914195E7,2025-10-18
I1006658,1055,1.2447846463E8,2025-09-19
I1006659,252,1.773223979E7,2025-10-28
I1006660,403,5.980638708E7,2025-09-22
I1006661,775,7.351926408E7,2025-10-17
I1006662,1456,5.801903606E7,2025-10-13
I1006663,1204,4.882228882E7,2025-09-28
I1006664,73,1.023843468E7,2025-10-25
I1006665,1862,1.6475407313E8,2025-09-09
I1006666,1206,1.6010321376E8,2025-09-18
I1006667,1858,2.684214543E8,2025-09-14
I1006668,1767,3.116987747E7,2025-09-16
I1006669,457,1.325594588E7,2025-09-09
I1006670,1764,1.2299862241E8,2025-10-03
I1006671,844,1.0075534046E8,2025-10-16
I1006672,1473,7270044.75,2025-10-14
I1006673,1025,5.193199038E7,2025-10-04
I1006674,1138,1.346474668E7,2025-10-05
I1006675,1339,1.8022952672E8,2025-10-14
I1006676,1771,2.2885850006E8,2025-09-26
I1006677,1978,1.9384154999E8,2025-09-07
I1006678,1257,1.6653626213E8,2025-10-31
I1006679,143,1.047379999E7,2025-10-18
I1006680,838,4.182390632E7,2025-10-19
I1006681,756,8.43646463E7,2025-09-29
I1006682,653,5092016.05,2025-10-15
I1006683,217,2.918191972E7,2025-10-30
I1006684,1445,1.6421716153E8,2025-10-28
I1006685,1022,1.4787216184E8,2025-09-19
I1006686,553,3.293059643E7,2025-09-07
I1006687,1824,2.292253892E8,2025-10-06
I1006688,618,7.989598332E7,2025-10-24
I1006689,114,1.252222597E7,2025-09-13
I1006690,1170,1.6346820038E8,2025-10-07
I1006691,955,2215286.19,2025-09-29
I1006692,730,4.98777023E7,2025-10-26
I1006693,1749,1.59403037E7,2025-10-30
I1006694,1921,2.354179077E8,2025-10-25
I1006695,692,3.247987651E7,2025-09-10
I1006696,1471,1.4093632978E8,2025-09-30
I1006697,1772,2.1035030333E8,2025-09-25
I1006698,1970,2.2838431999E8,2025-09-04
I1006699,696,6.242244266E7,2025-10-11
I1006700,1129,1753220.42,2025-09-22
I1006701,268,2.558018538E7,2025-09-30
I1006702,886,1.0400689739E8,2025-10-09
I1006703,1740,1.4332224645E8,2025-09-03
I1006704,1675,1.2687072704E8,2025-10-19
I1006705,1604,1.040507519E8,2025-09-28
I1006706,1020,2.375145686E7,2025-09-16
I1006707,1666,1.7939922423E8,2025-09-16
I1006708,711,6.183540189E7,2025-10-27
I1006709,1630,7.948229977E7,2025-10-15
I1006710,600,2.546554897E7,2025-09-30
I1006711,584,2.963254397E7,2025-09-27
I1006712,238,2.706308436E7,2025-09-04
I1006713,1589,8318585.5,2025-10-19
I1006714,362,1.952398267E7,2025-09-17
I1006715,145,2.091887547E7,2025-09-01
I1006716,1889,8.70179906E7,2025-10-15
I1006717,1252,6.851179416E7,2025-10-26
I1006718,1435,3.280975461E7,2025-09-27
I1006719,1865,2.4970311605E8,2025-10-12
I1006720,1389,8.561957497E7,2025-09-30
I1006721,305,3.707528939E7,2025-10-20
I1006722,528,6.206702845E7,2025-09-26
I1006723,850,1.1247200664E8,2025-10-15
I1006724,1962,1.8287430928E8,2025-10-31
I1006725,1491,2.1666006322E8,2025-10-14
I1006726,1606,2.2799691157E8,2025-10-13
I1006727,546,6.087926836E7,2025-09-23
I1006728,984,5.917179555E7,2025-10-10
I1006729,446,5.602098472E7,2025-09-30
I1006730,1188,1.983704229E7,2025-09-03
I1006731,308,1.725744723E7,2025-09-12
I1006732,411,1867614.78,2025-10-09
I1006733,998,8.40621348E7,2025-10-06
I1006734,1706,2.5558305557E8,2025-09-01
I1006735,1555,2.130199667E8,2025-10-16
I1006736,180,1.039389741E7,2025-10-09
I1006737,1622,1.3474190933E8,2025-09-12
I1006738,1678,7.937740063E7,2025-09-01
I1006739,1088,1.3946896173E8,2025-10-19
I1006740,1852,2.349211229E7,2025-10-02
I1006741,1923,1.0801470223E8,2025-09-11
I1006742,1430,7.246950166E7,2025-09-06
I1006743,471,3.827880154E7,2025-09-09
I1006744,1309,1.1052584336E8,2025-09-15
I1006745,1760,2.1326814228E8,2025-10-22
I1006746,797,3.149327134E7,2025-09-03
I1006747,1266,1.8864988153E8,2025-10-06
I1006748,622,5.637645522E7,2025-10-23
I1006749,1091,5.131881368E7,2025-09-20
I1006750,1146,1.670238908E8,2025-10-30
I1006751,224,1.642535989E7,2025-10-08
I1006752,1477,1.7981266214E8,2025-10-23
I1006753,530,5996990.38,2025-09-24
I1006754,1731,1.0603385311E8,2025-09-29
I1006755,1262,5.958073152E7,2025-09-19
I1006756,708,9.952107553E7,2025-10-12
I1006757,1175,1.107792004E7,2025-09-22
I1006758,1768,1.9391966136E8,2025-09-25
I1006759,740,3.971179679E7,2025-09-26
I1006760,366,3.515586101E7,2025-10-20
I1006761,1231,6.76970503E7,2025-09-21
I1006762,646,6.425238747E7,2025-09-24
I1006763,1790,4.173185229E7,2025-10-05
I1006764,1156,1.6825011837E8,2025-10-13
I1006765,511,2519186.16,2025-10-27
I1006766,971,4.394667927E7,2025-09-09
I1006767,691,4.367509031E7,2025-09-08
I1006768,1477,2.514485513E7,2025-10-20
I1006769,1740,3623755.94,2025-10-25
I1006770,811,5.122754253E7,2025-10-01
I1006771,357,3.536394211E7,2025-09-23
I1006772,1179,1.971188639E7,2025-09-16
I1006773,137,1814260.85,2025-09-05
I1006774,1624,1.590646382E7,2025-10-27
I1006775,1048,3.481211584E7,2025-10-03
I1006776,1715,1.6844519109E8,2025-09-28
I1006777,878,2.976496547E7,2025-09-10
I1006778,916,5096742.75,2025-09-06
I1006779,1729,6.039861513E7,2025-09-07
I1006780,815,833674.12,2025-09-18
I1006781,624,2.730982162E7,2025-09-17
I1006782,812,1.0471564076E8,2025-09-05
I1006783,140,6492219.13,2025-09-06
I1006784,806,2.089287366E7,2025-10-08
I1006785,58,636574.48,2025-10-13
I1006786,1157,2.019643334E7,2025-09-09
I1006787,151,133232.36,2025-10-04
I1006788,596,1.259134836E7,2025-10-25
I1006789,1430,1.5603053911E8,2025-09-23
I1006790,1328,1.458956415E7,2025-10-18
I1006791,310,6044793.66,2025-09-11
I1006792,1661,2.0190809162E8,2025-10-08
I1006793,997,1.1767377854E8,2025-09-18
I1006794,1639,4.193253126E7,2025-09-04
I1006795,1191,8.279058442E7,2025-09-27
I1006796,80,2592262.33,2025-09-15
I1006797,1428,1.37847717E7,2025-10-25
I1006798,280,4.103283813E7,2025-09-10
I1006799,938,7.324686612E7,2025-09-30
I1006800,1692,2.4334082401E8,2025-09-11
I1006801,1855,2.4749452179E8,2025-09-22
I1006802,606,8.460651186E7,2025-10-22
I1006803,558,2.256937219E7,2025-10-03
I1006804,420,7169445.22,2025-10-06
I1006805,165,363176.47,2025-09-04
I1006806,945,1.2897550185E8,2025-09-22
I1006807,1985,1.2805280111E8,2025-10-25
I1006808,868,1.2323432681E8,2025-09-23
I1006809,503,7.41574963E7,2025-09-20
I1006810,1949,3.074919958E7,2025-09-25
I1006811,575,3.122265673E7,2025-10-27
I1006812,405,2.948331889E7,2025-10-19
I1006813,1506,1.4300661578E8,2025-10-16
I1006814,723,3.510218724E7,2025-10-16
I1006815,968,1.4443117392E8,2025-10-04
I1006816,741,6.257523289E7,2025-09-07
I1006817,266,1841506.64,2025-10-05
I1006818,1893,5.367672232E7,2025-10-27
I1006819,1438,2.0798522168E8,2025-10-23
I1006820,730,6.628685929E7,2025-09-04
I1006821,1158,1.6720818771E8,2025-09-14
I1006822,652,7.283179243E7,2025-10-17
I1006823,1414,3.2871911E7,2025-10-22
I1006824,928,6.561197768E7,2025-09-20
I1006825,1851,2.5659316244E8,2025-09-27
I1006826,1821,4.539963372E7,2025-10-07
I1006827,939,9.799244761E7,2025-10-08
I1006828,1387,1.0453612352E8,2025-10-28
I1006829,738,3.900111738E7,2025-09-26
I1006830,1845,2.20314077E8,2025-10-24
I1006831,439,3.07613724E7,2025-10-07
I1006832,1772,1.5016413129E8,2025-10-31
I1006833,1618,2.1130325502E8,2025-09-17
I1006834,349,4.070704031E7,2025-10-11
I1006835,217,1.705914788E7,2025-10-17
I1006836,649,6.500621821E7,2025-10-16
I1006837,177,1822120.9,2025-10-06
I1006838,171,1308374.46,2025-10-03
I1006839,1967,1.0086163236E8,2025-09-08
I1006840,881,1.1480579484E8,2025-09-21
I1006841,306,3.488910055E7,2025-09-24
I1006842,1540,5.59815368E7,2025-09-25
I1006843,1471,5.42876917E7,2025-10-10
I1006844,1499,4.888997589E7,2025-09-18
I1006845,1649,9.752627275E7,2025-10-28
I1006846,87,572169.33,2025-10-01
I1006847,1169,6.627506679E7,2025-10-15
I1006848,1096,7027125.02,2025-09-30
I1006849,501,5.598465264E7,2025-10-15
I1006850,1822,2.7308905185E8,2025-10-02
I1006851,1348,1.1964601585E8,2025-09-04
I1006852,711,2.283692699E7,2025-10-17
I1006853,689,5.506563597E7,2025-09-03
I1006854,1496,5.036835495E7,2025-10-09
I1006855,1338,9.197023465E7,2025-10-02
I1006856,181,4070267.33,2025-10-12
I1006857,1510,1.541508193E8,2025-10-04
I1006858,369,2.510099479E7,2025-10-23
I1006859,473,4.961482862E7,2025-09-11
I1006860,704,8.58927921E7,2025-10-01
I1006861,495,4.238011953E7,2025-10-09
I1006862,1468,7.722387845E7,2025-10-14
I1006863,981,1.3898078271E8,2025-10-10
I1006864,977,9.727913468E7,2025-10-20
I1006865,417,2.333577883E7,2025-09-25
I1006866,1569,2.3205665869E8,2025-09-21
I1006867,1931,1.299379945E7,2025-10-08
I1006868,860,6.05804258E7,2025-10-18
I1006869,91,811434.14,2025-09-22
I1006870,680,8.789483859E7,2025-10-27
I1006871,943,1.2378966533E8,2025-09-28
I1006872,257,985391.89,2025-09-29
I1006873,469,5.556444247E7,2025-09-17
I1006874,1756,2.5340987346E8,2025-10-29
I1006875,1204,1.2265924075E8,2025-09-16
I1006876,1258,2.091349686E7,2025-09-16
I1006877,490,4.910889625E7,2025-09-11
I1006878,960,1.49195305E7,2025-09-03
I1006879,1272,1.7459029409E8,2025-09-06
I1006880,857,8.59088143E7,2025-10-21
I1006881,972,9799253.13,2025-10-16
I1006882,1108,1.4992917962E8,2025-09-20
I1006883,111,426015.17,2025-10-22
I1006884,1278,1.3511648117E8,2025-10-03
I1006885,1614,8.193015775E7,2025-10-08
I1006886,1490,1.1488636379E8,2025-10-27
I1006887,432,5.460267552E7,2025-10-03
I1006888,1220,6916662.08,2025-10-22
I1006889,362,4.489443815E7,2025-10-21
I1006890,1071,7.870664038E7,2025-09-11
I1006891,1365,7.888677587E7,2025-09-06
I1006892,1592,9.27665462E7,2025-09-09
I1006893,1016,2.082040112E7,2025-09-12
I1006894,447,4.881946889E7,2025-10-16
I1006895,128,5300793.14,2025-09-12
I1006896,1229,1.6480869493E8,2025-09-19
I1006897,217,1.343950543E7,2025-09-26
I1006898,427,5.391685588E7,2025-09-23
I1006899,1048,5.066623089E7,2025-09-22
I1006900,1126,5.741566103E7,2025-09-05
I1006901,1599,1.565152307E8,2025-10-26
I1006902,1634,1.100113476E8,2025-09-29
I1006903,1488,2.465950405E7,2025-10-14
I1006904,733,4.97500032E7,2025-10-13
I1006905,987,3955390.92,2025-09-16
I1006906,521,5.71762401E7,2025-09-23
I1006907,281,1.873105446E7,2025-09-16
I1006908,598,5.153376354E7,2025-10-19
I1006909,1485,1.0018071661E8,2025-09-08
I1006910,487,3.274367395E7,2025-10-04
I1006911,1083,4928080.32,2025-10-16
I1006912,1313,1.5710355298E8,2025-09-03
I1006913,1647,1.9741172618E8,2025-09-16
I1006914,738,6.369992414E7,2025-10-31
I1006915,1285,6.629741272E7,2025-10-03
I1006916,679,9.261235019E7,2025-09-17
I1006917,550,4.504327479E7,2025-09-05
I1006918,1250,4.905706544E7,2025-09-25
I1006919,946,798242.02,2025-10-04
I1006920,1641,1.4507143982E8,2025-09-23
I1006921,906,1.2533371105E8,2025-09-02
I1006922,1275,1.6699284575E8,2025-10-04
I1006923,498,2.904808554E7,2025-09-23
I1006924,1163,1.680552416E8,2025-09-16
I1006925,1860,1.9037597754E8,2025-10-14
I1006926,1507,8.661742372E7,2025-09-24
I1006927,1373,1.3934858141E8,2025-10-20
I1006928,1392,1.5552697168E8,2025-09-06
I1006929,822,8.930122972E7,2025-09-29
I1006930,157,5485962.23,2025-10-14
I1006931,1597,2.2020001685E8,2025-09-02
I1006932,1767,1.9240172844E8,2025-10-20
I1006933,1411,1.8297023958E8,2025-09-23
I1006934,577,7.970861764E7,2025-10-03
I1006935,919,1.0794513025E8,2025-10-26
I1006936,1224,1.4167753537E8,2025-09-16
I1006937,1794,1.5018722546E8,2025-09-17
I1006938,263,3.812879546E7,2025-09-16
I1006939,1277,1.3057291518E8,2025-09-24
I1006940,238,2.42604195E7,2025-09-19
I1006941,725,8.264330229E7,2025-10-27
I1006942,170,2.485584752E7,2025-10-18
I1006943,1064,9.442029994E7,2025-10-05
I1006944,146,1.023499316E7,2025-10-31
I1006945,1039,4.205454419E7,2025-10-12
I1006946,777,8.943676365E7,2025-10-31
I1006947,1378,8.821730999E7,2025-10-27
I1006948,759,1.0458849503E8,2025-10-12
I1006949,122,1.594271239E7,2025-10-19
I1006950,976,1.0164820881E8,2025-10-02
I1006951,184,2421834.03,2025-10-23
I1006952,1939,6.139852549E7,2025-09-03
I1006953,251,1.824468524E7,2025-09-01
I1006954,1835,5.537522874E7,2025-09-19
I1006955,1779,2.5357291575E8,2025-10-07
I1006956,582,1576112.01,2025-09-09
I1006957,1111,1.296925741E7,2025-09-17
I1006958,586,5.896036081E7,2025-10-29
I1006959,1205,1.6188495184E8,2025-10-02
I1006960,1317,8.452489915E7,2025-09-12
I1006961,347,1.964119874E7,2025-10-03
I1006962,518,1.341704189E7,2025-09-08
I1006963,1796,2.2224495145E8,2025-10-27
I1006964,703,8564099.11,2025-10-27
I1006965,1021,7.79044485E7,2025-10-01
I1006966,1253,7.870530632E7,2025-09-02
I1006967,1683,1.5222457338E8,2025-10-18
I1006968,815,4.877460474E7,2025-10-14
I1006969,236,4449934.12,2025-10-25
I1006970,1591,2.2244889956E8,2025-10-09
I1006971,1430,5.923256234E7,2025-09-04
I1006972,1952,3.089344628E7,2025-09-12
I1006973,450,4.590191787E7,2025-10-06
I1006974,709,462375.92,2025-09-17
I1006975,664,2.331825544E7,2025-09-04
I1006976,821,8.876635652E7,2025-09-29
I1006977,588,1.971613542E7,2025-09-02
I1006978,747,2.35540938E7,2025-09-26
I1006979,483,1.128538515E7,2025-10-29
I1006980,1996,1.6403653352E8,2025-10-06
I1006981,206,1.015579687E7,2025-10-17
I1006982,1775,1.095235716E7,2025-09-02
I1006983,57,902361.83,2025-09-15
I1006984,780,8.098104739E7,2025-10-30
I1006985,1221,1.6968700862E8,2025-09-12
I1006986,1790,2.023361183E8,2025-09-15
I1006987,1842,1.882873389E7,2025-10-16
I1006988,170,1626704.64,2025-10-06
I1006989,1956,2.9156994067E8,2025-09-05
I1006990,1733,1.0786411536E8,2025-10-30
I1006991,935,1.0106085315E8,2025-09-23
I1006992,1296,1.7586671245E8,2025-09-22
I1006993,1937,2032158.21,2025-10-24
I1006994,636,6886583.15,2025-10-03
I1006995,592,2.305200859E7,2025-10-08
I1006996,1176,1.06431234E8,2025-10-15
I1006997,138,6832999.83,2025-09-19
I1006998,578,6.141421789E7,2025-09-11
I1006999,304,2.572875922E7,2025-09-13
I1007000,1359,1.679997579E7,2025-10-01
I1007001,478,6.924265937E7,2025-10-06
I1007002,749,7.53795155E7,2025-09-05
I1007003,1774,3.399081204E7,2025-10-20
I1007004,1840,2.6914425157E8,2025-09-15
I1007005,1327,8.055894059E7,2025-10-27
I1007006,962,4.887314203E7,2025-10-06
I1007007,560,6124189.63,2025-09-25
I1007008,1700,1.673392924E7,2025-09-07
I1007009,105,5675181.59,2025-09-04
I1007010,214,2.466299758E7,2025-09-14
I1007011,747,1.0184129203E8,2025-09-30
I1007012,1014,9.272787652E7,2025-10-26
I1007013,855,1.2743738684E8,2025-09-18
I1007014,425,5.969563113E7,2025-09-29
I1007015,917,8.268994805E7,2025-10-18
I1007016,358,3.306118851E7,2025-10-08
I1007017,1564,8.197983393E7,2025-10-25
I1007018,457,5.432263645E7,2025-10-01
I1007019,758,4.123838721E7,2025-09-07
I1007020,1674,2.4233549949E8,2025-09-22
I1007021,344,3.574298592E7,2025-09-22
I1007022,910,7.279079516E7,2025-10-14
I1007023,1716,7.122308464E7,2025-10-27
I1007024,1602,9.666560188E7,2025-10-23
I1007025,1381,4.397018196E7,2025-10-01
I1007026,1095,1.4052080674E8,2025-10-27
I1007027,443,1.083950238E7,2025-10-27
I1007028,1356,1.860540706E8,2025-09-06
I1007029,1941,1.396024871E7,2025-09-06
I1007030,453,5915961.04,2025-09-30
I1007031,1181,1.1155633966E8,2025-10-16
I1007032,957,7324992.9,2025-09-22
I1007033,1550,7.39350852E7,2025-09-20
I1007034,1987,1.1093134109E8,2025-10-02
I1007035,1863,9.040368447E7,2025-09-26
I1007036,178,2.421646577E7,2025-10-23
I1007037,712,1.0486092186E8,2025-09-02
I1007038,910,6.299985789E7,2025-10-13
I1007039,1569,1.4203194053E8,2025-10-23
I1007040,880,5.785468065E7,2025-09-10
I1007041,1360,4.189374328E7,2025-10-10
I1007042,138,1.532982732E7,2025-10-27
I1007043,1408,6.291527094E7,2025-10-31
I1007044,700,1.401783797E7,2025-09-10
I1007045,578,1415555.95,2025-10-31
I1007046,540,5.617379427E7,2025-09-30
I1007047,1348,5.008558322E7,2025-09-26
I1007048,1740,2.910518504E7,2025-09-26
I1007049,1794,1.9450387335E8,2025-10-14
I1007050,1572,1.2315385671E8,2025-09-06
I1007051,1450,1.2557477694E8,2025-10-12
I1007052,1093,7229515.33,2025-10-26
I1007053,79,9524074.66,2025-09-24
I1007054,1041,1.1696948528E8,2025-10-26
I1007055,1541,1.826827792E8,2025-09-28
I1007056,322,4.073399991E7,2025-09-25
I1007057,934,1.1464150766E8,2025-10-29
I1007058,195,2.764369547E7,2025-09-23
I1007059,810,1.1741036879E8,2025-10-08
I1007060,1102,1.0407586806E8,2025-10-12
I1007061,1291,1.0060294415E8,2025-10-18
I1007062,358,7514508.85,2025-09-27
I1007063,895,1.0702638175E8,2025-09-20
I1007064,1570,8.443951742E7,2025-10-14
I1007065,1538,8996531.3,2025-10-09
I1007066,1015,7.858431495E7,2025-09-12
I1007067,1760,2.1477758789E8,2025-09-09
I1007068,1630,9658923.39,2025-09-13
I1007069,973,9.77952496E7,2025-10-06
I1007070,1685,2.4831875077E8,2025-09-15
I1007071,1632,7.920198425E7,2025-10-11
I1007072,306,3.884893951E7,2025-09-03
I1007073,459,2.938895202E7,2025-10-20
I1007074,555,6.819625172E7,2025-10-23
I1007075,922,1.1404501921E8,2025-10-24
I1007076,325,3.380399108E7,2025-10-31
I1007077,1646,5.314289939E7,2025-09-27
I1007078,1661,1.9855747229E8,2025-09-05
I1007079,510,5.176981231E7,2025-10-02
I1007080,1893,1.1755784711E8,2025-09-06
I1007081,496,7.094808663E7,2025-09-05
I1007082,603,6.225530009E7,2025-09-20
I1007083,133,3012464.14,2025-09-18
I1007084,807,1.1277700443E8,2025-09-16
I1007085,1062,1.0462412046E8,2025-10-22
I1007086,1142,2.13004193E7,2025-10-26
I1007087,1072,1.0186821075E8,2025-09-11
I1007088,576,2738187.94,2025-09-22
I1007089,1227,1.3881928883E8,2025-09-06
I1007090,357,5.299289041E7,2025-10-21
I1007091,124,8561368.52,2025-10-03
I1007092,385,5.019621283E7,2025-10-09
I1007093,626,393398.22,2025-09-23
I1007094,1205,5.06506882E7,2025-09-13
I1007095,217,1.380060927E7,2025-10-25
I1007096,1083,8.355357156E7,2025-09-13
I1007097,642,3085329.67,2025-10-07
I1007098,1636,1.2359342905E8,2025-10-24
I1007099,257,3.340147597E7,2025-10-21
I1007100,1032,7.773093633E7,2025-10-19
I1007101,1584,4.828805659E7,2025-10-10
I1007102,370,5867709.9,2025-10-21
I1007103,1963,1.3622554029E8,2025-10-08
I1007104,1544,2.067919955E7,2025-09-26
I1007105,1214,6.698455465E7,2025-09-30
I1007106,1993,1.0278463486E8,2025-10-28
I1007107,1111,6.680424109E7,2025-10-03
I1007108,1802,9.280291872E7,2025-10-08
I1007109,1767,7.57968698E7,2025-10-04
I1007110,1838,2.6836799246E8,2025-10-28
I1007111,1512,2.789475916E7,2025-09-17
I1007112,999,7.682502696E7,2025-09-26
I1007113,372,4.723273699E7,2025-09-15
I1007114,554,7.026048657E7,2025-09-29
I1007115,1381,1.9596451958E8,2025-10-01
I1007116,1456,1.3280016112E8,2025-09-13
I1007117,1635,1.6669841684E8,2025-10-15
I1007118,1116,1.4167164644E8,2025-10-10
I1007119,309,2.879793887E7,2025-09-15
I1007120,57,5784304.56,2025-09-22
I1007121,979,1.4591434617E8,2025-09-01
I1007122,1056,1.2951389525E8,2025-10-15
I1007123,1439,2.1274825218E8,2025-09-26
I1007124,1609,8456423.05,2025-09-08
I1007125,1565,2.2887752146E8,2025-09-23
I1007126,1890,9.781466853E7,2025-09-17
I1007127,1624,9.514995987E7,2025-09-14
I1007128,1613,7.55164584E7,2025-09-12
I1007129,450,4.675691779E7,2025-10-15
I1007130,1553,8.149618691E7,2025-09-24
I1007131,1158,1.3731183891E8,2025-09-10
I1007132,1799,3.935734385E7,2025-09-28
I1007133,1686,1.1188654289E8,2025-09-26
I1007134,631,9.041492181E7,2025-10-09
I1007135,1120,1.0117122324E8,2025-10-01
I1007136,1664,2.199583145E7,2025-09-07
I1007137,1358,1.6644142821E8,2025-09-04
I1007138,1121,6.974984042E7,2025-10-21
I1007139,198,2.845024794E7,2025-09-16
I1007140,697,1.436913143E7,2025-10-05
I1007141,1331,1.2018510804E8,2025-09-20
I1007142,246,5911789.77,2025-09-22
I1007143,654,6.338217496E7,2025-10-29
I1007144,395,4.53417955E7,2025-10-10
I1007145,895,3.66864635E7,2025-09-15
I1007146,151,8142072.74,2025-09-03
I1007147,1435,1.4556567207E8,2025-10-10
I1007148,264,2039037.92,2025-10-27
I1007149,1789,1.435469289E7,2025-09-06
I1007150,1144,1.6547680696E8,2025-09-23
I1007151,1666,2.320982292E7,2025-09-27
I1007152,104,781493.03,2025-10-20
I1007153,1970,1.7693574218E8,2025-09-11
I1007154,209,1.130622775E7,2025-10-20
I1007155,709,5.28228137E7,2025-10-18
I1007156,1058,4.681350437E7,2025-09-05
I1007157,931,9.965848688E7,2025-09-27
I1007158,1843,2.4669998565E8,2025-10-31
I1007159,1621,2.2403477934E8,2025-10-22
I1007160,1219,1.0089464649E8,2025-09-08
I1007161,369,3.334565681E7,2025-10-14
I1007162,816,1.0212105134E8,2025-10-25
I1007163,722,4.741909986E7,2025-10-07
I1007164,1092,9.875440855E7,2025-09-10
I1007165,1719,2.5393876024E8,2025-10-09
I1007166,229,8533391.75,2025-09-10
I1007167,773,9.418121636E7,2025-10-24
I1007168,945,3.100984652E7,2025-10-16
I1007169,1568,1.7755200408E8,2025-09-01
I1007170,1997,1.0470309443E8,2025-09-11
I1007171,1101,9.339635513E7,2025-09-08
I1007172,1292,1.29478159E7,2025-09-25
I1007173,1933,1.8160457683E8,2025-09-13
I1007174,1312,1.5540414142E8,2025-10-22
I1007175,1214,1.5226972328E8,2025-10-13
I1007176,595,8.117527553E7,2025-10-19
I1007177,724,2.657814745E7,2025-09-10
I1007178,838,5.044638074E7,2025-09-28
I1007179,1777,2.2907672859E8,2025-10-16
I1007180,1543,5.235604269E7,2025-09-13
I1007181,1380,4.405886091E7,2025-10-30
I1007182,366,3.990884797E7,2025-09-21
I1007183,703,3.909577637E7,2025-10-22
I1007184,1169,8.177348862E7,2025-10-23
I1007185,1461,8.768964215E7,2025-09-20
I1007186,980,1.0443913922E8,2025-09-27
I1007187,1566,2.1926671435E8,2025-10-30
I1007188,1618,1.6090672645E8,2025-10-19
I1007189,1404,1.6539873121E8,2025-10-29
I1007190,797,3.236412349E7,2025-10-26
I1007191,1441,1.7684670183E8,2025-09-11
I1007192,1658,5.026899445E7,2025-10-26
I1007193,346,4.285706216E7,2025-10-23
I1007194,620,5801294.4,2025-10-14
I1007195,215,2.862356332E7,2025-09-02
I1007196,1890,5.461432287E7,2025-09-29
I1007197,329,2.502771244E7,2025-10-10
I1007198,1658,3.473446105E7,2025-10-29
I1007199,1779,1.409859058E8,2025-09-11
I1007200,1096,1.1973976631E8,2025-09-11
I1007201,746,1.086105132E7,2025-09-27
I1007202,52,3377405.51,2025-10-26
I1007203,1318,6.304312799E7,2025-10-31
I1007204,1298,1.1545842828E8,2025-09-11
I1007205,992,1.2526317048E8,2025-09-02
I1007206,1330,7394066.2,2025-10-10
I1007207,771,3.101456144E7,2025-09-03
I1007208,946,7.105824299E7,2025-09-17
I1007209,1311,1.5460938022E8,2025-10-11
I1007210,1602,1.8692221494E8,2025-10-15
I1007211,1751,1.5032002586E8,2025-09-23
I1007212,1838,6.351919165E7,2025-10-06
I1007213,1310,6.013521641E7,2025-09-24
I1007214,327,4.845110138E7,2025-10-10
I1007215,935,3.91970918E7,2025-09-19
I1007216,755,4.946560553E7,2025-09-13
I1007217,701,2.396140607E7,2025-10-09
I1007218,1884,2.639590842E7,2025-10-30
I1007219,855,1.066779308E7,2025-10-05
I1007220,126,7301728.74,2025-09-20
I1007221,1816,2.3218474148E8,2025-09-01
I1007222,86,1.146069105E7,2025-10-16
I1007223,1267,1.7146401224E8,2025-10-31
I1007224,1471,1.2665452818E8,2025-09-17
I1007225,1867,2.1921016076E8,2025-10-27
I1007226,1639,8.805431732E7,2025-10-10
I1007227,559,3.024881198E7,2025-09-30
I1007228,815,5851986.63,2025-10-24
I1007229,1021,1.1296530069E8,2025-10-05
I1007230,1518,1.579177522E8,2025-10-07
I1007231,1701,4.451983663E7,2025-09-21
I1007232,1590,9.417823847E7,2025-10-02
I1007233,97,1.116065548E7,2025-09-20
I1007234,1639,1.107266395E7,2025-09-03
I1007235,1861,1.7548210717E8,2025-09-29
I1007236,532,4.47088342E7,2025-10-19
I1007237,879,6.657587875E7,2025-10-11
I1007238,1730,1.6798163663E8,2025-10-12
I1007239,619,2.356013305E7,2025-10-05
I1007240,492,2.971240773E7,2025-09-12
I1007241,1675,7.676926867E7,2025-10-07
I1007242,1938,2.534620818E7,2025-09-18
I1007243,1382,1.8604064677E8,2025-09-14
I1007244,592,1.604285683E7,2025-10-19
I1007245,1468,1.5548179082E8,2025-10-02
I1007246,1974,7.236018141E7,2025-10-28
I1007247,511,2.941934591E7,2025-10-31
I1007248,1715,1.113238302E7,2025-09-10
I1007249,1501,1.3210093519E8,2025-09-18
I1007250,632,3.369488124E7,2025-10-24
I1007251,664,7.65825022E7,2025-10-10
I1007252,442,4.4318165E7,2025-09-04
I1007253,1414,6.916553744E7,2025-10-19
I1007254,1654,1.8965368261E8,2025-09-13
I1007255,728,1072914.1,2025-10-20
I1007256,1339,3.595693977E7,2025-10-10
I1007257,544,3.401472008E7,2025-10-26
I1007258,1358,6.062816678E7,2025-10-23
I1007259,1682,1.6398702258E8,2025-09-05
I1007260,911,1.65487753E7,2025-10-31
I1007261,222,2.048948639E7,2025-10-02
I1007262,674,1.296859294E7,2025-10-22
I1007263,929,4.095600109E7,2025-09-09
I1007264,1338,1.844245745E7,2025-10-05
I1007265,584,4.999858278E7,2025-09-23
I1007266,1744,2.0319008439E8,2025-09-28
I1007267,1298,5.931037568E7,2025-10-26
I1007268,521,2.343218736E7,2025-09-20
I1007269,427,1.592458604E7,2025-10-06
I1007270,1766,2.3412587838E8,2025-10-10
I1007271,1672,1.425764937E7,2025-10-13
I1007272,1187,1.2332864554E8,2025-09-18
I1007273,1090,1.5726349368E8,2025-10-18
I1007274,859,480803.76,2025-09-09
I1007275,1082,1.5154278197E8,2025-10-07
I1007276,1462,2.504510413E7,2025-10-14
I1007277,66,7376298.99,2025-09-20
I1007278,1438,3.265418126E7,2025-10-22
I1007279,828,1.2134977075E8,2025-09-13
I1007280,1001,5214466.96,2025-10-17
I1007281,1253,5.338174382E7,2025-10-12
I1007282,1294,6.506570269E7,2025-09-03
I1007283,1796,4.188986735E7,2025-10-18
I1007284,1577,3.049747121E7,2025-09-23
I1007285,564,4.885998071E7,2025-10-02
I1007286,804,7.822603154E7,2025-10-28
I1007287,958,6.672382198E7,2025-09-09
I1007288,420,4.835787186E7,2025-09-22
I1007289,1637,8.498746422E7,2025-09-03
I1007290,1164,4.219853143E7,2025-10-06
I1007291,802,6.309717763E7,2025-10-14
I1007292,1751,1.7326106684E8,2025-09-21
I1007293,1460,7.369853056E7,2025-09-04
I1007294,218,2.869243147E7,2025-10-02
I1007295,1130,1.0192659256E8,2025-10-13
I1007296,1531,1.3426292494E8,2025-10-30
I1007297,435,6.208896045E7,2025-10-04
I1007298,1960,2.5640065147E8,2025-10-09
I1007299,195,7726300.24,2025-10-04
I1007300,835,6.756533608E7,2025-10-08
I1007301,399,2.526275037E7,2025-10-25
I1007302,1966,2.7773529125E8,2025-09-16
I1007303,1601,1.0939699353E8,2025-10-21
I1007304,481,2.659888145E7,2025-09-09
I1007305,1831,2.3939684154E8,2025-09-02
I1007306,981,1.578851658E7,2025-09-08
I1007307,221,2.795862851E7,2025-09-10
I1007308,488,5.152716474E7,2025-10-25
I1007309,126,4379650.63,2025-10-29
I1007310,1156,4.219364416E7,2025-09-12
I1007311,339,7771464.46,2025-10-16
I1007312,1029,1.4015558442E8,2025-09-06
I1007313,1087,1.822527645E7,2025-10-16
I1007314,1207,2076886.85,2025-10-07
I1007315,291,4267240.46,2025-09-01
I1007316,1151,6.527309269E7,2025-09-15
I1007317,451,3.621039194E7,2025-10-30
I1007318,1343,1.761024326E8,2025-10-23
I1007319,1659,2.1093574025E8,2025-10-30
I1007320,206,2.468364794E7,2025-10-22
I1007321,1185,6.417648169E7,2025-10-29
I1007322,1382,1.2464213838E8,2025-09-26
I1007323,468,4.264616169E7,2025-09-24
I1007324,1735,8.793555897E7,2025-09-14
I1007325,1581,3.200094144E7,2025-09-12
I1007326,1943,8.929924159E7,2025-09-11
I1007327,1391,6.06818524E7,2025-10-24
I1007328,1655,2.1555861592E8,2025-10-18
I1007329,1807,4.238142235E7,2025-10-31
I1007330,1566,1.109651846E7,2025-09-16
I1007331,96,2694847.3,2025-10-18
I1007332,670,4.826297524E7,2025-10-13
I1007333,1435,2.081657881E8,2025-10-05
I1007334,1611,1.0714985808E8,2025-10-08
I1007335,1848,1.3978752462E8,2025-10-25
I1007336,1185,1.1461381319E8,2025-09-01
I1007337,1480,1.1243155961E8,2025-10-03
I1007338,138,2892758.55,2025-10-26
I1007339,1386,1.911318346E7,2025-10-31
I1007340,1101,1.0794767874E8,2025-09-07
I1007341,1775,2.5794963736E8,2025-10-08
I1007342,1184,7.738719639E7,2025-10-31
I1007343,623,7.27901881E7,2025-10-11
I1007344,1318,1.1334455566E8,2025-10-08
I1007345,801,2.827769697E7,2025-10-06
I1007346,275,5454069.68,2025-09-08
I1007347,1360,1.1862083496E8,2025-09-29
I1007348,1086,7.68558198E7,2025-10-23
I1007349,287,9828323.23,2025-10-07
I1007350,1354,7.598880237E7,2025-09-12
I1007351,509,3.884871395E7,2025-09-28
I1007352,1311,1.7897922963E8,2025-09-16
I1007353,1557,9.823376303E7,2025-10-11
I1007354,443,2.143995982E7,2025-10-23
I1007355,1596,2.867768706E7,2025-09-20
I1007356,268,2.157499063E7,2025-10-12
I1007357,195,1.894191426E7,2025-09-26
I1007358,960,9.609803794E7,2025-09-06
I1007359,1782,2.3908768749E8,2025-10-09
I1007360,521,3.909472666E7,2025-09-07
I1007361,1249,6.939841772E7,2025-10-14
I1007362,489,3.112023793E7,2025-09-30
I1007363,145,1.05750047E7,2025-10-21
I1007364,932,7.820950083E7,2025-09-12
I1007365,1726,1.8933510347E8,2025-10-18
I1007366,232,2.088211913E7,2025-09-30
I1007367,1633,2.017278381E7,2025-10-25
I1007368,1390,7.415969584E7,2025-10-18
I1007369,659,508592.51,2025-10-16
I1007370,1863,2.4875131897E8,2025-09-18
I1007371,612,3.046844549E7,2025-10-13
I1007372,716,7.512357671E7,2025-10-05
I1007373,1622,1.115700313E8,2025-10-16
I1007374,1161,6.589081606E7,2025-10-20
I1007375,538,1.433989632E7,2025-10-23
I1007376,386,3.245693064E7,2025-09-22
I1007377,235,2.619016331E7,2025-10-21
I1007378,1892,4.787954414E7,2025-09-22
I1007379,915,1.1181320805E8,2025-09-23
I1007380,1024,1.2201387698E8,2025-10-11
I1007381,709,5181480.9,2025-10-10
I1007382,1066,1.3300307443E8,2025-10-11
I1007383,821,1.1590178678E8,2025-09-30
I1007384,1774,3.508017845E7,2025-10-16
I1007385,1278,5.845123663E7,2025-09-30
I1007386,232,6309669.09,2025-09-15
I1007387,808,4.640977351E7,2025-09-14
I1007388,1180,1.5400135381E8,2025-10-26
I1007389,1442,2.1268364338E8,2025-09-18
I1007390,806,9.947234885E7,2025-10-20
I1007391,1258,1.6408276038E8,2025-09-19
I1007392,429,4.691758814E7,2025-10-06
I1007393,87,1.083375303E7,2025-10-14
I1007394,117,9286692.1,2025-10-11
I1007395,1501,6.000987448E7,2025-10-13
I1007396,243,2.968035514E7,2025-10-20
I1007397,675,7.04476943E7,2025-09-29
I1007398,1029,1.5306626997E8,2025-09-07
I1007399,953,1.3741204162E8,2025-10-27
I1007400,899,2.899164669E7,2025-10-26
I1007401,1265,7.216448546E7,2025-09-21
I1007402,1417,8.34383327E7,2025-10-22
I1007403,1640,8.60462214E7,2025-09-08
I1007404,265,2.144398592E7,2025-10-10
I1007405,1315,1.0731694403E8,2025-10-20
I1007406,1514,1.0814158024E8,2025-09-22
I1007407,1534,1.9508443661E8,2025-10-01
I1007408,1137,3.382592221E7,2025-09-12
I1007409,1714,1.3984756864E8,2025-09-01
I1007410,132,1.027309236E7,2025-10-08
I1007411,1333,1.1098555416E8,2025-10-12
I1007412,1780,1.8218224702E8,2025-10-14
I1007413,1060,8.378375561E7,2025-10-01
I1007414,1750,1.6318094701E8,2025-10-06
I1007415,843,8.22300293E7,2025-09-03
I1007416,1760,1.7754165914E8,2025-10-24
I1007417,737,4.569777153E7,2025-10-18
I1007418,1085,1745339.98,2025-10-30
I1007419,1376,1.3129893703E8,2025-09-20
I1007420,1327,4.119451029E7,2025-09-18
I1007421,1528,6.550219613E7,2025-10-30
I1007422,1590,1.4237040133E8,2025-10-09
I1007423,329,1.146627763E7,2025-10-07
I1007424,309,7422891.4,2025-09-25
I1007425,956,7.817331191E7,2025-10-15
I1007426,925,3.280176672E7,2025-10-10
I1007427,1139,8.255963394E7,2025-10-18
I1007428,1617,1.0352642397E8,2025-09-30
I1007429,623,8.488564788E7,2025-09-16
I1007430,168,9571675.73,2025-09-18
I1007431,582,5.794237917E7,2025-09-26
I1007432,1811,1.5359779897E8,2025-09-05
I1007433,270,1.694011535E7,2025-09-08
I1007434,379,5.31120388E7,2025-09-27
I1007435,1449,4.428665517E7,2025-10-13
I1007436,957,3.924154318E7,2025-10-02
I1007437,1760,9.23399701E7,2025-09-25
I1007438,875,8.678651849E7,2025-09-11
I1007439,624,5.883000934E7,2025-10-31
I1007440,118,1.2538132E7,2025-10-06
I1007441,1035,4.600057293E7,2025-10-05
I1007442,817,2.163006465E7,2025-10-17
I1007443,1839,2.867094434E7,2025-09-13
I1007444,815,9.618814307E7,2025-09-04
I1007445,1645,1.6943228261E8,2025-10-12
I1007446,867,1.1482642475E8,2025-09-19
I1007447,1278,1.3219038151E8,2025-09-29
I1007448,275,3.174452492E7,2025-09-23
I1007449,558,7.656379282E7,2025-10-31
I1007450,1471,3.873630877E7,2025-09-24
I1007451,1709,3.842984603E7,2025-09-11
I1007452,487,3.394960953E7,2025-10-21
I1007453,910,1.0634361318E8,2025-10-08
I1007454,716,1.257910778E7,2025-10-28
I1007455,169,2.012341721E7,2025-10-21
I1007456,1197,1.4018881705E8,2025-10-03
I1007457,1408,8567607.98,2025-09-03
I1007458,297,5379323.02,2025-10-06
I1007459,704,4.333240225E7,2025-09-22
I1007460,1864,1.1502681721E8,2025-10-31
I1007461,107,1.496390094E7,2025-09-16
I1007462,217,6733895.9,2025-09-15
I1007463,384,1.480481688E7,2025-10-28
I1007464,1144,1.1340242179E8,2025-09-04
I1007465,1201,3.386159176E7,2025-10-18
I1007466,1775,2.3267034756E8,2025-09-04
I1007467,549,4.516472359E7,2025-09-22
I1007468,957,7211083.1,2025-10-23
I1007469,1736,1.8561021475E8,2025-10-16
I1007470,1253,1.3247525744E8,2025-09-08
I1007471,406,2.227874451E7,2025-09-07
I1007472,1442,3.058449816E7,2025-09-12
I1007473,1803,2.6689145147E8,2025-09-11
I1007474,131,1.848782182E7,2025-09-02
I1007475,439,6.476736465E7,2025-10-06
I1007476,1975,1.3521034123E8,2025-09-06
I1007477,1290,1.4936189838E8,2025-10-20
I1007478,1004,1.612625042E7,2025-09-24
I1007479,312,1.784619087E7,2025-10-18
I1007480,187,1.966764241E7,2025-10-06
I1007481,1344,2.0033898642E8,2025-10-20
I1007482,388,5.460265818E7,2025-09-08
I1007483,1116,7.343294449E7,2025-09-29
I1007484,1144,1.65609391E7,2025-09-23
I1007485,82,200917.16,2025-09-15
I1007486,1779,1.8306729784E8,2025-09-09
I1007487,1131,8977263.38,2025-10-31
I1007488,1187,1.38398773E7,2025-09-22
I1007489,243,2.829666895E7,2025-09-09
I1007490,1095,1.5781968102E8,2025-09-11
I1007491,1028,9.663366891E7,2025-10-18
I1007492,435,4.789914563E7,2025-09-25
I1007493,1379,5.283603575E7,2025-09-19
I1007494,654,5234370.11,2025-09-03
I1007495,194,2.09150164E7,2025-09-10
I1007496,1296,7.151056998E7,2025-09-11
I1007497,788,8407269.05,2025-09-09
I1007498,1014,1.2416980362E8,2025-09-07
I1007499,1155,7.738894192E7,2025-10-06
I1007500,353,5.219403303E7,2025-09-23
I1007501,1953,2.839243698E8,2025-09-11
I1007502,383,3.336162859E7,2025-09-20
I1007503,1606,1.0726869243E8,2025-09-15
I1007504,647,2.081325329E7,2025-10-27
I1007505,669,2.976879766E7,2025-09-27
I1007506,587,8.569940909E7,2025-10-27
I1007507,1483,1.2039733949E8,2025-10-13
I1007508,1269,2.12267333E7,2025-10-23
I1007509,1467,5.739000015E7,2025-10-27
I1007510,888,1.156087827E7,2025-10-09
I1007511,1850,1.459963379E8,2025-09-06
I1007512,1636,1.9612160853E8,2025-09-21
I1007513,1594,1.2842761615E8,2025-10-28
I1007514,466,3395384.1,2025-09-18
I1007515,1797,2.4306220184E8,2025-10-26
I1007516,51,3909727.96,2025-09-20
I1007517,59,4952726.12,2025-09-08
I1007518,286,3.814330127E7,2025-10-03
I1007519,757,6.68372885E7,2025-10-20
I1007520,779,3691111.22,2025-09-11
I1007521,1465,1.4544027571E8,2025-10-22
I1007522,380,2.386405362E7,2025-10-03
I1007523,1159,4.069438485E7,2025-09-23
I1007524,1003,1.2665016646E8,2025-10-13
I1007525,1700,7639589.07,2025-09-10
I1007526,102,6944625.22,2025-10-29
I1007527,932,1.3431886081E8,2025-09-24
I1007528,1122,8.550221611E7,2025-09-10
I1007529,710,5340516.61,2025-10-29
I1007530,1337,1.2927284267E8,2025-09-30
I1007531,1570,6.770752856E7,2025-10-28
I1007532,906,6.737118389E7,2025-09-15
I1007533,1363,5.84575658E7,2025-09-15
I1007534,951,1.559343962E7,2025-10-15
I1007535,1881,2.3653682101E8,2025-10-18
I1007536,1586,1.5703664947E8,2025-09-26
I1007537,1555,3.248298372E7,2025-10-27
I1007538,1784,2.5450791774E8,2025-09-03
I1007539,289,8163680.66,2025-09-29
I1007540,1161,1.250920469E7,2025-10-01
I1007541,1689,7.473429058E7,2025-10-19
I1007542,922,3.966369066E7,2025-10-05
I1007543,1089,1.1006470487E8,2025-09-18
I1007544,2000,2.7289358267E8,2025-10-27
I1007545,78,3323063.89,2025-09-02
I1007546,770,2.468472685E7,2025-09-18
I1007547,1329,1.3421278133E8,2025-09-03
I1007548,1364,9.716452447E7,2025-09-11
I1007549,522,4.89818038E7,2025-09-16
I1007550,422,3.666537183E7,2025-09-16
I1007551,52,3894239.51,2025-10-08
I1007552,672,9.071762337E7,2025-10-13
I1007553,1355,1.4641261091E8,2025-10-14
I1007554,1767,1.4556102173E8,2025-09-02
I1007555,510,6.324110806E7,2025-10-14
I1007556,1083,7.677522611E7,2025-10-26
I1007557,1190,1.2938071404E8,2025-10-07
I1007558,858,1617218.15,2025-09-29
I1007559,331,1517466.3,2025-10-10
I1007560,159,4570093.27,2025-09-01
I1007561,1595,1.7820259727E8,2025-09-19
I1007562,853,5.368018665E7,2025-10-14
I1007563,163,1.508648853E7,2025-09-04
I1007564,1798,1.1888923634E8,2025-09-26
I1007565,798,9.204222285E7,2025-10-29
I1007566,1405,2.041264552E7,2025-09-15
I1007567,1054,7.427784504E7,2025-09-06
I1007568,1569,1.571816961E8,2025-10-13
I1007569,507,7.011211714E7,2025-09-22
I1007570,592,6.836792343E7,2025-09-25
I1007571,458,5.811586097E7,2025-10-12
I1007572,514,2.952783823E7,2025-10-10
I1007573,568,3.094508863E7,2025-10-05
I1007574,1336,1.779896109E7,2025-09-05
I1007575,1529,1.9961988426E8,2025-10-15
I1007576,245,1.859267043E7,2025-10-17
I1007577,763,9.422172014E7,2025-09-14
I1007578,1742,2.3048290331E8,2025-10-12
I1007579,164,6053725.63,2025-09-12
I1007580,741,5.857224591E7,2025-09-15
I1007581,358,1.017412156E7,2025-10-19
I1007582,1779,1.7636733836E8,2025-09-13
I1007583,1791,2.0888736808E8,2025-10-11
I1007584,162,1.899419901E7,2025-10-30
I1007585,978,3109601.47,2025-10-22
I1007586,272,8959962.17,2025-09-01
I1007587,366,3.499154386E7,2025-09-12
I1007588,439,3462369.57,2025-09-02
I1007589,1062,3.833923923E7,2025-09-14
I1007590,1729,1827893.6,2025-09-08
I1007591,1654,8.706816774E7,2025-09-03
I1007592,1601,9.746154435E7,2025-09-15
I1007593,1415,4.275344778E7,2025-09-06
I1007594,1047,9.168618647E7,2025-09-04
I1007595,60,4007137.87,2025-09-28
I1007596,1131,2.18487725E7,2025-09-23
I1007597,1231,1.5382614736E8,2025-09-02
I1007598,431,1.503716276E7,2025-10-10
I1007599,1265,3.045366968E7,2025-10-13
I1007600,1907,1.2920344717E8,2025-10-07
I1007601,710,1.0429102953E8,2025-09-09
I1007602,374,2.283112452E7,2025-09-13
I1007603,1526,1.2941629599E8,2025-09-22
I1007604,1264,1.7240654781E8,2025-10-18
I1007605,1827,1.6601990511E8,2025-09-20
I1007606,335,568180.82,2025-09-02
I1007607,479,3.692035361E7,2025-09-01
I1007608,1920,2.5391522888E8,2025-09-20
I1007609,107,1.075206727E7,2025-09-19
I1007610,62,6636044.68,2025-09-09
I1007611,1646,1.3735009253E8,2025-10-11
I1007612,137,7072082.42,2025-10-04
I1007613,263,5513931.98,2025-09-30
I1007614,793,8.870553322E7,2025-10-18
I1007615,1915,1.7034333704E8,2025-09-10
I1007616,277,2.150455552E7,2025-10-02
I1007617,1592,1.670378476E7,2025-09-22
I1007618,1163,1.6008141211E8,2025-10-27
I1007619,1750,2.3221041E8,2025-10-14
I1007620,296,2.496176851E7,2025-10-15
I1007621,464,3.012769692E7,2025-09-26
I1007622,1805,1.057712487E8,2025-10-05
I1007623,1995,3.025438236E7,2025-09-04
I1007624,1135,1.7018163744E8,2025-09-07
I1007625,1008,1.2979635494E8,2025-10-12
I1007626,956,7.383429234E7,2025-09-16
I1007627,1416,1.6890754198E8,2025-10-31
I1007628,786,5.072388656E7,2025-09-29
I1007629,281,2.376755415E7,2025-09-06
I1007630,1187,6213167.24,2025-10-21
I1007631,675,7.112696319E7,2025-10-28
I1007632,971,1.2811858074E8,2025-09-29
I1007633,467,4.111674918E7,2025-10-02
I1007634,608,2.671527282E7,2025-09-22
I1007635,1874,1.829215301E8,2025-10-16
I1007636,885,1.103876826E8,2025-10-25
I1007637,227,1.428577871E7,2025-10-14
I1007638,1304,7.113659316E7,2025-09-24
I1007639,1664,1.2637204841E8,2025-09-18
I1007640,594,6.248979076E7,2025-10-01
I1007641,1103,1.1410279019E8,2025-09-24
I1007642,931,6.874517351E7,2025-09-18
I1007643,826,5.57529451E7,2025-09-07
I1007644,166,1.886196778E7,2025-09-29
I1007645,1527,4.53836209E7,2025-10-05
I1007646,679,2.656383094E7,2025-10-05
I1007647,73,9535469.69,2025-10-10
I1007648,859,7.814695976E7,2025-09-08
I1007649,1984,9.427125645E7,2025-10-19
I1007650,243,1.609379922E7,2025-09-05
I1007651,1754,1.151240601E7,2025-09-05
I1007652,105,1162664.61,2025-09-04
I1007653,1019,4.584171431E7,2025-10-12
I1007654,478,2.339761988E7,2025-10-19
I1007655,370,2.728044981E7,2025-09-29
I1007656,322,3.537606884E7,2025-10-21
I1007657,1020,1.2745392664E8,2025-09-21
I1007658,1100,1.3630258734E8,2025-09-02
I1007659,390,5.186146855E7,2025-09-13
I1007660,283,5159552.76,2025-10-10
I1007661,391,1.481866352E7,2025-10-08
I1007662,1741,1.2038442523E8,2025-09-03
I1007663,1509,1.7110200785E8,2025-09-22
I1007664,1560,2.3367537354E8,2025-09-14
I1007665,1204,1.881897198E7,2025-09-02
I1007666,510,7.400411613E7,2025-09-10
I1007667,211,3.139624853E7,2025-09-03
I1007668,1878,2.4932969419E8,2025-09-24
I1007669,942,1.0540516457E8,2025-09-29
I1007670,136,1.983033964E7,2025-10-18
I1007671,737,6.999192475E7,2025-09-17
I1007672,318,2.840578112E7,2025-09-06
I1007673,492,6.947496299E7,2025-09-15
I1007674,418,1.767139393E7,2025-10-20
I1007675,439,2.025726363E7,2025-09-25
I1007676,1988,1.1405397672E8,2025-09-06
I1007677,425,7277036.15,2025-09-17
I1007678,1525,8.379321989E7,2025-09-02
I1007679,1688,9.74406812E7,2025-10-31
I1007680,1729,1.1034611005E8,2025-10-04
I1007681,1632,1.6015921033E8,2025-10-03
I1007682,1871,5.091406507E7,2025-10-29
I1007683,448,4.576363648E7,2025-10-07
I1007684,1645,9.273663183E7,2025-09-20
I1007685,1094,3.576807797E7,2025-09-03
I1007686,1415,1.7430970583E8,2025-10-25
I1007687,1848,2.4002563505E8,2025-09-03
I1007688,1069,5.052756878E7,2025-10-10
I1007689,544,1.761876468E7,2025-10-28
I1007690,1440,2.140634221E8,2025-09-27
I1007691,1627,1.7097621615E8,2025-09-04
I1007692,155,2.194915935E7,2025-10-30
I1007693,1202,1.3188993518E8,2025-10-22
I1007694,1375,6.328113219E7,2025-10-15
I1007695,336,2.910946062E7,2025-10-02
I1007696,62,281335.56,2025-09-06
I1007697,228,3.396412229E7,2025-09-02
I1007698,1980,3.172855622E7,2025-09-28
I1007699,1826,1.430779299E8,2025-09-07
I1007700,675,1.973401097E7,2025-09-20
I1007701,992,7.59155536E7,2025-10-30
I1007702,323,3.218689647E7,2025-10-14
I1007703,166,1.17559665E7,2025-09-20
I1007704,303,2.41919674E7,2025-09-26
I1007705,387,3.119535243E7,2025-09-18
I1007706,1690,1.8779529818E8,2025-09-18
I1007707,1978,2.6794103883E8,2025-10-05
I1007708,198,1.269553646E7,2025-09-22
I1007709,494,5038663.3,2025-09-29
I1007710,120,1.607063813E7,2025-09-03
I1007711,1129,8.455626342E7,2025-10-18
I1007712,1664,5.182219017E7,2025-09-13
I1007713,1148,7.119251407E7,2025-09-17
I1007714,639,1.913820795E7,2025-10-28
I1007715,1596,1.4871366164E8,2025-09-09
I1007716,1089,1.321810259E7,2025-09-01
I1007717,1122,1.1064625554E8,2025-09-12
I1007718,157,1.498232336E7,2025-09-14
I1007719,523,1.517809842E7,2025-09-01
I1007720,113,8685057.02,2025-10-10
I1007721,487,4.831140843E7,2025-09-22
I1007722,65,8464439.79,2025-10-12
I1007723,1872,2.3028145157E8,2025-10-29
I1007724,590,8.6482816E7,2025-10-13
I1007725,1963,2.0936047874E8,2025-09-11
I1007726,904,6.419271806E7,2025-09-07
I1007727,1773,2.2166080663E8,2025-09-08
I1007728,332,4.681002413E7,2025-09-02
I1007729,938,7.573433231E7,2025-10-12
I1007730,819,2.144595296E7,2025-10-25
I1007731,1658,1.1885109731E8,2025-10-17
I1007732,756,9.408008818E7,2025-09-02
I1007733,844,4.539152302E7,2025-10-22
I1007734,263,6432879.21,2025-09-25
I1007735,1404,1.6725040727E8,2025-10-28
I1007736,441,1.208361871E7,2025-10-05
I1007737,1618,1.6032782508E8,2025-10-22
I1007738,1797,1.7852968322E8,2025-10-12
I1007739,491,3.415048865E7,2025-09-07
I1007740,336,5788758.08,2025-09-19
I1007741,483,3.100155009E7,2025-10-28
I1007742,639,5.457266577E7,2025-09-29
I1007743,200,2.119464715E7,2025-09-25
I1007744,1454,1.8290000695E8,2025-10-08
I1007745,1494,1.5703571844E8,2025-09-08
I1007746,1839,9.024471364E7,2025-10-12
I1007747,806,4876003.99,2025-09-30
I1007748,996,5.834020189E7,2025-09-13
I1007749,977,1.1231530615E8,2025-10-21
I1007750,1832,7.909687661E7,2025-10-02
I1007751,1572,1.4107550733E8,2025-10-29
I1007752,853,1.2131248504E8,2025-09-06
I1007753,1233,4.668726525E7,2025-09-29
I1007754,1953,2.8766686983E8,2025-10-24
I1007755,510,4.010104111E7,2025-10-03
I1007756,1146,9.551171163E7,2025-09-09
I1007757,1834,1.9040310811E8,2025-09-25
I1007758,1057,1.2159021892E8,2025-09-13
I1007759,1801,7.706838285E7,2025-10-03
I1007760,1113,1.898174385E7,2025-10-01
I1007761,1829,1.7915918743E8,2025-09-11
I1007762,1438,4535496.91,2025-10-12
I1007763,1970,2.559936067E7,2025-10-30
I1007764,1520,1.1148483183E8,2025-10-25
I1007765,216,2.969970296E7,2025-10-12
I1007766,1414,1.7129745138E8,2025-09-06
I1007767,250,3.25185974E7,2025-10-07
I1007768,1948,2.6996722191E8,2025-10-18
I1007769,1847,4.512339187E7,2025-10-10
I1007770,357,374346.38,2025-09-16
I1007771,70,7966475.57,2025-09-14
I1007772,820,6.653453762E7,2025-10-09
I1007773,1184,7.093478835E7,2025-10-18
I1007774,1490,2.1087165732E8,2025-09-08
I1007775,1586,1.2304392932E8,2025-10-31
I1007776,1188,1.0019834281E8,2025-09-28
I1007777,411,5.270336436E7,2025-09-13
I1007778,1885,1.2861198981E8,2025-09-18
I1007779,577,3.085096991E7,2025-09-05
I1007780,213,3.071059158E7,2025-10-18
I1007781,1095,1.4887401644E8,2025-09-24
I1007782,781,823454.88,2025-10-28
I1007783,1594,1.382694628E8,2025-09-13
I1007784,1190,1.140535422E7,2025-09-11
I1007785,754,3.481844986E7,2025-10-24
I1007786,1157,4.742762726E7,2025-10-15
I1007787,1445,6.779176141E7,2025-10-30
I1007788,236,3.353072398E7,2025-09-08
I1007789,672,1.692256755E7,2025-10-25
I1007790,1041,8.32558536E7,2025-10-08
I1007791,545,4.090604204E7,2025-09-09
I1007792,630,9.318815259E7,2025-09-02
I1007793,1684,1.9175587301E8,2025-10-23
I1007794,413,5.171161701E7,2025-10-10
I1007795,701,4.067961397E7,2025-09-19
I1007796,981,7.181686193E7,2025-10-19
I1007797,996,1.327103566E7,2025-10-29
I1007798,1998,8.579679274E7,2025-09-17
I1007799,176,1315541.69,2025-10-31
I1007800,1724,1.8812283366E8,2025-09-22
I1007801,143,9083207.08,2025-09-23
I1007802,962,1.3481005433E8,2025-10-20
I1007803,1692,1.9902041278E8,2025-09-19
I1007804,1987,4.556356787E7,2025-09-06
I1007805,1216,6.543816348E7,2025-09-03
I1007806,1304,1.0581693038E8,2025-10-20
I1007807,267,3.897067501E7,2025-09-27
I1007808,1635,9.610895436E7,2025-10-20
I1007809,1476,2.1353265422E8,2025-10-26
I1007810,1105,2.883546835E7,2025-09-26
I1007811,1082,1996352.61,2025-09-11
I1007812,393,4.115058514E7,2025-10-23
I1007813,491,2.129820628E7,2025-09-03
I1007814,1857,1.4079089603E8,2025-09-21
I1007815,71,8894401.69,2025-09-08
I1007816,1756,2.141133859E7,2025-09-10
I1007817,1411,2.0697973995E8,2025-09-27
I1007818,1690,2.3825408946E8,2025-09-15
I1007819,1512,1.6560647725E8,2025-09-20
I1007820,1813,1.0656070567E8,2025-09-18
I1007821,1370,1.7327427173E8,2025-09-09
I1007822,136,3853902.92,2025-10-25
I1007823,1808,3.036961845E7,2025-10-29
I1007824,669,1.4747691E7,2025-09-22
I1007825,1950,8.373526917E7,2025-09-12
I1007826,1675,3972157.07,2025-10-27
I1007827,1111,4.367199156E7,2025-10-07
I1007828,189,1.943889392E7,2025-10-12
I1007829,1541,1.6317918301E8,2025-10-19
I1007830,1840,1.0119479913E8,2025-09-08
I1007831,1733,2.3811607786E8,2025-09-21
I1007832,1403,1.6938722185E8,2025-10-22
I1007833,1097,1.4190420406E8,2025-09-20
I1007834,638,1.246699915E7,2025-10-28
I1007835,1258,1.2828763449E8,2025-10-23
I1007836,1066,6.166827009E7,2025-09-10
I1007837,1751,6.30417875E7,2025-10-07
I1007838,1361,1.5946057233E8,2025-09-13
I1007839,1132,9.731963028E7,2025-10-04
I1007840,1333,1555123.12,2025-09-29
I1007841,947,9277231.17,2025-10-22
I1007842,667,1.31623429E7,2025-10-20
I1007843,1367,1.3510863241E8,2025-09-17
I1007844,1781,1.601363628E7,2025-10-05
I1007845,1027,1.3795501391E8,2025-10-02
I1007846,1008,1.1715544224E8,2025-09-11
I1007847,1830,9.670063941E7,2025-09-09
I1007848,891,6.001185148E7,2025-10-02
I1007849,714,4.016100597E7,2025-10-27
I1007850,811,4.714804304E7,2025-09-30
I1007851,1709,1.0051234186E8,2025-10-14
I1007852,1613,7.717839023E7,2025-09-04
I1007853,939,3.931676359E7,2025-09-25
I1007854,759,2.540948609E7,2025-10-26
I1007855,202,2.112870427E7,2025-10-17
I1007856,1764,2539074.26,2025-09-23
I1007857,1369,1.8903267062E8,2025-10-24
I1007858,1959,1.4131322303E8,2025-09-20
I1007859,397,3.317964836E7,2025-09-29
I1007860,868,8.716101954E7,2025-09-08
I1007861,1254,8.890786967E7,2025-09-29
I1007862,758,4.029480349E7,2025-09-11
I1007863,997,8.67804913E7,2025-09-14
I1007864,1267,1.3776796559E8,2025-10-01
I1007865,1659,1.7975843818E8,2025-09-03
I1007866,711,1.0108542751E8,2025-10-01
I1007867,125,1.036415808E7,2025-10-03
I1007868,1192,1.1607391614E8,2025-09-16
I1007869,278,2.419409855E7,2025-10-31
I1007870,1507,2.345877388E7,2025-10-27
I1007871,1809,4.356244515E7,2025-10-14
I1007872,432,2.97759381E7,2025-09-18
I1007873,1765,1.6696889954E8,2025-10-27
I1007874,683,5.09014839E7,2025-10-06
I1007875,364,3.145884643E7,2025-09-17
I1007876,864,6.131421909E7,2025-09-22
I1007877,1081,9.879325484E7,2025-10-01
I1007878,899,2155662.54,2025-09-08
I1007879,1229,1.1075429082E8,2025-09-16
I1007880,286,3.295279562E7,2025-10-15
I1007881,596,3.93129162E7,2025-10-16
I1007882,1178,4.854145278E7,2025-09-20
I1007883,1295,9.224639193E7,2025-10-20
I1007884,549,1.990554825E7,2025-09-03
I1007885,85,1.00733491E7,2025-09-18
I1007886,190,1.871458152E7,2025-09-06
I1007887,1271,3.483755655E7,2025-10-21
I1007888,1090,6.929778276E7,2025-09-15
I1007889,1099,2.327283132E7,2025-09-15
I1007890,1948,8.827054057E7,2025-09-05
I1007891,1679,3.278580163E7,2025-10-12
I1007892,1381,1.9396718542E8,2025-09-03
I1007893,917,1.0957268606E8,2025-09-11
I1007894,987,1.542590561E7,2025-10-12
I1007895,567,4.253908734E7,2025-10-10
I1007896,591,1.391559133E7,2025-09-24
I1007897,791,2.799536588E7,2025-10-28
I1007898,536,3.853160554E7,2025-10-13
I1007899,645,4.622343E7,2025-09-24
I1007900,1622,5.110607379E7,2025-09-30
I1007901,1782,2.6707566349E8,2025-09-09
I1007902,1027,7.845270217E7,2025-10-10
I1007903,1417,1.2920027564E8,2025-10-05
I1007904,1743,7.609092907E7,2025-09-07
I1007905,524,3.433529718E7,2025-09-05
I1007906,1733,1.8590854577E8,2025-09-27
I1007907,793,6.263757356E7,2025-09-25
I1007908,1826,7.679783766E7,2025-09-14
I1007909,1933,1.4145640943E8,2025-09-25
I1007910,219,2.319082341E7,2025-09-28
I1007911,951,1.408179376E8,2025-10-14
I1007912,261,2.145039715E7,2025-09-22
I1007913,892,1.211487972E8,2025-09-05
I1007914,51,7144194.57,2025-09-21
I1007915,1697,4.516884559E7,2025-10-28
I1007916,682,7.3508153E7,2025-09-18
I1007917,385,5.264187716E7,2025-09-07
I1007918,387,2.248293527E7,2025-10-24
I1007919,1818,1.8147370455E8,2025-09-09
I1007920,1854,1.553329277E7,2025-09-03
I1007921,489,5.993906885E7,2025-10-28
I1007922,316,1.865049278E7,2025-09-15
I1007923,56,4942822.14,2025-10-19
I1007924,709,7.574820515E7,2025-09-20
I1007925,683,3.522423882E7,2025-10-18
I1007926,961,1.634748527E7,2025-10-24
I1007927,1707,1.275190758E7,2025-09-06
I1007928,998,1257872.61,2025-09-20
I1007929,184,1.81172173E7,2025-10-17
I1007930,411,2.962940505E7,2025-09-18
I1007931,139,7797931.57,2025-09-29
I1007932,1679,2.4403016008E8,2025-09-02
I1007933,1252,1.294099618E8,2025-10-12
I1007934,1260,2.719974991E7,2025-09-14
I1007935,885,1.405511376E7,2025-09-07
I1007936,1260,7886563.83,2025-10-15
I1007937,1538,7.260766534E7,2025-10-22
I1007938,1647,5.205901517E7,2025-10-30
I1007939,1897,1.1455841777E8,2025-09-30
I1007940,63,3215963.1,2025-10-27
I1007941,131,7416202.31,2025-10-25
I1007942,960,8.118801521E7,2025-10-10
I1007943,825,5.955588601E7,2025-10-13
I1007944,726,9552764.87,2025-10-20
I1007945,189,9246806.28,2025-10-18
I1007946,520,4.020696268E7,2025-10-02
I1007947,1977,8.202538321E7,2025-09-22
I1007948,963,6.780934251E7,2025-10-21
I1007949,1258,6.862353253E7,2025-09-06
I1007950,56,7504234.61,2025-10-15
I1007951,1557,2.2293075866E8,2025-10-24
I1007952,1302,8.560840744E7,2025-10-17
I1007953,432,5.844075157E7,2025-09-13
I1007954,920,2.336419813E7,2025-09-04
I1007955,1140,1.6319352402E8,2025-09-13
I1007956,240,1.000690981E7,2025-10-23
I1007957,880,1.0573584838E8,2025-10-12
I1007958,1432,1.6191342999E8,2025-09-17
I1007959,1570,1.5771570524E8,2025-09-29
I1007960,961,8433965.26,2025-10-05
I1007961,189,1.084321883E7,2025-09-08
I1007962,720,4324291.6,2025-10-04
I1007963,1677,7.373235046E7,2025-09-17
I1007964,1672,2.2326420662E8,2025-09-27
I1007965,1161,4.077334233E7,2025-10-08
I1007966,1912,2.3612024344E8,2025-09-22
I1007967,425,5.728383759E7,2025-10-03
I1007968,304,1.103176587E7,2025-09-19
I1007969,1814,1.2040731338E8,2025-10-28
I1007970,697,4.644572331E7,2025-10-27
I1007971,1990,1.6032005854E8,2025-10-17
I1007972,1457,4.764790762E7,2025-10-22
I1007973,466,2.695761613E7,2025-09-01
I1007974,719,4.951980365E7,2025-09-25
I1007975,926,1.2885244093E8,2025-09-21
I1007976,1684,5.877472305E7,2025-09-12
I1007977,150,1.400221871E7,2025-09-01
I1007978,866,3.881640931E7,2025-10-07
I1007979,1088,4396188.42,2025-09-06
I1007980,203,2.419507957E7,2025-09-08
I1007981,1005,1.4067115066E8,2025-10-19
I1007982,425,9483722.25,2025-10-26
I1007983,570,5.036524092E7,2025-10-08
I1007984,1440,1.4834451995E8,2025-10-02
I1007985,1382,1.7075842845E8,2025-09-30
I1007986,1030,1.692705252E7,2025-10-17
I1007987,859,7.820658277E7,2025-10-07
I1007988,757,6.421353335E7,2025-10-27
I1007989,371,2.120157065E7,2025-10-03
I1007990,834,1.0464276005E8,2025-10-07
I1007991,356,4.889958308E7,2025-10-11
I1007992,1917,3.171979009E7,2025-10-13
I1007993,1371,1.7077899105E8,2025-10-26
I1007994,354,2464809.33,2025-10-14
I1007995,226,2.31545734E7,2025-09-18
I1007996,1329,4.472371753E7,2025-09-10
I1007997,103,1.174969303E7,2025-10-04
I1007998,1154,1.472246745E7,2025-09-25
I1007999,721,9.026930542E7,2025-10-30
I1008000,351,4.408332759E7,2025-09-21
I1008001,733,2.079627114E7,2025-09-04
I1008002,1164,1.6643553708E8,2025-10-18
I1008003,1308,4.371371326E7,2025-09-07
I1008004,1513,8.509698692E7,2025-10-15
I1008005,517,8397504.23,2025-10-23
I1008006,1501,1.5580657324E8,2025-09-27
I1008007,1061,9.455955306E7,2025-10-10
I1008008,1847,1.4784387273E8,2025-09-29
I1008009,1286,2.507739438E7,2025-09-06
I1008010,1116,1.3560336388E8,2025-09-21
I1008011,1388,4.463914161E7,2025-10-08
I1008012,754,8.309329035E7,2025-10-28
I1008013,157,1099529.3,2025-10-19
I1008014,1839,2.011986723E7,2025-09-26
I1008015,1996,1.4339672251E8,2025-10-01
I1008016,1041,1.3678318234E8,2025-10-25
I1008017,502,7.479818986E7,2025-09-27
I1008018,538,2.843622291E7,2025-10-01
I1008019,301,1.038782146E7,2025-10-17
I1008020,1882,6.521376352E7,2025-09-16
I1008021,314,3.475076094E7,2025-10-04
I1008022,1979,1.4438902701E8,2025-10-26
I1008023,647,7.512162363E7,2025-10-19
I1008024,1808,1.5137581493E8,2025-09-15
I1008025,427,4.437019712E7,2025-09-05
I1008026,1978,1.6663139197E8,2025-10-29
I1008027,790,8.335949312E7,2025-09-03
I1008028,960,4.647474783E7,2025-10-17
I1008029,1398,8.704790984E7,2025-09-11
I1008030,1097,1.3152995362E8,2025-10-19
I1008031,380,4567201.72,2025-10-10
I1008032,1318,8.990016496E7,2025-10-02
I1008033,1109,1.6489502252E8,2025-09-01
I1008034,1497,1.4155543533E8,2025-09-28
I1008035,1882,2.7205012938E8,2025-09-17
I1008036,1334,2.100776283E7,2025-10-15
I1008037,615,3.723753476E7,2025-10-22
I1008038,1426,5.7373468E7,2025-09-12
I1008039,245,1.635400388E7,2025-10-10
I1008040,1151,1.3353611239E8,2025-10-03
I1008041,1158,5.22389315E7,2025-10-04
I1008042,736,4.012297125E7,2025-09-02
I1008043,96,6058931.19,2025-09-02
I1008044,1406,8.450194171E7,2025-10-06
I1008045,1698,9.500321639E7,2025-09-28
I1008046,1807,1.6285489703E8,2025-10-25
I1008047,915,5.925949942E7,2025-09-14
I1008048,639,1.126949862E7,2025-10-25
I1008049,1623,5.949610304E7,2025-09-22
I1008050,868,3.241489525E7,2025-09-03
I1008051,1302,1.951053066E8,2025-10-27
I1008052,1373,6115217.52,2025-10-02
I1008053,874,1.0113617519E8,2025-10-03
I1008054,1673,2.067176783E8,2025-10-05
I1008055,218,2.921069483E7,2025-09-21
I1008056,1061,6.297533872E7,2025-10-25
I1008057,1070,5.010944108E7,2025-09-30
I1008058,1137,9.840010488E7,2025-10-14
I1008059,1392,5.518943567E7,2025-10-21
I1008060,1749,2.3298335088E8,2025-09-28
I1008061,998,2647140.96,2025-10-07
I1008062,1056,1.5217383759E8,2025-09-19
I1008063,1624,1.3956959477E8,2025-10-15
I1008064,1728,2.4952687153E8,2025-10-02
I1008065,1097,8.104011347E7,2025-10-27
I1008066,899,1.2288996167E8,2025-09-24
I1008067,371,5.177815901E7,2025-10-29
I1008068,293,1850620.4,2025-10-13
I1008069,1477,1.2589334715E8,2025-10-30
I1008070,999,1.4194052555E8,2025-09-15
I1008071,1684,8.25152053E7,2025-09-08
I1008072,580,6.648359253E7,2025-10-17
I1008073,377,3.171759612E7,2025-09-26
I1008074,1358,5.67642841E7,2025-10-16
I1008075,1390,4.926023712E7,2025-09-02
I1008076,529,2.352275018E7,2025-09-13
I1008077,1778,1.8403042835E8,2025-09-21
I1008078,568,8.093805359E7,2025-09-20
I1008079,59,4631335.53,2025-09-11
I1008080,1990,8.106271344E7,2025-10-15
I1008081,438,3.896561755E7,2025-09-27
I1008082,596,5927900.25,2025-10-05
I1008083,1538,1.23332997E8,2025-10-13
I1008084,551,7.383963967E7,2025-10-17
I1008085,1400,4465784.43,2025-10-12
I1008086,1316,7.071251195E7,2025-10-16
I1008087,261,2.901477381E7,2025-09-07
I1008088,162,7494951.81,2025-10-15
I1008089,1329,1.5849203311E8,2025-10-30
I1008090,96,2026060.91,2025-09-11
I1008091,1775,1.2507540148E8,2025-09-08
I1008092,1473,1.5248005509E8,2025-10-09
I1008093,1699,1.9536650543E8,2025-09-10
I1008094,1715,1.1165319455E8,2025-09-15
I1008095,1645,1.7438296655E8,2025-10-26
I1008096,1091,9.8346262E7,2025-10-28
I1008097,1535,1.0184202207E8,2025-10-19
I1008098,1714,1.6696478197E8,2025-10-05
I1008099,1633,1.271900974E8,2025-09-19
I1008100,1737,2.2935741065E8,2025-10-31
I1008101,1358,7897481.28,2025-09-28
I1008102,869,1.1427676548E8,2025-10-19
I1008103,594,4059921.33,2025-09-25
I1008104,1689,1613026.26,2025-10-23
I1008105,868,1.1940034638E8,2025-09-11
I1008106,991,2.468669967E7,2025-09-01
I1008107,1221,4.312232496E7,2025-10-07
I1008108,891,9.244438495E7,2025-10-06
I1008109,364,1.417971222E7,2025-09-24
I1008110,950,1.28542876E8,2025-10-04
I1008111,1313,1.0526987592E8,2025-10-26
I1008112,1473,6.028779286E7,2025-10-22
I1008113,539,3.236445173E7,2025-10-16
I1008114,299,2.453864487E7,2025-09-21
I1008115,131,985053.92,2025-10-27
I1008116,934,1.3090404215E8,2025-09-27
I1008117,879,7.67038976E7,2025-09-19
I1008118,267,2.328047345E7,2025-10-28
I1008119,73,8155603.51,2025-10-07
I1008120,1267,8919752.99,2025-09-08
I1008121,763,9.348093818E7,2025-10-31
I1008122,636,7.4110714E7,2025-10-29
I1008123,1455,3.57835622E7,2025-10-29
I1008124,1600,7.936895364E7,2025-10-30
I1008125,1050,1.2627494217E8,2025-10-15
I1008126,223,2.653851475E7,2025-10-11
I1008127,117,1.385176348E7,2025-09-20
I1008128,316,3.893937285E7,2025-09-11
I1008129,103,2701438.73,2025-10-26
I1008130,1487,1.843397445E8,2025-10-18
I1008131,1101,1.1935261332E8,2025-10-02
I1008132,653,4.007342068E7,2025-10-26
I1008133,329,2953689.69,2025-10-10
I1008134,928,1.338351236E7,2025-10-15
I1008135,627,7.984492431E7,2025-09-26
I1008136,403,3.105164981E7,2025-09-29
I1008137,1145,1.5727669602E8,2025-09-23
I1008138,904,8.715506508E7,2025-09-16
I1008139,762,9548342.2,2025-10-28
I1008140,711,2545858.74,2025-09-18
I1008141,268,7824647.38,2025-10-17
I1008142,490,1.856631463E7,2025-10-30
I1008143,296,1.228794159E7,2025-10-24
I1008144,51,5779874.05,2025-09-06
I1008145,1647,1.2655112236E8,2025-09-27
I1008146,1434,1.6624028193E8,2025-09-04
I1008147,631,3.836975148E7,2025-09-30
I1008148,1752,2.5786932321E8,2025-10-02
I1008149,1421,9.351829606E7,2025-10-11
I1008150,1740,7.963242899E7,2025-10-21
I1008151,65,5023554.31,2025-10-02
I1008152,92,765176.43,2025-10-02
I1008153,929,2.683196312E7,2025-10-21
I1008154,291,8280321.61,2025-09-01
I1008155,792,3.688837751E7,2025-09-01
I1008156,1813,2.2423936255E8,2025-10-26
I1008157,944,1751954.94,2025-10-27
I1008158,526,6.251613559E7,2025-09-13
I1008159,1962,1.5152068825E8,2025-10-17
I1008160,58,8420457.87,2025-10-17
I1008161,520,3.817653843E7,2025-10-20
I1008162,1707,2.2221346606E8,2025-09-02
I1008163,792,8.725627296E7,2025-10-22
I1008164,1396,9.973548134E7,2025-09-19
I1008165,93,6965780.59,2025-09-07
I1008166,763,5.867616724E7,2025-09-04
I1008167,76,9192848.67,2025-10-06
I1008168,475,3.577545202E7,2025-09-15
I1008169,1083,6.634221843E7,2025-09-18
I1008170,74,6925612.12,2025-09-25
I1008171,1630,9.787796889E7,2025-09-23
I1008172,616,6.24390948E7,2025-10-24
I1008173,292,3.348516711E7,2025-10-13
I1008174,201,2.97601248E7,2025-10-22
I1008175,1790,7790773.05,2025-09-18
I1008176,703,5.848829271E7,2025-09-14
I1008177,310,1382856.09,2025-10-19
I1008178,1123,1.004773414E8,2025-10-02
I1008179,1656,1.8956021931E8,2025-09-14
I1008180,1269,1.6420564894E8,2025-10-01
I1008181,1090,7.8040796E7,2025-10-08
I1008182,892,1.0537970115E8,2025-09-26
I1008183,1602,3539948.83,2025-09-26
I1008184,1411,1.4847280499E8,2025-10-30
I1008185,1401,8.297396689E7,2025-10-24
I1008186,876,9.574720287E7,2025-10-18
I1008187,392,2.147411272E7,2025-10-21
I1008188,180,2.343134303E7,2025-10-28
I1008189,98,5968575.23,2025-09-08
I1008190,192,7840801.22,2025-10-19
I1008191,923,9678995.66,2025-09-23
I1008192,837,7507571.96,2025-09-22
I1008193,635,5.208553691E7,2025-10-02
I1008194,1121,9.670620835E7,2025-09-21
I1008195,1950,2.8847200062E8,2025-10-24
I1008196,312,1.725107291E7,2025-09-12
I1008197,280,2.81659129E7,2025-09-24
I1008198,1821,2.194524273E7,2025-09-21
I1008199,493,2.092797818E7,2025-10-15
I1008200,338,1.379149881E7,2025-10-23
I1008201,1049,3.77450442E7,2025-10-14
I1008202,1622,1.0241557652E8,2025-10-16
I1008203,1979,1.7640199707E8,2025-09-19
I1008204,375,1.995934986E7,2025-10-23
I1008205,728,7.502549213E7,2025-10-11
I1008206,1174,4.623409012E7,2025-09-23
I1008207,373,3.380282585E7,2025-09-19
I1008208,1582,1.4240566121E8,2025-10-29
I1008209,439,5.832975877E7,2025-09-07
I1008210,259,2.104009864E7,2025-09-25
I1008211,83,9700807.78,2025-10-29
I1008212,1174,7.284473767E7,2025-10-26
I1008213,237,4307162.22,2025-10-27
I1008214,251,3.701969699E7,2025-10-14
I1008215,697,5.929072227E7,2025-09-25
I1008216,603,6600426.13,2025-09-02
I1008217,1576,9.249653745E7,2025-10-20
I1008218,529,6.919224788E7,2025-09-26
I1008219,453,5.779439255E7,2025-10-01
I1008220,650,7.122352278E7,2025-09-14
I1008221,1680,2.178924922E8,2025-09-23
I1008222,1177,6881363.83,2025-10-25
I1008223,156,1604548.11,2025-10-29
I1008224,348,9935342.6,2025-09-05
I1008225,1223,4.477938754E7,2025-10-31
I1008226,1933,8.982599279E7,2025-10-16
I1008227,582,6.66572268E7,2025-09-13
I1008228,1268,4.562852661E7,2025-10-20
I1008229,490,2.35224753E7,2025-10-01
I1008230,86,1863305.37,2025-09-27
I1008231,329,2.564306352E7,2025-10-16
I1008232,1278,5.994861809E7,2025-10-07
I1008233,1050,578615.85,2025-09-18
I1008234,1401,1.0396766737E8,2025-09-21
I1008235,1861,2.528028874E8,2025-10-04
I1008236,92,5694347.72,2025-10-08
I1008237,1027,4.149052759E7,2025-09-20
I1008238,753,1602321.32,2025-10-30
I1008239,1088,1.2307243671E8,2025-09-09
I1008240,1562,6.94635141E7,2025-10-06
I1008241,903,4.26463745E7,2025-09-25
I1008242,1843,1.3100123848E8,2025-09-03
I1008243,213,1.046025426E7,2025-09-05
I1008244,1331,4.941691174E7,2025-10-24
I1008245,1662,1.7345321419E8,2025-10-13
I1008246,1720,1.6671225152E8,2025-09-08
I1008247,1146,5.853670393E7,2025-10-19
I1008248,1221,4.243200218E7,2025-09-21
I1008249,1714,4.67212001E7,2025-10-01
I1008250,245,3.432786086E7,2025-10-28
I1008251,1903,1.0166273879E8,2025-09-11
I1008252,1159,6.234835489E7,2025-09-05
I1008253,1470,1.1213114619E8,2025-10-13
I1008254,1270,7.420798287E7,2025-10-31
I1008255,372,2.841292697E7,2025-10-14
I1008256,1761,1.2814427111E8,2025-10-13
I1008257,1338,1.3627215499E8,2025-10-31
I1008258,795,8.619913369E7,2025-10-09
I1008259,522,4.470148397E7,2025-09-14
I1008260,210,2.825166429E7,2025-10-22
I1008261,1146,1.0584628968E8,2025-09-04
I1008262,788,4.139933538E7,2025-09-20
I1008263,1337,1.5264051949E8,2025-10-18
I1008264,1621,1.2471033914E8,2025-09-12
I1008265,287,4626097.69,2025-10-26
I1008266,1102,1.2424598617E8,2025-09-24
I1008267,1299,1.4875761202E8,2025-10-23
I1008268,1531,3545512.05,2025-09-22
I1008269,1540,1.4967621687E8,2025-09-01
I1008270,437,2.253383864E7,2025-09-13
I1008271,608,4.860891405E7,2025-09-27
I1008272,1137,6.582352429E7,2025-09-06
I1008273,263,2.067212385E7,2025-09-22
I1008274,1482,1.9375457018E8,2025-09-28
I1008275,446,6.199937041E7,2025-09-01
I1008276,614,6.566225816E7,2025-09-11
I1008277,107,8419226.48,2025-09-10
I1008278,1997,1.3137996332E8,2025-09-16
I1008279,623,2.443453713E7,2025-09-26
I1008280,610,1893257.6,2025-10-17
I1008281,1870,6.783736349E7,2025-09-16
I1008282,1079,1.3883486886E8,2025-09-10
I1008283,631,3.338756854E7,2025-09-10
I1008284,240,7320418.16,2025-10-29
I1008285,1903,4.962481205E7,2025-09-01
I1008286,552,5.75291138E7,2025-10-26
I1008287,782,9.495634914E7,2025-10-30
I1008288,324,4.616458889E7,2025-09-15
I1008289,841,3.361943657E7,2025-10-08
I1008290,1521,1.7659848585E8,2025-10-16
I1008291,73,4926924.88,2025-10-16
I1008292,772,8.534070307E7,2025-10-18
I1008293,789,6.090548155E7,2025-10-04
I1008294,1294,6.446495245E7,2025-10-17
I1008295,351,3.754281426E7,2025-10-20
I1008296,1488,2.0586623113E8,2025-10-27
I1008297,1504,1.8680483123E8,2025-09-21
I1008298,332,4.639375702E7,2025-09-25
I1008299,1679,2.3388045626E8,2025-09-01
I1008300,1474,1.8555163243E8,2025-10-01
I1008301,389,279329.8,2025-09-13
I1008302,1473,1.6220698976E8,2025-10-12
I1008303,447,1.769625952E7,2025-09-28
I1008304,1365,8.668358019E7,2025-09-21
I1008305,479,4.034654026E7,2025-09-11
I1008306,1537,8.305913773E7,2025-09-22
I1008307,1015,6.65757959E7,2025-10-18
I1008308,1960,6.085379427E7,2025-09-08
I1008309,1308,1.3358721922E8,2025-09-14
I1008310,779,8.937029832E7,2025-09-24
I1008311,1854,2.3296422323E8,2025-10-22
I1008312,1704,3.315324952E7,2025-09-14
I1008313,288,3.837095272E7,2025-10-14
I1008314,1733,2.1514950153E8,2025-09-14
I1008315,1735,6.749159457E7,2025-09-05
I1008316,531,3.484563557E7,2025-09-22
I1008317,857,7.935102343E7,2025-09-26
I1008318,1144,4695156.28,2025-10-06
I1008319,1262,5.073135037E7,2025-10-27
I1008320,1288,1.0356126398E8,2025-10-13
I1008321,1307,1.8979529974E8,2025-09-19
I1008322,396,2.797798239E7,2025-10-03
I1008323,315,4846194.08,2025-09-07
I1008324,778,5.144761949E7,2025-09-24
I1008325,1657,2.0388273442E8,2025-10-16
I1008326,1154,1.618035604E8,2025-10-05
I1008327,1450,4.926966175E7,2025-10-24
I1008328,502,6.062216475E7,2025-10-28
I1008329,1993,8.908979714E7,2025-09-01
I1008330,142,1.580808999E7,2025-10-12
I1008331,1529,2.499373253E7,2025-10-01
I1008332,1001,9584969.6,2025-10-17
I1008333,1947,1.5784821907E8,2025-10-11
I1008334,1620,7.171718026E7,2025-09-26
I1008335,570,5.512632602E7,2025-10-26
I1008336,1140,2.242450015E7,2025-09-08
I1008337,1481,3.950772327E7,2025-10-26
I1008338,1607,1.7751157158E8,2025-09-03
I1008339,1731,3.274688695E7,2025-10-11
I1008340,1209,3.049596717E7,2025-10-05
I1008341,155,2.155307565E7,2025-10-04
I1008342,1887,1.954359894E7,2025-10-14
I1008343,1074,4.717749501E7,2025-09-11
I1008344,90,1060452.54,2025-10-01
I1008345,1238,4.800401904E7,2025-09-08
I1008346,1319,1.662815109E8,2025-09-30
I1008347,577,7.469511981E7,2025-09-09
I1008348,1396,1.9086727337E8,2025-10-26
I1008349,1799,9.556463946E7,2025-09-25
I1008350,109,1.555602732E7,2025-09-24
I1008351,1607,1.1777757874E8,2025-10-19
I1008352,1988,8.158349968E7,2025-10-30
I1008353,56,4014493.28,2025-10-11
I1008354,237,1.285362542E7,2025-09-08
I1008355,449,2.92726598E7,2025-09-13
I1008356,1228,2.383769729E7,2025-09-19
I1008357,670,3.686859895E7,2025-09-18
I1008358,838,3.389600481E7,2025-10-09
I1008359,1405,4484399.36,2025-09-27
I1008360,1941,1.6205450852E8,2025-09-18
I1008361,956,5.483766994E7,2025-09-02
I1008362,1271,6.630813547E7,2025-10-26
I1008363,1592,3.068032719E7,2025-10-29
I1008364,668,8.99809037E7,2025-09-12
I1008365,1276,8.147826712E7,2025-10-26
I1008366,1365,5.846925922E7,2025-10-09
I1008367,490,2.077212963E7,2025-10-09
I1008368,978,1.0949583507E8,2025-10-12
I1008369,1111,4.339771848E7,2025-10-10
I1008370,350,2171382.26,2025-09-28
I1008371,434,4.882693073E7,2025-09-19
I1008372,297,3.551470953E7,2025-10-22
I1008373,314,2.64660545E7,2025-09-02
I1008374,931,1.012533882E7,2025-09-20
I1008375,1176,4.041609251E7,2025-09-11
I1008376,1011,5.096927174E7,2025-09-12
I1008377,1589,2.1301333079E8,2025-10-11
I1008378,815,2.037828715E7,2025-10-13
I1008379,1216,7.244829018E7,2025-09-23
I1008380,1932,9.022609465E7,2025-09-23
I1008381,482,1560907.59,2025-10-12
I1008382,1348,1.665457568E7,2025-10-15
I1008383,890,1.0708295899E8,2025-10-02
I1008384,1539,1503797.89,2025-10-02
I1008385,862,3.16531086E7,2025-09-03
I1008386,1547,3.354462801E7,2025-09-11
I1008387,333,2.471351241E7,2025-10-27
I1008388,401,5.069190641E7,2025-09-25
I1008389,1585,1.1456021379E8,2025-09-20
I1008390,1650,8.0212238E7,2025-09-25
I1008391,1439,4.437806622E7,2025-10-26
I1008392,618,8.137461809E7,2025-10-05
I1008393,1792,1.95408715E8,2025-09-09
I1008394,1650,1.7522962818E8,2025-10-03
I1008395,1647,1.2865704258E8,2025-10-21
I1008396,605,9432476.48,2025-09-22
I1008397,61,5621727.94,2025-10-31
I1008398,1898,1.1444343739E8,2025-09-20
I1008399,1314,1511074.57,2025-10-11
I1008400,547,1.542398672E7,2025-09-27
I1008401,1261,2.136100277E7,2025-09-01
I1008402,353,2.94392053E7,2025-09-10
I1008403,723,1.107270786E7,2025-10-10
I1008404,1632,2.197003108E7,2025-10-12
I1008405,1246,5.416990442E7,2025-09-21
I1008406,1029,2.929976112E7,2025-10-16
I1008407,327,5092682.28,2025-10-19
I1008408,1863,7.140234538E7,2025-10-06
I1008409,777,8.823448169E7,2025-09-24
I1008410,101,1.459427933E7,2025-09-02
I1008411,1208,1.0439737291E8,2025-09-07
I1008412,491,4.582608725E7,2025-09-20
I1008413,1747,1.7476435955E8,2025-09-21
I1008414,1170,3.391931483E7,2025-10-02
I1008415,1741,7.821605275E7,2025-09-06
I1008416,1033,1.5469680886E8,2025-09-22
I1008417,960,1.001574094E7,2025-09-24
I1008418,1619,1.7624302883E8,2025-09-17
I1008419,778,6.317761094E7,2025-09-23
I1008420,204,2.366993703E7,2025-10-10
I1008421,623,5.451651072E7,2025-09-17
I1008422,1594,1.4093804467E8,2025-10-28
I1008423,203,1.83595515E7,2025-09-16
I1008424,950,7637811.12,2025-09-20
I1008425,1834,6.982745004E7,2025-10-14
I1008426,517,3.618200301E7,2025-10-07
I1008427,1295,1.6005403569E8,2025-09-22
I1008428,675,6.239836427E7,2025-10-17
I1008429,1494,2.2157044908E8,2025-10-29
I1008430,1879,1.4760076153E8,2025-10-09
I1008431,546,8.115429186E7,2025-09-07
I1008432,1817,1.3079993881E8,2025-09-06
I1008433,75,3740235.76,2025-10-07
I1008434,213,2.036535881E7,2025-10-29
I1008435,302,3.731593865E7,2025-09-19
I1008436,686,6.435830324E7,2025-10-18
I1008437,1837,2.3513180056E8,2025-09-25
I1008438,692,9.887445124E7,2025-09-04
I1008439,1002,4.275585396E7,2025-10-11
I1008440,1228,1.6638366193E8,2025-09-25
I1008441,1436,2.446645703E7,2025-09-13
I1008442,421,5.028171715E7,2025-09-17
I1008443,568,6.086173728E7,2025-09-25
I1008444,1414,4.992751188E7,2025-09-24
I1008445,365,5.446859671E7,2025-09-08
I1008446,1923,4.833481012E7,2025-09-27
I1008447,694,4.600535292E7,2025-09-24
I1008448,1896,2.7049237685E8,2025-09-11
I1008449,522,7.03753053E7,2025-10-24
I1008450,836,7.820126712E7,2025-10-26
I1008451,1576,9.850170566E7,2025-09-04
I1008452,379,1.128275275E7,2025-09-19
I1008453,1229,5.273501848E7,2025-10-18
I1008454,1714,1.7952134986E8,2025-09-07
I1008455,1769,1.8415944388E8,2025-10-04
I1008456,789,4.662727698E7,2025-09-06
I1008457,1518,1.6533369102E8,2025-10-09
I1008458,953,1.0413256786E8,2025-10-13
I1008459,479,5.143504266E7,2025-10-18
I1008460,1854,4529667.29,2025-10-04
I1008461,249,7758415.4,2025-10-24
I1008462,988,1.3537850598E8,2025-10-26
I1008463,1711,1.3300692919E8,2025-10-11
I1008464,1519,1.5809803999E8,2025-09-13
I1008465,1716,1.4623983544E8,2025-09-08
I1008466,957,1.3974401591E8,2025-10-03
I1008467,845,1.0535143672E8,2025-10-23
I1008468,1192,7.095635397E7,2025-10-16
I1008469,1914,1.5997820776E8,2025-09-04
I1008470,1087,1.1523600136E8,2025-09-10
I1008471,1415,2.195881657E7,2025-09-04
I1008472,1232,9.291772315E7,2025-09-11
I1008473,105,1.240937645E7,2025-10-01
I1008474,262,3.525945351E7,2025-09-08
I1008475,1363,4.722436987E7,2025-09-20
I1008476,213,3.108917085E7,2025-09-27
I1008477,1218,8.13557707E7,2025-09-03
I1008478,270,4206639.12,2025-09-11
I1008479,1524,2.202586325E8,2025-10-11
I1008480,1985,1.8234776485E8,2025-10-03
I1008481,1813,1.967758584E7,2025-09-05
I1008482,698,9.897958441E7,2025-09-27
I1008483,61,2338959.65,2025-09-12
I1008484,406,4.013695315E7,2025-10-13
I1008485,816,1.201284158E8,2025-09-18
I1008486,627,8.859141608E7,2025-10-02
I1008487,687,1.0138374225E8,2025-09-10
I1008488,867,1.599444518E7,2025-09-18
I1008489,264,1.918338834E7,2025-09-14
I1008490,73,2443242.25,2025-09-07
I1008491,1749,9.591396561E7,2025-10-25
I1008492,247,1.839553157E7,2025-10-12
I1008493,1934,2.0662201377E8,2025-09-02
I1008494,1989,2.5180871738E8,2025-09-16
I1008495,1747,2.0043008488E8,2025-10-28
I1008496,174,491591.94,2025-09-10
I1008497,504,1.193159386E7,2025-09-05
I1008498,1978,1.0750509117E8,2025-09-09
I1008499,1042,1.226935836E7,2025-09-28
I1008500,1216,6.218600777E7,2025-09-12
I1008501,894,5.872164943E7,2025-09-02
I1008502,317,1.021418364E7,2025-09-13
I1008503,1650,2.0470394509E8,2025-09-21
I1008504,1810,1.5255654361E8,2025-09-22
I1008505,924,1.2457029894E8,2025-09-21
I1008506,1202,1.3010017703E8,2025-10-02
I1008507,304,2.764911727E7,2025-10-29
I1008508,991,7.164124737E7,2025-10-06
I1008509,219,1.604154504E7,2025-10-13
I1008510,634,8.261878272E7,2025-09-20
I1008511,1284,1.2731188037E8,2025-09-14
I1008512,1533,7.229351266E7,2025-09-11
I1008513,1767,2.158528567E7,2025-10-24
I1008514,1038,3359669.91,2025-10-13
I1008515,727,4.897347549E7,2025-10-22
I1008516,415,5.718707915E7,2025-10-11
I1008517,363,4.829224395E7,2025-10-13
I1008518,1981,2.1640391665E8,2025-09-29
I1008519,1518,9.926178345E7,2025-09-02
I1008520,1002,7.367100493E7,2025-10-26
I1008521,100,1.385837298E7,2025-09-01
I1008522,491,2.288625802E7,2025-09-30
I1008523,727,3.454737037E7,2025-09-07
I1008524,1278,3615345.84,2025-10-28
I1008525,825,1.1630548456E8,2025-09-07
I1008526,1431,1.2659674117E8,2025-10-17
I1008527,1047,4.815375373E7,2025-10-27
I1008528,441,6.34743281E7,2025-09-11
I1008529,249,2.416937083E7,2025-10-10
I1008530,1479,5.199024459E7,2025-09-14
I1008531,227,5596966.38,2025-10-12
I1008532,1377,4.279358266E7,2025-09-01
I1008533,759,2.826014408E7,2025-10-27
I1008534,162,3015160.62,2025-10-29
I1008535,1253,1.1579198605E8,2025-09-26
I1008536,1948,2.3134076478E8,2025-10-27
I1008537,526,9648325.69,2025-09-30
I1008538,122,4480670.13,2025-09-11
I1008539,1509,2.406779844E7,2025-09-30
I1008540,292,1093376.26,2025-10-22
I1008541,140,1.275159077E7,2025-10-28
I1008542,1279,4.931178322E7,2025-10-28
I1008543,78,1.034279238E7,2025-10-08
I1008544,1725,2.352107744E8,2025-10-12
I1008545,1242,1.5452826025E8,2025-10-10
I1008546,1457,842478.48,2025-09-09
I1008547,1596,1.4524589524E8,2025-10-08
I1008548,1936,1.2420032284E8,2025-10-05
I1008549,1257,5.568916547E7,2025-09-15
I1008550,497,3.903492432E7,2025-10-27
I1008551,227,3.21727169E7,2025-09-12
I1008552,1946,2.7723354843E8,2025-09-07
I1008553,1589,2.2077429879E8,2025-09-17
I1008554,1957,1.6011819599E8,2025-09-25
I1008555,554,7.845404946E7,2025-10-03
I1008556,582,7.294652028E7,2025-10-07
I1008557,1257,1.3605635418E8,2025-10-01
I1008558,1830,2.0630866517E8,2025-09-04
I1008559,154,1.122912625E7,2025-09-07
I1008560,564,3.470166187E7,2025-10-30
I1008561,1458,1.240747545E8,2025-10-06
I1008562,276,3.086153345E7,2025-10-15
I1008563,1098,9.416733227E7,2025-09-06
I1008564,319,1491455.56,2025-10-04
I1008565,1374,3.755002255E7,2025-09-07
I1008566,752,9.573298703E7,2025-10-13
I1008567,1273,1.600918746E7,2025-09-23
I1008568,756,1.003251507E7,2025-09-25
I1008569,857,8.852818709E7,2025-10-25
I1008570,1056,5.589493677E7,2025-10-27
I1008571,1349,1.057861527E8,2025-09-26
I1008572,565,8.100424811E7,2025-10-23
I1008573,170,1.846433524E7,2025-09-01
I1008574,1965,9.887710252E7,2025-10-09
I1008575,1456,5.333091486E7,2025-10-18
I1008576,1581,1.8229011328E8,2025-09-05
I1008577,1573,1.9068155016E8,2025-09-07
I1008578,552,1.937008618E7,2025-10-16
I1008579,553,7.748284126E7,2025-10-28
I1008580,106,1.14400791E7,2025-09-24
I1008581,331,2.959117941E7,2025-10-16
I1008582,1172,1.1055343228E8,2025-10-14
I1008583,142,1881831.03,2025-09-12
I1008584,113,1.606130727E7,2025-09-02
I1008585,54,6943968.34,2025-09-09
I1008586,62,4608034.02,2025-10-15
I1008587,1396,1.7615173458E8,2025-10-07
I1008588,1247,1.8369021084E8,2025-10-02
I1008589,780,9.70211862E7,2025-10-10
I1008590,1044,7.296961781E7,2025-09-10
I1008591,1291,1.4161041066E8,2025-09-27
I1008592,902,1.2223106614E8,2025-10-17
I1008593,1060,3.082304308E7,2025-09-13
I1008594,1942,1.9847571858E8,2025-09-14
I1008595,1433,1.9320179572E8,2025-09-26
I1008596,417,3.271040872E7,2025-10-26
I1008597,1122,8.393766974E7,2025-09-18
I1008598,1433,5.202852719E7,2025-10-09
I1008599,722,4.232135551E7,2025-09-26
I1008600,1665,1.2425878622E8,2025-10-17
I1008601,1677,1.508068835E8,2025-10-02
I1008602,1171,1.1203835492E8,2025-10-24
I1008603,1121,3674841.69,2025-09-25
I1008604,442,649028.52,2025-09-29
I1008605,1596,1.087674265E8,2025-09-13
I1008606,830,2.932796671E7,2025-09-22
I1008607,53,2494754.74,2025-09-18
I1008608,100,6941022.67,2025-09-23
I1008609,1204,1.3785130819E8,2025-10-29
I1008610,397,3.382736381E7,2025-10-04
I1008611,68,6437128.14,2025-10-20
I1008612,620,4.737913888E7,2025-10-29
I1008613,215,9366433.51,2025-10-07
I1008614,1770,1.881565463E7,2025-10-07
I1008615,310,2934333.13,2025-09-06
I1008616,592,3.299868283E7,2025-09-08
I1008617,979,1.2906553386E8,2025-10-23
I1008618,1726,9.141383875E7,2025-09-01
I1008619,648,2.59035292E7,2025-09-09
I1008620,1842,2.228621972E7,2025-10-24
I1008621,1025,6731469.01,2025-09-23
I1008622,1897,6.470756437E7,2025-09-19
I1008623,1382,4.681206777E7,2025-10-25
I1008624,470,6.43935145E7,2025-10-23
I1008625,318,3.116899013E7,2025-09-27
I1008626,1205,1.5638632947E8,2025-09-10
I1008627,240,2.933642292E7,2025-09-13
I1008628,1618,8.512309318E7,2025-10-22
I1008629,285,3.088029943E7,2025-09-26
I1008630,1491,1.4384331827E8,2025-10-22
I1008631,1335,7.669219199E7,2025-09-18
I1008632,1509,5.771728433E7,2025-09-14
I1008633,1755,2.0633444457E8,2025-09-12
I1008634,1020,7.398339508E7,2025-09-19
I1008635,1926,3.873977989E7,2025-09-24
I1008636,1453,7.626255985E7,2025-09-06
I1008637,1275,1.2579782815E8,2025-10-24
I1008638,1691,1.8572250782E8,2025-10-31
I1008639,1448,5.496162917E7,2025-10-08
I1008640,1018,2.559410676E7,2025-09-02
I1008641,938,6.230320624E7,2025-09-19
I1008642,1351,1.0981013831E8,2025-10-01
I1008643,295,1.004991957E7,2025-10-16
I1008644,258,1.712809095E7,2025-10-27
I1008645,538,3.843314575E7,2025-09-30
I1008646,623,2.694133543E7,2025-10-08
I1008647,1153,3888534.28,2025-09-11
I1008648,691,4.73704526E7,2025-09-16
I1008649,1875,1.6309541587E8,2025-10-24
I1008650,1516,7.216666222E7,2025-09-04
I1008651,1699,2.2292511276E8,2025-10-16
I1008652,1188,4.366400855E7,2025-10-26
I1008653,1143,4.851520653E7,2025-10-11
I1008654,1529,6.139060035E7,2025-10-10
I1008655,1030,8.721170794E7,2025-09-05
I1008656,188,1.290864287E7,2025-10-17
I1008657,565,6.92549823E7,2025-09-03
I1008658,657,2.527432597E7,2025-10-02
I1008659,931,3.760021172E7,2025-09-17
I1008660,218,3781333.24,2025-10-07
I1008661,1145,1.003861017E7,2025-10-31
I1008662,507,5.038653098E7,2025-10-07
I1008663,893,6.667661282E7,2025-09-11
I1008664,1584,1.6807880843E8,2025-09-29
I1008665,679,6.534577184E7,2025-09-24
I1008666,1732,2.5247599268E8,2025-09-05
I1008667,1651,2.868586598E7,2025-09-12
I1008668,1417,5793102.56,2025-09-06
I1008669,425,1.355701429E7,2025-10-25
I1008670,1894,1.964443351E8,2025-09-12
I1008671,1533,1.2080821831E8,2025-09-09
I1008672,1826,1.6861721601E8,2025-09-20
I1008673,1449,1.896284333E8,2025-10-08
I1008674,786,5.093247235E7,2025-10-11
I1008675,321,1.304596551E7,2025-09-20
I1008676,1077,1.4218964327E8,2025-09-10
I1008677,1645,3.509612503E7,2025-09-09
I1008678,414,1.260825817E7,2025-09-29
I1008679,1430,1.9315097493E8,2025-10-17
I1008680,1434,1.3946122904E8,2025-10-12
I1008681,460,5.37397324E7,2025-10-25
I1008682,1336,1.4732499612E8,2025-09-03
I1008683,570,5.486023553E7,2025-10-06
I1008684,1664,2.0578996221E8,2025-10-01
I1008685,1596,1.7515616969E8,2025-09-12
I1008686,208,1.25719677E7,2025-10-01
I1008687,424,1.778938418E7,2025-09-30
I1008688,232,1.961605776E7,2025-10-06
I1008689,1182,4.270166765E7,2025-09-04
I1008690,485,7.157173201E7,2025-10-19
I1008691,1122,7.361179745E7,2025-09-13
I1008692,544,3.31940773E7,2025-09-16
I1008693,96,109090.67,2025-10-01
I1008694,1317,7.754996093E7,2025-09-18
I1008695,960,1.4353915927E8,2025-09-09
I1008696,1913,1.6777406417E8,2025-09-09
I1008697,381,4.741267674E7,2025-10-11
I1008698,586,7.695910556E7,2025-10-10
I1008699,1169,9.573898097E7,2025-10-16
I1008700,1823,2.2046075253E8,2025-10-11
I1008701,1943,1.5552744023E8,2025-09-16
I1008702,1951,2.393061748E8,2025-09-08
I1008703,438,6.044232199E7,2025-10-27
I1008704,391,3.799764325E7,2025-09-23
I1008705,440,669997.65,2025-10-27
I1008706,831,1.0724993173E8,2025-09-26
I1008707,432,3.867418936E7,2025-09-23
I1008708,1131,9.143489752E7,2025-09-18
I1008709,118,1.583959453E7,2025-09-18
I1008710,1828,1.8284921661E8,2025-10-22
I1008711,1446,1.5057670449E8,2025-10-22
I1008712,898,1.0323809984E8,2025-10-05
I1008713,1528,1.426422744E7,2025-10-05
I1008714,1369,1.1741940972E8,2025-10-29
I1008715,1769,4.225614067E7,2025-10-22
I1008716,687,1.449010381E7,2025-10-28
I1008717,1984,2.2020625598E8,2025-10-31
I1008718,862,4.258228551E7,2025-09-06
I1008719,1464,1.5090325334E8,2025-10-08
I1008720,410,2.407482637E7,2025-10-16
I1008721,1456,1.248713188E8,2025-10-05
I1008722,112,798470.89,2025-10-08
I1008723,1623,1.598838387E7,2025-10-21
I1008724,769,7.398516413E7,2025-10-12
I1008725,990,5.550262304E7,2025-09-16
I1008726,980,4.173070371E7,2025-09-02
I1008727,279,1.129679478E7,2025-09-07
I1008728,1908,3.422000526E7,2025-10-28
I1008729,1060,1.1802235948E8,2025-10-21
I1008730,831,7.119249901E7,2025-10-07
I1008731,1546,1.2600784478E8,2025-10-09
I1008732,985,1.3511914466E8,2025-10-11
I1008733,591,7600528.92,2025-09-10
I1008734,1087,9.141829024E7,2025-09-12
I1008735,805,9.70279441E7,2025-10-26
I1008736,1508,6.869941903E7,2025-10-22
I1008737,622,7.546335697E7,2025-10-14
I1008738,1798,1.8371841561E8,2025-10-05
I1008739,695,1.269017256E7,2025-09-04
I1008740,518,4.32076266E7,2025-10-21
I1008741,1628,1.7524805528E8,2025-09-20
I1008742,594,4.194780273E7,2025-09-09
I1008743,1143,8.55620258E7,2025-10-01
I1008744,228,2.379711442E7,2025-10-13
I1008745,1762,2.0128353728E8,2025-10-15
I1008746,1578,1.0491050105E8,2025-09-13
I1008747,1571,1.4656982843E8,2025-09-15
I1008748,1063,6.992482115E7,2025-09-03
I1008749,1951,9300821.91,2025-09-29
I1008750,1042,1.2625259747E8,2025-09-09
I1008751,221,2.11456738E7,2025-09-14
I1008752,1561,2.291906948E8,2025-10-29
I1008753,530,3.246310959E7,2025-09-16
I1008754,1859,1.487084659E7,2025-10-03
I1008755,673,5.370143668E7,2025-10-02
I1008756,1847,2.5281993613E8,2025-09-29
I1008757,1578,2.2536296368E8,2025-09-21
I1008758,1651,1748173.96,2025-10-20
I1008759,92,4040014.99,2025-09-24
I1008760,593,6.707273873E7,2025-09-22
I1008761,588,6.96419725E7,2025-09-09
I1008762,647,3264593.32,2025-09-01
I1008763,1147,6.932168325E7,2025-09-29
I1008764,69,5276208.24,2025-09-10
I1008765,1341,2.17007746E7,2025-09-08
I1008766,1505,4.118625132E7,2025-09-16
I1008767,208,2.590697232E7,2025-09-28
I1008768,281,2.235681879E7,2025-10-20
I1008769,1675,2.0974987452E8,2025-10-01
I1008770,1215,8.796772946E7,2025-09-28
I1008771,758,5.645500901E7,2025-10-26
I1008772,1842,1.0796791164E8,2025-09-01
I1008773,430,3.112718934E7,2025-10-03
I1008774,1441,1.3903915381E8,2025-09-13
I1008775,1953,1.1161430568E8,2025-10-19
I1008776,1552,1.9610639948E8,2025-10-04
I1008777,607,8.029981933E7,2025-10-08
I1008778,1679,1.224138123E8,2025-10-09
I1008779,1384,1.4803951805E8,2025-10-17
I1008780,514,3.409627018E7,2025-10-28
I1008781,1066,1.1791263132E8,2025-10-13
I1008782,158,1.805316537E7,2025-10-23
I1008783,656,8.163029776E7,2025-10-14
I1008784,1728,2.3832974966E8,2025-10-18
I1008785,601,6.462473436E7,2025-10-29
I1008786,816,2.613608595E7,2025-10-24
I1008787,1909,2.631779749E8,2025-10-01
I1008788,938,4.78197081E7,2025-10-01
I1008789,989,9686276.27,2025-10-27
I1008790,1812,1.1475986689E8,2025-09-27
I1008791,1902,2.745381494E8,2025-10-24
I1008792,104,9525169.75,2025-10-16
I1008793,929,5352069.23,2025-09-28
I1008794,1367,1.8925704515E8,2025-09-27
I1008795,358,3.19934422E7,2025-10-13
I1008796,1145,1.1810068961E8,2025-10-03
I1008797,443,5.606842808E7,2025-10-09
I1008798,1324,1.7883461349E8,2025-10-14
I1008799,101,1.365609537E7,2025-09-17
I1008800,1805,2.5235406355E8,2025-10-24
I1008801,1105,4.620626538E7,2025-10-31
I1008802,606,423927.19,2025-10-04
I1008803,1443,1.25284702E8,2025-09-24
I1008804,793,2.324474378E7,2025-09-06
I1008805,1274,1.2685226282E8,2025-09-08
I1008806,290,1.922245802E7,2025-09-09
I1008807,210,1.29754832E7,2025-09-16
I1008808,579,8.006707699E7,2025-10-01
I1008809,1729,2.4168655217E8,2025-10-26
I1008810,669,4.220514509E7,2025-10-01
I1008811,825,1.1718613406E8,2025-10-02
I1008812,1601,4.154291807E7,2025-10-05
I1008813,212,1.508918083E7,2025-10-08
I1008814,1939,4.840057921E7,2025-09-24
I1008815,545,1868441.43,2025-10-19
I1008816,1419,1.9527843152E8,2025-09-16
I1008817,1424,1.4721482485E8,2025-09-09
I1008818,1928,6634445.83,2025-10-10
I1008819,397,4.260961352E7,2025-09-17
I1008820,425,3.142473611E7,2025-09-05
I1008821,1717,1.9875093833E8,2025-10-28
I1008822,247,2.353370458E7,2025-09-28
I1008823,1187,5.015455825E7,2025-09-01
I1008824,547,6.863195166E7,2025-10-21
I1008825,1564,4.780826089E7,2025-09-07
I1008826,1343,1.6492628855E8,2025-10-07
I1008827,1391,1.8742304048E8,2025-10-12
I1008828,1422,7.425222498E7,2025-09-01
I1008829,616,4.945392288E7,2025-09-06
I1008830,1662,1.7060552322E8,2025-09-14
I1008831,341,1.609271855E7,2025-10-12
I1008832,809,1.0817249361E8,2025-10-29
I1008833,1847,2.5819333209E8,2025-10-06
I1008834,1369,7.358837364E7,2025-09-29
I1008835,287,3.478929936E7,2025-10-18
I1008836,714,3.948865366E7,2025-10-06
I1008837,963,1.621096945E7,2025-10-22
I1008838,1873,1.0327819383E8,2025-09-12
I1008839,956,1.2510251596E8,2025-10-27
I1008840,1330,5.478515053E7,2025-10-07
I1008841,1919,1.4843217534E8,2025-09-22
I1008842,1292,7.108329166E7,2025-10-09
I1008843,99,1.316671118E7,2025-10-15
I1008844,1265,1.3781627537E8,2025-10-22
I1008845,1066,1.230078997E7,2025-10-21
I1008846,1689,1.5851432079E8,2025-09-15
I1008847,752,8.608029405E7,2025-10-30
I1008848,1029,9.974560648E7,2025-10-06
I1008849,1120,1.0799702343E8,2025-09-02
I1008850,1657,9.881668619E7,2025-10-24
I1008851,239,2.360322554E7,2025-09-30
I1008852,1722,2.518774311E7,2025-10-15
I1008853,1212,2.384674487E7,2025-10-26
I1008854,1158,1.3110891942E8,2025-10-15
I1008855,579,4.540162905E7,2025-10-08
I1008856,1128,1.5470667715E8,2025-09-03
I1008857,753,9.343392246E7,2025-10-05
I1008858,237,3.1520085E7,2025-09-16
I1008859,87,9569631.25,2025-10-21
I1008860,1084,3.015194741E7,2025-10-05
I1008861,539,4712790.8,2025-10-29
I1008862,831,9.343356466E7,2025-10-01
I1008863,1551,9.733064669E7,2025-10-26
I1008864,470,3.470047471E7,2025-10-20
I1008865,1366,1.1827877308E8,2025-10-17
I1008866,1622,1.7908517895E8,2025-09-28
I1008867,1933,1.5658465709E8,2025-10-03
I1008868,1217,9117846.33,2025-10-28
I1008869,931,9849279.07,2025-10-13
I1008870,181,7320820.55,2025-10-07
I1008871,951,5.728338088E7,2025-09-25
I1008872,1721,5.112317074E7,2025-09-06
I1008873,308,1.906698583E7,2025-09-15
I1008874,210,1.706989183E7,2025-10-19
I1008875,844,1.31612234E7,2025-09-15
I1008876,1264,1.5437222805E8,2025-10-25
I1008877,557,1.151349656E7,2025-09-29
I1008878,689,6.823502717E7,2025-09-17
I1008879,197,2.906007387E7,2025-10-24
I1008880,314,1.646104014E7,2025-10-28
I1008881,389,1547641.19,2025-10-14
I1008882,285,3.682522069E7,2025-09-05
I1008883,1642,1.027702799E7,2025-09-23
I1008884,814,4.870891595E7,2025-10-26
I1008885,1074,9.330721817E7,2025-10-30
I1008886,1098,1.3729550605E8,2025-09-26
I1008887,634,5.496147255E7,2025-09-14
I1008888,1945,5.798681186E7,2025-10-20
I1008889,1700,1.7131278848E8,2025-10-11
I1008890,1141,1.6725117979E8,2025-09-29
I1008891,1313,1.5261039138E8,2025-10-23
I1008892,76,4395725.25,2025-10-03
I1008893,90,1.291820599E7,2025-10-17
I1008894,518,5.775194217E7,2025-09-02
I1008895,893,1.1008861515E8,2025-10-20
I1008896,102,7071672.96,2025-10-15
I1008897,108,1.398068355E7,2025-09-25
I1008898,534,1.178918577E7,2025-09-18
I1008899,1602,1.2789858887E8,2025-09-01
I1008900,591,3.20581117E7,2025-10-05
I1008901,640,2.699870647E7,2025-10-06
I1008902,1560,2.2261144688E8,2025-09-14
I1008903,997,1.2112744936E8,2025-09-26
I1008904,920,7.114521518E7,2025-10-16
I1008905,616,5639604.58,2025-09-12
I1008906,532,7.168408034E7,2025-10-21
I1008907,835,1.0344604096E8,2025-09-30
I1008908,842,1.1677384736E8,2025-09-23
I1008909,1785,2.2865498971E8,2025-10-02
I1008910,1831,1.3527131731E8,2025-10-20
I1008911,1230,1.2097421394E8,2025-10-07
I1008912,1692,9.938380973E7,2025-10-10
I1008913,760,5.076134812E7,2025-10-10
I1008914,633,6.492959352E7,2025-10-17
I1008915,797,6.749471317E7,2025-10-04
I1008916,1599,2.1174304163E8,2025-09-04
I1008917,1646,6.467290552E7,2025-09-26
I1008918,1269,4.288633175E7,2025-09-06
I1008919,510,5.377164964E7,2025-09-23
I1008920,1652,9870404.41,2025-10-29
I1008921,1793,2.544506443E8,2025-09-22
I1008922,1209,4.942235525E7,2025-10-12
I1008923,1636,7.984411596E7,2025-10-13
I1008924,1221,2.609400399E7,2025-10-24
I1008925,1095,4.704689233E7,2025-10-22
I1008926,1664,1.0336704856E8,2025-10-29
I1008927,647,1.518104924E7,2025-10-20
I1008928,1312,7.7081099E7,2025-10-21
I1008929,1556,1.5579728791E8,2025-10-26
I1008930,288,2.441379744E7,2025-09-11
I1008931,1479,1.995669122E8,2025-09-18
I1008932,293,3652447.18,2025-10-02
I1008933,850,4.001067224E7,2025-10-26
I1008934,77,5074082.93,2025-09-02
I1008935,476,4.18215615E7,2025-10-12
I1008936,1252,1.1327160887E8,2025-09-11
I1008937,1432,2.297452956E7,2025-10-30
I1008938,1666,8.846917782E7,2025-10-19
I1008939,802,9.381586447E7,2025-09-04
I1008940,262,1031955.14,2025-09-19
I1008941,635,6.421811581E7,2025-09-28
I1008942,1789,8.171394139E7,2025-10-05
I1008943,1054,7.172966584E7,2025-09-20
I1008944,1316,1.0994954122E8,2025-10-12
I1008945,1470,7.495252238E7,2025-09-25
I1008946,1799,8.870700776E7,2025-09-21
I1008947,1994,2.1677731576E8,2025-09-02
I1008948,1886,1.9451060193E8,2025-09-22
I1008949,997,1.093389074E7,2025-10-29
I1008950,976,4.199358489E7,2025-10-20
I1008951,1759,3.124633911E7,2025-10-06
I1008952,605,2.672273073E7,2025-09-30
I1008953,891,5.50771186E7,2025-10-29
I1008954,262,2.319663724E7,2025-10-28
I1008955,668,4.379626495E7,2025-09-11
I1008956,913,1.156760546E8,2025-09-30
I1008957,1418,1.1384628454E8,2025-10-25
I1008958,459,6.044847926E7,2025-09-12
I1008959,987,1.1296086922E8,2025-10-18
I1008960,963,1.3742237941E8,2025-09-04
I1008961,1713,1.3687747132E8,2025-09-17
I1008962,1146,3.65637427E7,2025-10-18
I1008963,106,1.159453822E7,2025-09-14
I1008964,605,5.84646109E7,2025-09-29
I1008965,62,6040056.12,2025-09-05
I1008966,798,9.320406035E7,2025-09-02
I1008967,979,1.3182986875E8,2025-10-17
I1008968,1644,2.0970243691E8,2025-09-25
I1008969,953,1.0038052919E8,2025-10-15
I1008970,66,3665494.09,2025-10-08
I1008971,1989,1.223207168E7,2025-09-18
I1008972,87,5395271.39,2025-09-17
I1008973,677,6.772195888E7,2025-09-23
I1008974,1378,1.2796111266E8,2025-09-15
I1008975,74,1.037589069E7,2025-09-16
I1008976,1820,8.088621916E7,2025-10-26
I1008977,471,5.625758751E7,2025-09-08
I1008978,1529,2.048280453E8,2025-09-23
I1008979,1621,1.246668577E8,2025-10-01
I1008980,887,8.133085908E7,2025-09-21
I1008981,1931,5.424502694E7,2025-09-19
I1008982,1501,2.1461516288E8,2025-09-30
I1008983,1251,1.463383069E8,2025-09-23
I1008984,335,3.487587291E7,2025-09-19
I1008985,99,1853135.53,2025-10-17
I1008986,1349,1.7598013051E8,2025-10-26
I1008987,1397,9.670175541E7,2025-09-22
I1008988,104,9896833.12,2025-09-10
I1008989,146,7345768.43,2025-10-01
I1008990,786,1.0411494385E8,2025-09-09
I1008991,1715,1.4605647001E8,2025-09-13
I1008992,847,1.0030206213E8,2025-10-10
I1008993,1556,1.1884854982E8,2025-09-23
I1008994,1786,9.269811031E7,2025-10-06
I1008995,1536,1.8508368628E8,2025-10-10
I1008996,702,1.728526621E7,2025-10-13
I1008997,673,3.529609972E7,2025-10-06
I1008998,829,6.304534434E7,2025-09-10
I1008999,661,9.031381519E7,2025-09-13
I1009000,1001,6.473116522E7,2025-10-19
I1009001,982,4.969823763E7,2025-10-21
I1009002,863,3.766870355E7,2025-09-26
I1009003,801,2.904064803E7,2025-10-24
I1009004,747,7.158815258E7,2025-10-25
I1009005,202,2491430.48,2025-10-13
I1009006,1984,9.230946404E7,2025-09-27
I1009007,166,285223.84,2025-10-22
I1009008,91,7368090.64,2025-09-25
I1009009,1749,1.5418415217E8,2025-09-03
I1009010,978,5716060.51,2025-09-06
I1009011,482,1894849.07,2025-09-11
I1009012,225,3179567.41,2025-09-02
I1009013,111,2787539.36,2025-10-22
I1009014,526,2.629513908E7,2025-09-20
I1009015,58,1874047.21,2025-09-18
I1009016,227,4695141.01,2025-09-01
I1009017,2000,1.5503796488E8,2025-10-26
I1009018,1897,2.6123879926E8,2025-10-27
I1009019,54,333002.41,2025-10-05
I1009020,1812,2.591642868E8,2025-09-03
I1009021,1361,6284794.35,2025-09-09
I1009022,1152,1.4923860631E8,2025-09-29
I1009023,1006,1.4226514254E8,2025-10-30
I1009024,1310,1.0878225188E8,2025-10-21
I1009025,981,3.681091862E7,2025-09-22
I1009026,237,3.324503033E7,2025-09-23
I1009027,501,5.136310184E7,2025-09-21
I1009028,1956,1.7990474058E8,2025-10-19
I1009029,1820,8.16362123E7,2025-10-24
I1009030,617,2.221016307E7,2025-09-21
I1009031,235,7921369.21,2025-09-22
I1009032,1115,6.739599796E7,2025-09-08
I1009033,1604,851625.86,2025-09-12
I1009034,1334,1.2115623171E8,2025-10-10
I1009035,1792,2.1236879352E8,2025-09-17
I1009036,275,3.789253488E7,2025-10-01
I1009037,1459,2.062274688E8,2025-09-14
I1009038,1043,1.1784398394E8,2025-09-18
I1009039,1553,3.895302657E7,2025-10-27
I1009040,1836,1.0894295169E8,2025-10-02
I1009041,1309,1.6187651238E8,2025-09-22
I1009042,1985,3.097420758E7,2025-10-10
I1009043,476,5.570516293E7,2025-09-29
I1009044,699,1.968907672E7,2025-09-28
I1009045,1988,1.1471148901E8,2025-09-11
I1009046,1747,2.4375931195E8,2025-10-05
I1009047,1810,1.6717423579E8,2025-09-19
I1009048,1154,1.440116628E7,2025-09-24
I1009049,901,8.091475689E7,2025-10-05
I1009050,1556,1.6674169233E8,2025-10-29
I1009051,493,2.331441384E7,2025-09-15
I1009052,522,5.612901128E7,2025-10-25
I1009053,1903,7.456754985E7,2025-10-03
I1009054,983,7.194336526E7,2025-10-28
I1009055,1707,1.2172092525E8,2025-09-06
I1009056,1681,1.1269672281E8,2025-10-13
I1009057,1462,1.1596022644E8,2025-09-09
I1009058,1148,1.7082345901E8,2025-10-30
I1009059,738,2.341607883E7,2025-10-03
I1009060,1761,2.2387123167E8,2025-10-23
I1009061,1271,9.057696271E7,2025-10-18
I1009062,205,2.708149011E7,2025-09-18
I1009063,1644,5.196114878E7,2025-10-10
I1009064,1850,2.0600406056E8,2025-09-05
I1009065,1337,1.1145943317E8,2025-10-01
I1009066,1560,2.33479121E7,2025-10-24
I1009067,1767,6.676349433E7,2025-10-19
I1009068,1363,1.9263091239E8,2025-10-30
I1009069,1046,2.332038463E7,2025-09-05
I1009070,1415,1.1762055359E8,2025-10-14
I1009071,923,9.781142797E7,2025-10-18
I1009072,1288,1.108626204E8,2025-10-19
I1009073,309,1111055.15,2025-09-19
I1009074,1219,1.4777067819E8,2025-10-02
I1009075,715,6.679265816E7,2025-10-03
I1009076,735,9.348661217E7,2025-10-01
I1009077,466,3.447474447E7,2025-10-15
I1009078,1154,1.2943974617E8,2025-10-18
I1009079,943,5.798776306E7,2025-09-30
I1009080,1772,2.906814125E7,2025-10-05
I1009081,739,4.839341633E7,2025-09-12
I1009082,598,2.949878293E7,2025-10-16
I1009083,1315,2.814283793E7,2025-09-11
I1009084,213,2.749128041E7,2025-10-10
I1009085,795,3.61159452E7,2025-10-05
I1009086,1781,1.4068563636E8,2025-10-10
I1009087,1404,4.566488152E7,2025-10-03
I1009088,1331,2.884013223E7,2025-10-26
I1009089,702,2.941200286E7,2025-10-01
I1009090,294,1.016259832E7,2025-10-11
I1009091,1890,1.635175094E7,2025-09-01
I1009092,605,5.834030617E7,2025-10-07
I1009093,1366,1.9977495995E8,2025-10-19
I1009094,1429,1.6038319888E8,2025-10-24
I1009095,700,7.977898898E7,2025-09-02
I1009096,740,9.678522554E7,2025-10-23
I1009097,1784,2.3653579152E8,2025-10-06
I1009098,198,2.266326687E7,2025-09-23
I1009099,397,2.23772012E7,2025-09-08
I1009100,1403,8.359171814E7,2025-09-06
I1009101,1889,1.2182406879E8,2025-10-20
I1009102,105,1.10794507E7,2025-09-23
I1009103,861,6.034682633E7,2025-10-22
I1009104,1461,1.5262586895E8,2025-09-12
I1009105,1665,2.1854275692E8,2025-09-11
I1009106,713,7.40313129E7,2025-10-19
I1009107,1847,2.984063054E7,2025-10-04
I1009108,1736,1.5723630416E8,2025-10-09
I1009109,1700,1.4814158896E8,2025-09-29
I1009110,451,5744760.87,2025-09-27
I1009111,1757,2.584720667E8,2025-09-21
I1009112,562,6.637264468E7,2025-10-03
I1009113,1792,4.417126075E7,2025-09-29
I1009114,50,223216.2,2025-10-19
I1009115,1677,1.5323394611E8,2025-10-27
I1009116,1060,1.5020302281E8,2025-10-04
I1009117,139,7696832.87,2025-09-18
I1009118,847,4.560433481E7,2025-10-09
I1009119,871,4.851911331E7,2025-10-24
I1009120,501,7.034684553E7,2025-10-18
I1009121,1262,9.983715285E7,2025-10-10
I1009122,1581,2.133723252E8,2025-09-07
I1009123,648,7.221339473E7,2025-10-04
I1009124,398,5.204122984E7,2025-09-20
I1009125,1049,3.869517082E7,2025-09-07
I1009126,1549,1.0960633459E8,2025-10-27
I1009127,555,9864835.58,2025-10-30
I1009128,545,7.064894681E7,2025-09-27
I1009129,1826,1.6234841078E8,2025-09-11
I1009130,1409,2.0192043419E8,2025-09-09
I1009131,871,5.712906427E7,2025-09-05
I1009132,684,9.631090385E7,2025-09-23
I1009133,145,1.072269141E7,2025-10-29
I1009134,605,1.183082245E7,2025-09-22
I1009135,1245,1.2132884167E8,2025-10-24
I1009136,1817,1.599545874E7,2025-10-09
I1009137,1192,1.6145877823E8,2025-09-07
I1009138,707,7.615291831E7,2025-09-07
I1009139,614,3855296.34,2025-09-15
I1009140,519,7.021071072E7,2025-10-16
I1009141,310,2.609006957E7,2025-09-19
I1009142,1072,6.957607261E7,2025-09-28
I1009143,965,6.421123189E7,2025-10-02
I1009144,1702,1.6615131394E8,2025-10-19
I1009145,527,7.37974184E7,2025-09-10
I1009146,1556,1.6809301625E8,2025-10-12
I1009147,1385,1.1023786375E8,2025-09-27
I1009148,1201,1.2350995282E8,2025-10-25
I1009149,213,1747787.28,2025-10-11
I1009150,215,1.512738258E7,2025-09-28
I1009151,743,3.797583685E7,2025-10-07
I1009152,649,6.441246937E7,2025-09-03
I1009153,317,9832996.75,2025-10-16
I1009154,699,5.20791622E7,2025-09-23
I1009155,1036,3.494821821E7,2025-10-16
I1009156,1207,1.3380694318E8,2025-10-12
I1009157,528,5.565958823E7,2025-09-13
I1009158,357,1.523628825E7,2025-09-24
I1009159,828,5.923811229E7,2025-10-04
I1009160,75,1723387.27,2025-10-24
I1009161,1622,2.1847811124E8,2025-10-25
I1009162,1308,1.6087409118E8,2025-10-20
I1009163,907,1.3547731776E8,2025-09-21
I1009164,815,6.302545478E7,2025-10-01
I1009165,1167,1.3948620083E8,2025-09-30
I1009166,1186,1.1181478232E8,2025-10-19
I1009167,1720,2.5786566822E8,2025-10-04
I1009168,1007,1.5028076668E8,2025-10-17
I1009169,1062,2.365887697E7,2025-09-09
I1009170,680,2.096008794E7,2025-10-23
I1009171,1340,1.7299068504E8,2025-09-23
I1009172,1462,2.0039715611E8,2025-09-23
I1009173,1648,1.5081796294E8,2025-10-26
I1009174,442,1.675009641E7,2025-10-27
I1009175,1098,8.178027704E7,2025-10-05
I1009176,60,6815594.41,2025-09-28
I1009177,105,1.246046269E7,2025-09-21
I1009178,919,6.460922016E7,2025-09-03
I1009179,1934,2.2677603106E8,2025-10-23
I1009180,398,2.887801263E7,2025-09-21
I1009181,1912,1.3058184129E8,2025-10-18
I1009182,900,1.2214323728E8,2025-09-19
I1009183,1380,6.792355195E7,2025-10-01
I1009184,748,4.96972378E7,2025-09-24
I1009185,886,2.624624867E7,2025-10-18
I1009186,612,9893233.57,2025-10-20
I1009187,875,1.2154611486E8,2025-10-20
I1009188,143,5156779.47,2025-09-02
I1009189,1934,2.626965315E8,2025-09-26
I1009190,96,6438502.33,2025-09-02
I1009191,263,3.415108662E7,2025-09-26
I1009192,1742,1.7596999408E8,2025-09-03
I1009193,379,3868024.91,2025-10-17
I1009194,721,5.584023105E7,2025-10-23
I1009195,1885,2.4151386969E8,2025-09-22
I1009196,424,6.137799987E7,2025-10-01
I1009197,1128,1.2785389071E8,2025-09-26
I1009198,875,7.371359946E7,2025-10-30
I1009199,1263,1.577991255E7,2025-10-21
I1009200,915,1.2767590759E8,2025-10-12
I1009201,636,3.340688777E7,2025-09-22
I1009202,928,4.898370727E7,2025-09-13
I1009203,1298,1.7114666089E8,2025-10-29
I1009204,1194,6.495665691E7,2025-10-12
I1009205,603,6.264386473E7,2025-10-28
I1009206,1989,1.9227001484E8,2025-10-04
I1009207,859,7.866236646E7,2025-10-16
I1009208,1464,9.44905914E7,2025-10-24
I1009209,1750,1.4817542734E8,2025-10-10
I1009210,159,1.713359401E7,2025-09-30
I1009211,1026,1.2371761147E8,2025-10-26
I1009212,1571,3.185136111E7,2025-09-26
I1009213,1709,1.446646976E8,2025-10-05
I1009214,300,3.74421886E7,2025-10-25
I1009215,297,3.230184401E7,2025-09-30
I1009216,1772,3.510345525E7,2025-10-10
I1009217,891,8.982832199E7,2025-10-13
I1009218,1969,1.6646681679E8,2025-10-25
I1009219,1849,4.790874616E7,2025-10-31
I1009220,1022,4.782539798E7,2025-09-18
I1009221,1478,4.782404757E7,2025-09-30
I1009222,1956,1.4751802896E8,2025-09-16
I1009223,1826,2.1522034172E8,2025-09-17
I1009224,1852,1.8413709502E8,2025-10-30
I1009225,1748,2.717103788E7,2025-09-07
I1009226,600,8.581513698E7,2025-09-26
I1009227,1998,2.4616636422E8,2025-10-05
I1009228,832,2.947316789E7,2025-09-07
I1009229,1733,2.736384291E7,2025-09-27
I1009230,688,1.0208292373E8,2025-09-23
I1009231,548,1.777070596E7,2025-10-26
I1009232,1168,1.656392526E7,2025-10-27
I1009233,644,6.323590204E7,2025-09-06
I1009234,429,9825819.86,2025-09-19
I1009235,369,1.396086348E7,2025-09-10
I1009236,1066,8.957050164E7,2025-10-16
I1009237,1621,5.841363513E7,2025-10-16
I1009238,653,3.751063678E7,2025-10-14
I1009239,60,7654827.91,2025-10-04
I1009240,1540,1.1739613913E8,2025-09-23
I1009241,722,9.659593009E7,2025-09-29
I1009242,1413,8.70776485E7,2025-10-14
I1009243,1746,1.7410132111E8,2025-10-06
I1009244,623,7.408365467E7,2025-09-26
I1009245,72,4480688.42,2025-10-10
I1009246,204,2.172514279E7,2025-10-04
I1009247,1132,1.2055321716E8,2025-10-08
I1009248,248,3.603455116E7,2025-10-21
I1009249,526,3.544918225E7,2025-09-12
I1009250,651,3.255604094E7,2025-09-21
I1009251,635,4.47685144E7,2025-09-30
I1009252,119,8693596.07,2025-09-25
I1009253,144,5678463.59,2025-09-10
I1009254,1864,2.0330149863E8,2025-10-05
I1009255,797,1.0271260083E8,2025-10-12
I1009256,562,2.25825445E7,2025-09-04
I1009257,1734,2.4139068272E8,2025-10-27
I1009258,1304,1.752206889E7,2025-10-17
I1009259,1603,1.2360369231E8,2025-10-22
I1009260,607,7.787602215E7,2025-09-16
I1009261,1054,4.492716826E7,2025-09-17
I1009262,1494,7.10149736E7,2025-10-13
I1009263,1686,2.0270612578E8,2025-09-29
I1009264,789,1.0045890311E8,2025-10-29
I1009265,996,1.2441543654E8,2025-10-29
I1009266,512,6.756412526E7,2025-09-02
I1009267,437,4.32313666E7,2025-10-24
I1009268,747,3.643782749E7,2025-10-27
I1009269,1640,1.5664170299E8,2025-09-04
I1009270,1593,1.3295206326E8,2025-10-04
I1009271,1726,2.4167757285E8,2025-10-13
I1009272,1224,1.5173796913E8,2025-09-16
I1009273,1453,7.742253785E7,2025-10-03
I1009274,663,9.381237205E7,2025-10-26
I1009275,123,8007736.58,2025-10-31
I1009276,1648,1.6478877394E8,2025-10-07
I1009277,940,1.34560319E8,2025-10-20
I1009278,1453,2.287849297E7,2025-10-22
I1009279,422,5.484600511E7,2025-09-21
I1009280,1824,1.2172523919E8,2025-09-11
I1009281,648,4.326752154E7,2025-10-16
I1009282,1260,1.1609199918E8,2025-10-02
I1009283,1371,4.64757868E7,2025-09-24
I1009284,766,9.718316911E7,2025-10-08
I1009285,227,3.213453939E7,2025-10-08
I1009286,1231,1.5472187474E8,2025-10-19
I1009287,1485,1.5695114066E8,2025-10-22
I1009288,936,5.511513215E7,2025-10-15
I1009289,673,2.566603083E7,2025-10-24
I1009290,178,2.422352345E7,2025-10-20
I1009291,842,7.297203144E7,2025-09-18
I1009292,1245,1.2849341369E8,2025-09-17
I1009293,276,2.950650182E7,2025-09-13
I1009294,1516,1.4399793033E8,2025-09-11
I1009295,1281,1.1970141332E8,2025-09-13
I1009296,415,560035.55,2025-09-08
I1009297,1237,1.3488854877E8,2025-09-29
I1009298,1194,7082514.63,2025-10-27
I1009299,1890,1.3636904185E8,2025-10-03
I1009300,1182,9.684938348E7,2025-09-14
I1009301,1188,1.3066508382E8,2025-09-22
I1009302,190,2.320142121E7,2025-09-28
I1009303,1661,2.1362107586E8,2025-09-21
I1009304,1523,1.4991405605E8,2025-09-05
I1009305,1444,1.41339449E8,2025-10-13
I1009306,1552,7.338604922E7,2025-09-02
I1009307,1721,2.0033170665E8,2025-10-01
I1009308,1810,1.363868938E7,2025-09-04
I1009309,223,1.904285052E7,2025-09-25
I1009310,417,9022269.98,2025-10-04
I1009311,792,1.577793916E7,2025-10-01
I1009312,1714,1.1330078969E8,2025-10-25
I1009313,747,4.927095272E7,2025-09-12
I1009314,562,5154291.88,2025-09-15
I1009315,1165,2.308672886E7,2025-09-23
I1009316,1794,5.482249705E7,2025-10-30
I1009317,775,1.999302736E7,2025-10-06
I1009318,1324,1.5078810187E8,2025-09-27
I1009319,126,9700112.3,2025-10-11
I1009320,538,3.393672629E7,2025-10-22
I1009321,748,6.298481081E7,2025-09-04
I1009322,1057,4.592811711E7,2025-09-30
I1009323,1565,1.6240004733E8,2025-10-29
I1009324,1016,4.628397796E7,2025-09-24
I1009325,255,2.441510698E7,2025-10-15
I1009326,1852,2.5823962825E8,2025-10-22
I1009327,1823,1.819858992E8,2025-10-13
I1009328,681,6.550746834E7,2025-09-05
I1009329,606,2.467990639E7,2025-09-15
I1009330,281,6358900.42,2025-10-18
I1009331,819,1.128333436E7,2025-10-01
I1009332,868,1.493468393E7,2025-09-20
I1009333,925,4.798903396E7,2025-10-13
I1009334,73,2733958.11,2025-10-26
I1009335,866,3.108268051E7,2025-09-24
I1009336,1850,9.974690444E7,2025-09-22
I1009337,1758,4.842457688E7,2025-10-04
I1009338,101,300711.85,2025-10-11
I1009339,245,2.568737156E7,2025-10-03
I1009340,1653,1.6915671927E8,2025-10-27
I1009341,494,7.167035871E7,2025-09-19
I1009342,290,1.007065081E7,2025-09-16
I1009343,1109,1.2715142634E8,2025-09-28
I1009344,1395,1.4135985669E8,2025-10-29
I1009345,394,8149605.72,2025-10-16
I1009346,633,4.927930543E7,2025-09-24
I1009347,310,2.565868987E7,2025-09-12
I1009348,930,1.0883034559E8,2025-10-15
I1009349,1421,1.0640006874E8,2025-10-10
I1009350,1820,1.222220763E8,2025-10-30
I1009351,947,4.212881808E7,2025-10-20
I1009352,1804,8.032254445E7,2025-09-07
I1009353,406,2.938491111E7,2025-10-27
I1009354,1810,2.096083388E7,2025-09-11
I1009355,1307,9.053448114E7,2025-10-23
I1009356,59,6060849.85,2025-10-19
I1009357,1819,1.9467384924E8,2025-09-01
I1009358,1394,3.558270728E7,2025-09-09
I1009359,681,6.916547658E7,2025-10-18
I1009360,472,3.650551274E7,2025-10-09
I1009361,114,1.296303022E7,2025-09-20
I1009362,1494,6.925976902E7,2025-09-27
I1009363,545,3.863734067E7,2025-10-07
I1009364,408,5.543313648E7,2025-10-01
I1009365,94,1622123.15,2025-09-18
I1009366,351,3.20802538E7,2025-10-15
I1009367,1543,2.0099305788E8,2025-09-28
I1009368,1577,1.2180704392E8,2025-09-10
I1009369,581,4.424364686E7,2025-10-25
I1009370,657,6225983.66,2025-09-20
I1009371,366,5.287950923E7,2025-10-25
I1009372,1738,1.258171557E8,2025-09-02
I1009373,1255,8.89626233E7,2025-09-12
I1009374,818,5.695027533E7,2025-09-03
I1009375,588,4.591553579E7,2025-09-12
I1009376,1881,1.871860741E7,2025-10-11
I1009377,931,8.922153811E7,2025-09-13
I1009378,1138,3.69336983E7,2025-09-28
I1009379,1408,8304219.13,2025-10-17
I1009380,795,1.19017974E7,2025-10-21
I1009381,632,7.188717288E7,2025-09-18
I1009382,1104,1.635962026E8,2025-10-07
I1009383,1923,2.104067733E7,2025-10-16
I1009384,1168,1.273635758E8,2025-09-09
I1009385,1333,7.661070034E7,2025-09-09
I1009386,1976,7.073611832E7,2025-09-15
I1009387,1467,7.417713604E7,2025-10-23
I1009388,833,9.925975791E7,2025-09-16
I1009389,902,7.159905488E7,2025-10-05
I1009390,829,9.299587658E7,2025-09-03
I1009391,277,2.317702841E7,2025-09-20
I1009392,1262,1.7549158781E8,2025-09-19
I1009393,612,9757738.31,2025-10-16
I1009394,1033,1.4186728866E8,2025-10-01
I1009395,727,6.211074232E7,2025-09-03
I1009396,991,8.258662736E7,2025-10-25
I1009397,72,200115.98,2025-09-25
I1009398,967,4.476917418E7,2025-09-12
I1009399,843,4.643746936E7,2025-10-19
I1009400,1724,2.4413018394E8,2025-09-10
I1009401,1762,1.1881257596E8,2025-09-14
I1009402,710,3.640950056E7,2025-09-28
I1009403,1254,8.835603559E7,2025-09-18
I1009404,1510,1071173.47,2025-09-30
I1009405,863,2.717270953E7,2025-09-16
I1009406,1181,3.994165636E7,2025-09-25
I1009407,801,4656784.69,2025-10-06
I1009408,371,3.930550938E7,2025-10-17
I1009409,1226,5.530730499E7,2025-10-04
I1009410,1098,4.185415263E7,2025-09-07
I1009411,1422,1.5419328087E8,2025-10-09
I1009412,716,7.808590293E7,2025-10-06
I1009413,1665,2.301525698E7,2025-09-15
I1009414,1695,2.501728968E7,2025-10-28
I1009415,1438,1.588434245E8,2025-09-27
I1009416,295,5533613.01,2025-10-27
I1009417,669,6.622431574E7,2025-10-20
I1009418,1648,1.8751841827E8,2025-09-24
I1009419,745,9.545839319E7,2025-09-11
I1009420,589,3.880452343E7,2025-09-29
I1009421,338,4.721135905E7,2025-10-29
I1009422,1485,6071387.98,2025-10-06
I1009423,1342,1.792220832E7,2025-10-24
I1009424,1424,2.0739586472E8,2025-09-09
I1009425,1357,1.2996419668E8,2025-09-27
I1009426,1533,1.9577491368E8,2025-09-28
I1009427,644,6.910398039E7,2025-09-11
I1009428,473,2527342.81,2025-10-16
I1009429,1688,1.6657307772E8,2025-10-08
I1009430,1043,9.022564253E7,2025-09-24
I1009431,1789,1.8146238102E8,2025-09-10
I1009432,1486,5.305338655E7,2025-10-03
I1009433,1017,6.04763695E7,2025-09-03
I1009434,1646,2.3974386482E8,2025-10-17
I1009435,590,6.491965781E7,2025-10-11
I1009436,226,2.218985107E7,2025-09-04
I1009437,1633,1.6727029685E8,2025-10-05
I1009438,749,1.0480739403E8,2025-10-30
I1009439,844,1.1514124463E8,2025-10-24
I1009440,561,1.871900615E7,2025-10-21
I1009441,691,2.043113021E7,2025-09-13
I1009442,1071,1.1307623609E8,2025-10-28
I1009443,520,2.971879985E7,2025-09-04
I1009444,786,5.189241697E7,2025-10-15
I1009445,1278,4.603937639E7,2025-09-26
I1009446,733,1.0422773107E8,2025-10-19
I1009447,107,1.070727936E7,2025-10-03
I1009448,1710,1.9841973464E8,2025-09-03
I1009449,1170,2.430751327E7,2025-09-19
I1009450,959,4.045062054E7,2025-10-01
I1009451,784,6.157288354E7,2025-09-14
I1009452,145,3991883.41,2025-09-22
I1009453,1324,6.350701918E7,2025-10-19
I1009454,795,5.932383106E7,2025-09-10
I1009455,1441,8.902998492E7,2025-09-23
I1009456,822,7.436136427E7,2025-10-14
I1009457,849,1.686052268E7,2025-09-19
I1009458,1679,2.374144038E8,2025-10-25
I1009459,410,3.343449631E7,2025-09-30
I1009460,1134,8.064052336E7,2025-09-15
I1009461,446,3.324083967E7,2025-10-10
I1009462,1253,8.322153273E7,2025-10-08
I1009463,1368,1.5082155222E8,2025-09-27
I1009464,901,3.772109055E7,2025-09-02
I1009465,337,5318551.62,2025-10-28
I1009466,622,5.175102607E7,2025-09-07
I1009467,1541,2.1040395134E8,2025-10-06
I1009468,1161,1.2612619297E8,2025-09-25
I1009469,263,3.437496734E7,2025-10-17
I1009470,1586,1.5427671864E8,2025-09-24
I1009471,1166,6.736940612E7,2025-09-07
I1009472,1383,1.4957109884E8,2025-09-10
I1009473,172,6433743.25,2025-09-23
I1009474,661,5.706163445E7,2025-10-02
I1009475,666,8.089577514E7,2025-10-31
I1009476,516,3887267.43,2025-09-28
I1009477,1777,1.3010468004E8,2025-09-11
I1009478,1802,7.775701265E7,2025-10-08
I1009479,684,3.420095255E7,2025-10-13
I1009480,1231,1.8224179414E8,2025-09-09
I1009481,596,4.658900625E7,2025-10-26
I1009482,441,6153667.23,2025-09-23
I1009483,715,9.266804952E7,2025-09-19
I1009484,839,9722865.38,2025-10-11
I1009485,471,5.445465113E7,2025-10-17
I1009486,436,5.37830514E7,2025-10-11
I1009487,428,2.684174686E7,2025-10-21
I1009488,647,3.904370332E7,2025-10-20
I1009489,1997,2.8892398358E8,2025-10-18
I1009490,1889,1.1885548015E8,2025-09-21
I1009491,1774,2.325706762E8,2025-09-26
I1009492,1823,2.3602809949E8,2025-10-07
I1009493,1843,2.67147138E7,2025-09-15
I1009494,1191,4.329459891E7,2025-09-19
I1009495,423,6.314600169E7,2025-09-14
I1009496,110,1.501612502E7,2025-10-06
I1009497,412,4.298190951E7,2025-09-22
I1009498,783,7.964087156E7,2025-10-19
I1009499,101,1342947.67,2025-09-05
I1009500,1771,5.327193734E7,2025-09-24
I1009501,468,2028855.21,2025-10-01
I1009502,1969,2.58798154E8,2025-10-29
I1009503,1278,1.741780274E7,2025-10-10
I1009504,120,1.386538111E7,2025-10-04
I1009505,1337,1.8886042564E8,2025-10-27
I1009506,1381,3.049105654E7,2025-09-21
I1009507,1830,1.9586292844E8,2025-10-07
I1009508,1751,1.6753928856E8,2025-10-06
I1009509,515,939341.56,2025-10-28
I1009510,307,1.18168152E7,2025-09-20
I1009511,1832,1.0972866204E8,2025-10-06
I1009512,484,3.331028929E7,2025-10-12
I1009513,1253,1.7953616559E8,2025-10-09
I1009514,1912,4.821804338E7,2025-10-20
I1009515,1585,8.142526082E7,2025-10-24
I1009516,1021,8.508386005E7,2025-10-22
I1009517,272,3.290284649E7,2025-09-13
I1009518,1999,2.2204852763E8,2025-10-10
I1009519,678,2.025328366E7,2025-10-17
I1009520,180,2.412580075E7,2025-10-08
I1009521,1677,1.5982454085E8,2025-09-17
I1009522,1357,9.066885445E7,2025-09-02
I1009523,1426,1.0285140974E8,2025-09-18
I1009524,1483,9.613822009E7,2025-10-28
I1009525,1309,1.2925549524E8,2025-09-16
I1009526,1364,7.276611108E7,2025-09-16
I1009527,690,2.623484112E7,2025-09-13
I1009528,1461,4.57799677E7,2025-09-20
I1009529,1022,6.498754581E7,2025-10-05
I1009530,1302,1.2252584699E8,2025-09-08
I1009531,1497,2.1100621209E8,2025-09-18
I1009532,247,2.006047585E7,2025-09-20
I1009533,1761,1.4414584345E8,2025-09-26
I1009534,1175,1.458028213E7,2025-10-29
I1009535,2000,8.93650065E7,2025-10-25
I1009536,1330,1.8637423056E8,2025-10-29
I1009537,876,4.935328186E7,2025-09-28
I1009538,1508,1.3003458119E8,2025-10-03
I1009539,506,3.073188085E7,2025-10-08
I1009540,1570,2.228870122E7,2025-10-29
I1009541,543,5.450484092E7,2025-10-30
I1009542,745,1.668295399E7,2025-10-27
I1009543,1723,2.1886990341E8,2025-10-18
I1009544,1971,6.073879037E7,2025-10-28
I1009545,1672,1.0055862768E8,2025-10-12
I1009546,1262,1.1813283053E8,2025-09-12
I1009547,388,1.197265918E7,2025-10-22
I1009548,306,4.164019631E7,2025-09-17
I1009549,940,1.1755287131E8,2025-09-27
I1009550,515,1.220389726E7,2025-09-17
I1009551,640,3.879967926E7,2025-10-09
I1009552,105,6579118.02,2025-09-13
I1009553,1366,4.535138581E7,2025-10-15
I1009554,989,1.4088189487E8,2025-10-11
I1009555,297,1.155261063E7,2025-10-22
I1009556,1746,8.67962215E7,2025-09-21
I1009557,710,1.0417074446E8,2025-10-28
I1009558,1766,7.82796805E7,2025-09-09
I1009559,1411,9.298912312E7,2025-10-06
I1009560,450,6.07639521E7,2025-10-08
I1009561,1187,1.370807379E8,2025-10-10
I1009562,1760,1.9551817109E8,2025-10-07
I1009563,139,1.148302528E7,2025-10-22
I1009564,1525,6.920007886E7,2025-09-02
I1009565,1654,4.930961034E7,2025-09-26
I1009566,854,1.608788777E7,2025-09-22
I1009567,1704,2.0109911194E8,2025-10-30
I1009568,476,1.167257868E7,2025-10-19
I1009569,1988,3.11655551E7,2025-09-21
I1009570,1239,1.2534093821E8,2025-10-02
I1009571,441,3.537441019E7,2025-10-26
I1009572,110,1.39285097E7,2025-09-01
I1009573,1826,1.646398947E7,2025-09-28
I1009574,467,2.250790335E7,2025-10-19
I1009575,567,2746856.67,2025-10-07
I1009576,1294,1.2984460775E8,2025-10-10
I1009577,645,8.529744044E7,2025-10-04
I1009578,463,3.937199421E7,2025-10-20
I1009579,471,2811650.39,2025-09-02
I1009580,1271,2.342844201E7,2025-09-11
I1009581,1895,2.975813238E7,2025-09-27
I1009582,181,1.512861094E7,2025-10-24
I1009583,1112,7.066981166E7,2025-09-20
I1009584,244,3.416695556E7,2025-09-25
I1009585,1831,7.063826547E7,2025-10-14
I1009586,1252,1.1383978889E8,2025-09-15
I1009587,1324,1.0367915619E8,2025-09-01
I1009588,1248,1.0683354845E8,2025-10-21
I1009589,1079,8.798982483E7,2025-09-14
I1009590,1354,1.4815351564E8,2025-10-20
I1009591,1817,1.1990715606E8,2025-10-16
I1009592,1149,8.060143748E7,2025-09-04
I1009593,1629,4.241792111E7,2025-10-16
I1009594,1815,6.893468887E7,2025-09-23
I1009595,1783,2.2285528322E8,2025-10-15
I1009596,550,7.075090975E7,2025-09-21
I1009597,300,3.560653285E7,2025-10-05
I1009598,523,4.901789229E7,2025-09-26
I1009599,354,2.702853457E7,2025-10-12
I1009600,1478,2.870015488E7,2025-09-22
I1009601,1715,1.634114662E8,2025-10-01
I1009602,106,1.197582267E7,2025-09-11
I1009603,793,1775129.57,2025-09-21
I1009604,383,1.955358661E7,2025-10-19
I1009605,637,6.927954982E7,2025-10-15
I1009606,1249,1.8592035495E8,2025-09-03
I1009607,875,2.885059937E7,2025-09-23
I1009608,1703,1.031845539E8,2025-10-27
I1009609,1460,2.158966328E7,2025-09-12
I1009610,548,3.171298879E7,2025-09-09
I1009611,1223,1.5558930612E8,2025-10-31
I1009612,125,8531078.0,2025-09-05
I1009613,1534,1.2286063392E8,2025-09-11
I1009614,490,3.381434227E7,2025-09-08
I1009615,1343,1.3242672019E8,2025-09-11
I1009616,1078,1.0862995902E8,2025-10-18
I1009617,966,9.8638491E7,2025-09-23
I1009618,1704,1.8165275255E8,2025-10-09
I1009619,1658,1.7581021986E8,2025-10-16
I1009620,271,2.87817874E7,2025-10-02
I1009621,758,2.149285496E7,2025-09-03
I1009622,1297,1.0661692565E8,2025-09-24
I1009623,695,9.540454085E7,2025-09-28
I1009624,1694,1.652075116E8,2025-09-29
I1009625,1458,1.1887927076E8,2025-10-06
I1009626,1857,1.8333113303E8,2025-09-01
I1009627,816,2.233587426E7,2025-10-11
I1009628,1066,2.793673274E7,2025-09-06
I1009629,1703,2.3531816063E8,2025-10-06
I1009630,98,5376178.23,2025-10-25
I1009631,1724,1.4867714797E8,2025-10-04
I1009632,1139,1.5453637812E8,2025-09-01
I1009633,1286,5.994156087E7,2025-09-06
I1009634,1099,1.4251920545E8,2025-09-22
I1009635,1981,2.3689161231E8,2025-09-07
I1009636,459,4.307627391E7,2025-10-18
I1009637,770,4.581342507E7,2025-09-13
I1009638,242,1.487347305E7,2025-09-01
I1009639,479,6.765365889E7,2025-10-22
I1009640,1687,4.929289199E7,2025-10-01
I1009641,1492,1.3254195794E8,2025-09-20
I1009642,926,1.3243545348E8,2025-10-20
I1009643,1197,1.267288211E7,2025-09-14
I1009644,769,1166200.31,2025-10-28
I1009645,1918,2.147141144E8,2025-10-30
I1009646,539,7.570368546E7,2025-09-23
I1009647,1581,1.3695850141E8,2025-10-31
I1009648,243,6112088.01,2025-10-22
I1009649,457,4.835227595E7,2025-09-24
I1009650,411,5.208632916E7,2025-10-18
I1009651,1006,6.593158821E7,2025-09-17
I1009652,437,1.539025322E7,2025-10-24
I1009653,929,5.196173008E7,2025-09-12
I1009654,1669,7.072965825E7,2025-09-02
I1009655,1330,1.1986108579E8,2025-10-29
I1009656,924,6.165055898E7,2025-09-02
I1009657,1831,1.6225235425E8,2025-09-10
I1009658,196,1.7214612E7,2025-10-15
I1009659,330,3.616029624E7,2025-10-18
I1009660,917,9.04189635E7,2025-09-24
I1009661,313,4.51474026E7,2025-10-14
I1009662,1732,4383838.97,2025-10-10
I1009663,1264,6.992709462E7,2025-10-17
I1009664,1594,1.6204927906E8,2025-09-14
I1009665,164,1.631440466E7,2025-09-05
I1009666,381,2.262747473E7,2025-10-24
I1009667,1134,3.352700697E7,2025-10-09
I1009668,1909,2.7448655309E8,2025-09-15
I1009669,386,5371969.89,2025-09-11
I1009670,212,2.300767441E7,2025-09-14
I1009671,890,1.3099429402E8,2025-09-12
I1009672,1214,1.6639042649E8,2025-09-22
I1009673,1358,1.1475625301E8,2025-09-18
I1009674,1049,3891979.6,2025-09-18
I1009675,338,3597174.09,2025-09-01
I1009676,862,1.2565005513E8,2025-09-23
I1009677,621,1.717968528E7,2025-09-26
I1009678,1250,1.6632212837E8,2025-10-07
I1009679,86,8362560.03,2025-09-07
I1009680,1600,1.2241041465E8,2025-09-28
I1009681,1250,1.0326522349E8,2025-09-08
I1009682,894,1.1536602216E8,2025-09-01
I1009683,607,8.7231366E7,2025-10-22
I1009684,133,1.356202591E7,2025-10-17
I1009685,380,1.483349421E7,2025-10-02
I1009686,1937,1.9465224859E8,2025-09-24
I1009687,1343,4.358213332E7,2025-09-06
I1009688,1756,2.5224264873E8,2025-10-03
I1009689,547,7.57322162E7,2025-10-06
I1009690,1437,2.0801243408E8,2025-09-11
I1009691,1821,2.1527977151E8,2025-09-16
I1009692,1554,7.551950554E7,2025-09-06
I1009693,1121,2.448727128E7,2025-10-28
I1009694,278,2.641857835E7,2025-09-24
I1009695,435,1.955018185E7,2025-09-21
I1009696,967,3.884685279E7,2025-10-01
I1009697,1113,2.701595888E7,2025-10-19
I1009698,1556,1.0613844096E8,2025-10-27
I1009699,1688,7.174913084E7,2025-10-13
I1009700,864,8.256497163E7,2025-10-13
I1009701,57,5129797.63,2025-10-15
I1009702,1228,1.7557408025E8,2025-09-10
I1009703,1866,2.7324243015E8,2025-09-09
I1009704,1560,2.3278985627E8,2025-09-20
I1009705,619,4779007.5,2025-10-22
I1009706,1022,3.203059242E7,2025-09-14
I1009707,1844,1.892239871E8,2025-10-12
I1009708,1237,2.089952282E7,2025-09-01
I1009709,1907,5.492731317E7,2025-09-05
I1009710,1025,9.136281224E7,2025-10-06
I1009711,120,1.344573695E7,2025-09-10
I1009712,59,5526745.45,2025-09-11
I1009713,1247,1.6542679494E8,2025-10-14
I1009714,345,4.461521208E7,2025-10-02
I1009715,792,9569068.3,2025-10-02
I1009716,928,4.626248772E7,2025-10-25
I1009717,320,2594373.47,2025-10-04
I1009718,1325,2.172634844E7,2025-10-30
I1009719,1751,1.4392628885E8,2025-09-12
I1009720,735,2.938311676E7,2025-09-07
I1009721,406,4.586710041E7,2025-09-27
I1009722,613,8.531759793E7,2025-10-18
I1009723,845,2.279314437E7,2025-09-03
I1009724,497,5.533275308E7,2025-10-27
I1009725,51,5768295.31,2025-09-17
I1009726,374,2.714070842E7,2025-10-06
I1009727,673,5.63806654E7,2025-09-01
I1009728,1304,7.643993856E7,2025-09-02
I1009729,1541,8.953057727E7,2025-09-24
I1009730,108,7799471.19,2025-10-25
I1009731,1755,2.1721969066E8,2025-10-22
I1009732,1205,6.374578819E7,2025-09-21
I1009733,1121,1.1962172502E8,2025-09-20
I1009734,538,2.126739988E7,2025-09-29
I1009735,73,6119335.8,2025-10-02
I1009736,1728,1.4480683428E8,2025-09-08
I1009737,1657,9.426541875E7,2025-10-01
I1009738,643,5.303396847E7,2025-09-27
I1009739,125,2236628.51,2025-09-11
I1009740,1901,2.5578879576E8,2025-09-12
I1009741,1271,9.720383611E7,2025-09-27
I1009742,1974,5.853570581E7,2025-09-30
I1009743,929,5.003293565E7,2025-10-10
I1009744,231,1.885721472E7,2025-09-17
I1009745,1047,8.233948305E7,2025-10-13
I1009746,997,1.519009185E7,2025-09-21
I1009747,1788,1.3293368946E8,2025-10-03
I1009748,930,2.19951674E7,2025-10-18
I1009749,226,2.250040602E7,2025-09-26
I1009750,1935,2.2319117931E8,2025-09-29
I1009751,234,2.18522529E7,2025-10-05
I1009752,1008,1.4914177519E8,2025-10-04
I1009753,1164,1.5774056457E8,2025-09-13
I1009754,178,8930159.53,2025-09-04
I1009755,90,4087293.95,2025-10-04
I1009756,471,9870116.62,2025-10-29
I1009757,678,1.778772594E7,2025-10-23
I1009758,436,5289422.48,2025-10-08
I1009759,1116,2.068061214E7,2025-09-11
I1009760,1761,1.1675907438E8,2025-09-19
I1009761,965,7.353237863E7,2025-10-21
I1009762,358,4.601872916E7,2025-10-06
I1009763,774,7.892959904E7,2025-09-01
I1009764,720,1.0584118573E8,2025-09-06
I1009765,703,7630151.15,2025-10-17
I1009766,130,320434.16,2025-09-29
I1009767,394,9849394.21,2025-10-28
I1009768,1220,7.694139814E7,2025-10-08
I1009769,863,3.340650745E7,2025-10-06
I1009770,356,4681466.39,2025-09-20
I1009771,915,2.336932724E7,2025-09-09
I1009772,322,1.335796654E7,2025-10-03
I1009773,1575,4.89580855E7,2025-09-19
I1009774,1628,7.93983049E7,2025-10-10
I1009775,684,3.460046387E7,2025-10-19
I1009776,236,1.130266726E7,2025-09-17
I1009777,1025,2.547083875E7,2025-09-10
I1009778,56,7087713.0,2025-09-20
I1009779,546,6.86903671E7,2025-09-13
I1009780,75,4693810.54,2025-09-24
I1009781,1877,2.6554218859E8,2025-09-11
I1009782,117,1.601627442E7,2025-10-26
I1009783,1485,5.978485686E7,2025-10-12
I1009784,186,2.688372678E7,2025-10-08
I1009785,1501,5.807412215E7,2025-10-03
I1009786,1167,1.389434783E8,2025-09-29
I1009787,235,2.135245231E7,2025-10-05
I1009788,979,5.345514292E7,2025-10-03
I1009789,914,1.2299685345E8,2025-09-10
I1009790,913,3.226347534E7,2025-09-08
I1009791,207,2.419695159E7,2025-10-06
I1009792,1987,8.744601672E7,2025-10-22
I1009793,927,1.200739476E7,2025-09-29
I1009794,397,3.498679863E7,2025-10-11
I1009795,1586,3.284722054E7,2025-10-10
I1009796,817,5.103092905E7,2025-09-16
I1009797,460,6.05052443E7,2025-10-11
I1009798,316,3.966857498E7,2025-10-30
I1009799,850,3.331679174E7,2025-10-11
I1009800,109,4002315.51,2025-10-13
I1009801,1013,1.0933526696E8,2025-10-20
I1009802,535,1377434.37,2025-09-10
I1009803,836,1.037185304E7,2025-09-24
I1009804,1888,2.5583218068E8,2025-10-26
I1009805,452,1225118.69,2025-09-19
I1009806,1933,1.6323005347E8,2025-10-24
I1009807,427,6.39358894E7,2025-10-26
I1009808,1751,2.3918520247E8,2025-09-16
I1009809,574,4.345939597E7,2025-09-14
I1009810,682,4.106115737E7,2025-10-01
I1009811,255,8751992.1,2025-10-04
I1009812,1225,2.8431651E7,2025-09-23
I1009813,179,2.214971727E7,2025-10-29
I1009814,894,4.988209782E7,2025-10-19
I1009815,1555,4.304112799E7,2025-10-12
I1009816,160,1.286966539E7,2025-10-28
I1009817,1363,1.5023748887E8,2025-10-31
I1009818,118,6046646.47,2025-09-13
I1009819,1568,2.948270796E7,2025-10-23
I1009820,1059,4.657176513E7,2025-10-24
I1009821,1738,9.319064523E7,2025-09-27
I1009822,1014,1.0514206453E8,2025-10-04
I1009823,1969,2.8516521711E8,2025-10-03
I1009824,1758,2.897179229E7,2025-09-03
I1009825,1780,3.748359574E7,2025-10-28
I1009826,1424,1.163710556E7,2025-09-09
I1009827,652,4386073.39,2025-09-13
I1009828,1870,1.4765648679E8,2025-10-16
I1009829,1487,1.8949225022E8,2025-09-07
I1009830,549,1.83102401E7,2025-09-05
I1009831,1377,1.6276584075E8,2025-10-08
I1009832,1035,1.2091358835E8,2025-10-09
I1009833,428,5.239886916E7,2025-09-09
I1009834,363,3.949822881E7,2025-10-10
I1009835,1964,1.4763246717E8,2025-09-03
I1009836,1282,9.987664262E7,2025-10-19
I1009837,1928,2.3867268125E8,2025-09-23
I1009838,1598,1.0397610672E8,2025-09-26
I1009839,474,5.500627021E7,2025-09-16
I1009840,284,3.968292136E7,2025-09-27
I1009841,311,2659386.4,2025-09-23
I1009842,998,5.215649456E7,2025-10-19
I1009843,231,2.714670832E7,2025-09-13
I1009844,75,7759165.29,2025-09-06
I1009845,388,3.153374082E7,2025-10-27
I1009846,1527,6.34842536E7,2025-09-24
I1009847,1007,7.630847565E7,2025-09-13
I1009848,245,2.574965449E7,2025-09-08
I1009849,1963,3.143430988E7,2025-09-13
I1009850,945,1.019858656E8,2025-10-21
I1009851,1384,1.0841260857E8,2025-10-05
I1009852,1893,2.1459804542E8,2025-09-01
I1009853,1923,1.341143346E7,2025-09-18
I1009854,808,6.535731903E7,2025-09-11
I1009855,752,3.17753583E7,2025-09-24
I1009856,440,4.197361395E7,2025-10-02
I1009857,615,8.9239883E7,2025-10-08
I1009858,1673,2.3331926014E8,2025-09-09
I1009859,1712,1.080570254E8,2025-10-08
I1009860,594,7.664982561E7,2025-09-06
I1009861,1583,1.582472748E8,2025-09-17
I1009862,65,3083598.82,2025-09-05
I1009863,1495,1.7847502024E8,2025-09-19
I1009864,180,9372629.35,2025-09-05
I1009865,507,1.210591497E7,2025-09-20
I1009866,820,6.579644098E7,2025-09-06
I1009867,1534,1.73132277E8,2025-10-20
I1009868,1129,6.458748156E7,2025-10-16
I1009869,617,5.820798E7,2025-09-29
I1009870,1536,1.39249954E7,2025-09-18
I1009871,1917,2.785367355E7,2025-09-21
I1009872,1708,9735876.23,2025-09-05
I1009873,1542,2.0203946476E8,2025-09-18
I1009874,837,1.0721315177E8,2025-09-19
I1009875,450,3.648182391E7,2025-10-19
I1009876,1956,3.683711554E7,2025-10-22
I1009877,587,4.412291752E7,2025-10-20
I1009878,275,2.463229827E7,2025-09-08
I1009879,561,4.924640022E7,2025-09-02
I1009880,70,8343309.1,2025-10-04
I1009881,774,6.128124458E7,2025-09-21
I1009882,1475,1.8394000132E8,2025-10-26
I1009883,1755,1.9594804976E8,2025-10-23
I1009884,263,1.319942276E7,2025-10-16
I1009885,588,5.486326491E7,2025-10-10
I1009886,303,3.517484475E7,2025-09-18
I1009887,543,6.213470713E7,2025-10-21
I1009888,752,6.749607762E7,2025-09-17
I1009889,1369,1.8592394023E8,2025-10-02
I1009890,1305,1.892755328E7,2025-10-17
I1009891,180,2.534689949E7,2025-09-10
I1009892,838,7789836.8,2025-10-25
I1009893,1942,2.5788508492E8,2025-09-27
I1009894,198,6690318.72,2025-10-03
I1009895,534,4.609854325E7,2025-09-21
I1009896,1590,5.967339233E7,2025-09-12
I1009897,697,9.055460706E7,2025-10-21
I1009898,148,2.213963189E7,2025-09-11
I1009899,1439,1.3533657595E8,2025-10-21
I1009900,746,8.070510858E7,2025-09-29
I1009901,81,4287477.81,2025-10-10
I1009902,917,9.495152509E7,2025-09-21
I1009903,414,1.711094794E7,2025-10-21
I1009904,652,3.87017449E7,2025-10-03
I1009905,1949,2.5563428858E8,2025-10-23
I1009906,847,1.080486899E8,2025-10-20
I1009907,68,5970256.08,2025-09-24
I1009908,1321,1.646016646E8,2025-10-07
I1009909,637,9.4103113E7,2025-10-10
I1009910,1241,7.020263635E7,2025-10-24
I1009911,937,1.0396288596E8,2025-10-01
I1009912,1192,9.624069816E7,2025-09-16
I1009913,598,5213516.26,2025-10-24
I1009914,214,9794799.74,2025-09-03
I1009915,269,1.15020048E7,2025-10-19
I1009916,257,8292416.4,2025-10-03
I1009917,1113,5581476.0,2025-10-29
I1009918,1422,1.2088590824E8,2025-10-05
I1009919,1978,9.666314801E7,2025-09-06
I1009920,946,5.582685644E7,2025-10-09
I1009921,657,5.314621014E7,2025-09-21
I1009922,177,1860596.86,2025-10-17
I1009923,109,5408014.73,2025-10-29
I1009924,1228,1.4860256731E8,2025-10-18
I1009925,1111,3.439322963E7,2025-09-16
I1009926,1206,1.5192263597E8,2025-09-12
I1009927,361,2.403262268E7,2025-10-04
I1009928,811,1.1791079593E8,2025-10-01
I1009929,1108,1.6486427038E8,2025-10-27
I1009930,1714,4.1421169E7,2025-09-28
I1009931,870,8.314575112E7,2025-10-18
I1009932,1083,4.472048693E7,2025-09-16
I1009933,1915,2.3114639566E8,2025-09-17
I1009934,1300,6843950.12,2025-09-19
I1009935,1767,1.3211802284E8,2025-10-20
I1009936,1831,2.210424483E8,2025-09-19
I1009937,745,2.790773325E7,2025-09-30
I1009938,1777,8.794388134E7,2025-09-22
I1009939,1346,2.309245155E7,2025-10-13
I1009940,143,1.204593545E7,2025-09-07
I1009941,1748,1.3460536351E8,2025-10-14
I1009942,160,1.795383129E7,2025-09-29
I1009943,149,1.294363204E7,2025-10-07
I1009944,999,1.424901378E7,2025-10-09
I1009945,1744,1.059964989E8,2025-09-25
I1009946,1908,1.2007470237E8,2025-09-15
I1009947,544,9324401.21,2025-10-26
I1009948,1391,1.29394956E7,2025-09-27
I1009949,1202,6.733344878E7,2025-09-17
I1009950,753,5.531288775E7,2025-09-21
I1009951,1748,2.128295738E8,2025-09-29
I1009952,1560,7.850124809E7,2025-09-18
I1009953,367,4.767354999E7,2025-09-05
I1009954,542,6.086482277E7,2025-09-19
I1009955,449,4.417829348E7,2025-09-22
I1009956,319,3.575380671E7,2025-10-03
I1009957,572,6.618675032E7,2025-10-12
I1009958,850,3.821135443E7,2025-10-01
I1009959,1993,1.4904711918E8,2025-10-29
I1009960,1392,1.2523431473E8,2025-09-07
I1009961,264,3.373059653E7,2025-09-15
I1009962,1220,1.4921789641E8,2025-10-15
I1009963,1744,1.745023652E7,2025-10-24
I1009964,1894,1.9190558918E8,2025-09-02
I1009965,701,7906389.19,2025-10-08
I1009966,230,1.467639177E7,2025-10-04
I1009967,915,1.2294018447E8,2025-09-25
I1009968,1479,2.320396107E7,2025-09-06
I1009969,1516,1.701601387E7,2025-10-22
I1009970,1246,1.5752932936E8,2025-10-30
I1009971,1986,1.1544427276E8,2025-10-13
I1009972,403,1.626099909E7,2025-09-10
I1009973,512,2.131448251E7,2025-10-06
I1009974,1503,1.3021893023E8,2025-09-22
I1009975,1826,1.5363771983E8,2025-09-05
I1009976,158,1.358026435E7,2025-10-31
I1009977,386,3.893747252E7,2025-09-07
I1009978,739,3.329708783E7,2025-09-30
I1009979,1120,1.1578415853E8,2025-10-22
I1009980,1496,1.1153845771E8,2025-09-22
I1009981,807,7.358533375E7,2025-09-13
I1009982,671,6500589.35,2025-10-12
I1009983,749,7481451.62,2025-10-21
I1009984,1193,1.7721469513E8,2025-10-23
I1009985,1848,2.668166263E8,2025-09-21
I1009986,428,1.044510326E7,2025-10-26
I1009987,1386,1.6589106899E8,2025-09-30
I1009988,383,2.442810612E7,2025-09-06
I1009989,1102,1.4471333335E8,2025-10-04
I1009990,721,7.888836506E7,2025-10-05
I1009991,1427,6.007818496E7,2025-10-03
I1009992,1465,5.708411766E7,2025-10-22
I1009993,1344,1.0658919163E8,2025-09-25
I1009994,1873,2.1449293212E8,2025-09-07
I1009995,695,2.181633099E7,2025-09-24
I1009996,716,1.0732820881E8,2025-10-02
I1009997,62,3591317.73,2025-10-19
I1009998,327,4.706052637E7,2025-09-30
I1009999,396,1.340944995E7,2025-10-22
